# Blender 4.5.5 LTS
# www.blender.org
o V_Ban
v -0.917000 0.290000 0.190000
v -0.917000 -0.290000 0.190000
v -0.917000 0.290000 0.181667
v -0.917000 0.290000 0.173333
v -0.917000 -0.290000 0.173333
v -0.917000 -0.290000 0.181667
v -0.917000 -0.290000 0.187243
v -0.927000 -0.290000 0.187243
v -0.927000 0.290000 0.187243
v -0.917000 0.290000 0.187243
v -0.136800 0.290000 0.187243
v -0.230000 0.290000 0.187243
v -0.320200 0.290000 0.187243
v -0.413400 0.290000 0.187243
v -0.503600 0.290000 0.187243
v -0.596800 0.290000 0.187243
v -0.687000 0.290000 0.187243
v -0.780200 0.290000 0.187243
v -0.780200 0.290000 0.190000
v -0.687000 0.290000 0.190000
v -0.596800 0.290000 0.190000
v -0.503600 0.290000 0.190000
v -0.413400 0.290000 0.190000
v -0.320200 0.290000 0.190000
v -0.230000 0.290000 0.190000
v -0.136800 0.290000 0.190000
v -0.687000 -0.290000 0.190000
v -0.780200 -0.290000 0.190000
v -0.503600 -0.290000 0.190000
v -0.596800 -0.290000 0.190000
v -0.320200 -0.290000 0.190000
v -0.413400 -0.290000 0.190000
v -0.136800 -0.290000 0.190000
v -0.230000 -0.290000 0.190000
v -0.780200 -0.290000 0.187243
v -0.687000 -0.290000 0.187243
v -0.596800 -0.290000 0.187243
v -0.503600 -0.290000 0.187243
v -0.413400 -0.290000 0.187243
v -0.320200 -0.290000 0.187243
v -0.230000 -0.290000 0.187243
v -0.136800 -0.290000 0.187243
v -0.705640 -0.290000 0.190000
v -0.761560 -0.290000 0.190000
v -0.761560 -0.290000 0.165000
v -0.705640 -0.290000 0.165000
v -0.705640 0.290000 0.165000
v -0.761560 0.290000 0.165000
v -0.705640 0.290000 0.190000
v -0.761560 0.290000 0.190000
v -0.522240 0.290000 0.190000
v -0.578160 0.290000 0.190000
v -0.578160 0.290000 0.165000
v -0.522240 0.290000 0.165000
v -0.522240 -0.290000 0.165000
v -0.578160 -0.290000 0.165000
v -0.578160 -0.290000 0.190000
v -0.522240 -0.290000 0.190000
v -0.338840 0.290000 0.190000
v -0.394760 0.290000 0.190000
v -0.394760 0.290000 0.165000
v -0.338840 0.290000 0.165000
v -0.338840 -0.290000 0.165000
v -0.394760 -0.290000 0.165000
v -0.394760 -0.290000 0.190000
v -0.338840 -0.290000 0.190000
v -0.155440 0.290000 0.190000
v -0.211360 0.290000 0.190000
v -0.211360 0.290000 0.165000
v -0.155440 0.290000 0.165000
v -0.155440 -0.290000 0.165000
v -0.211360 -0.290000 0.165000
v -0.211360 -0.290000 0.190000
v -0.155440 -0.290000 0.190000
v -0.922000 0.290000 0.165000
v -0.922000 -0.290000 0.165000
v -0.922000 0.290000 0.190000
v -0.922000 -0.290000 0.190000
v -0.922000 -0.290000 0.181667
v -0.922000 -0.290000 0.173333
v -0.922000 0.290000 0.181667
v -0.922000 0.290000 0.173333
v -0.922000 0.290000 0.187243
v -0.922000 -0.290000 0.187243
v -0.925531 0.290000 0.165000
v -0.927000 0.290000 0.166469
v -0.926570 0.290000 0.165430
v -0.927000 -0.290000 0.166469
v -0.925531 -0.290000 0.165000
v -0.926570 -0.290000 0.165430
v -0.925531 -0.290000 0.190000
v -0.927000 -0.290000 0.188531
v -0.926570 -0.290000 0.189570
v -0.927000 0.290000 0.188531
v -0.925531 0.290000 0.190000
v -0.926570 0.290000 0.189570
v -0.917000 0.290000 0.166469
v -0.918469 0.290000 0.165000
v -0.917430 0.290000 0.165430
v -0.918469 -0.290000 0.165000
v -0.917000 -0.290000 0.166469
v -0.917430 -0.290000 0.165430
v -0.927000 -0.290000 0.183136
v -0.925531 -0.290000 0.181667
v -0.926570 -0.290000 0.182097
v -0.925531 -0.290000 0.173333
v -0.927000 -0.290000 0.171864
v -0.926570 -0.290000 0.172903
v -0.925531 0.290000 0.181667
v -0.927000 0.290000 0.183136
v -0.926570 0.290000 0.182097
v -0.927000 0.290000 0.171864
v -0.925531 0.290000 0.173333
v -0.926570 0.290000 0.172903
v -0.050000 0.290000 0.190000
v -0.050000 -0.290000 0.190000
v -0.050000 0.290000 0.187243
v -0.050000 -0.290000 0.187243
v -0.030000 0.290000 0.190000
v -0.030000 -0.290000 0.190000
v -0.030000 0.290000 0.165000
v -0.030000 -0.290000 0.165000
v -0.009364 -0.290000 0.175000
v -0.010636 -0.290000 0.165000
v -0.010636 -0.290000 0.190000
v -0.009364 -0.290000 0.190000
v -0.010636 0.290000 0.165000
v -0.009364 0.290000 0.175000
v -0.009364 0.290000 0.190000
v -0.010636 0.290000 0.190000
v -0.192084 -0.290000 0.190000
v -0.193356 -0.290000 0.190000
v -0.173444 -0.290000 0.190000
v -0.174716 -0.290000 0.190000
v -0.174716 0.290000 0.190000
v -0.173444 0.290000 0.190000
v -0.193356 0.290000 0.190000
v -0.192084 0.290000 0.190000
v -0.192084 0.290000 0.175000
v -0.193356 0.290000 0.165000
v -0.173444 0.290000 0.165000
v -0.174716 0.290000 0.175000
v -0.174716 -0.290000 0.175000
v -0.173444 -0.290000 0.165000
v -0.193356 -0.290000 0.165000
v -0.192084 -0.290000 0.175000
v -0.375484 -0.290000 0.190000
v -0.376756 -0.290000 0.190000
v -0.356844 -0.290000 0.190000
v -0.358116 -0.290000 0.190000
v -0.358115 0.290000 0.190000
v -0.356844 0.290000 0.190000
v -0.376756 0.290000 0.190000
v -0.375484 0.290000 0.190000
v -0.375484 0.290000 0.175000
v -0.376756 0.290000 0.165000
v -0.356844 0.290000 0.165000
v -0.358116 0.290000 0.175000
v -0.358115 -0.290000 0.175000
v -0.356844 -0.290000 0.165000
v -0.376756 -0.290000 0.165000
v -0.375484 -0.290000 0.175000
v -0.558884 -0.290000 0.190000
v -0.560156 -0.290000 0.190000
v -0.540244 -0.290000 0.190000
v -0.541516 -0.290000 0.190000
v -0.541516 0.290000 0.190000
v -0.540244 0.290000 0.190000
v -0.560156 0.290000 0.190000
v -0.558884 0.290000 0.190000
v -0.558884 0.290000 0.175000
v -0.560156 0.290000 0.165000
v -0.540244 0.290000 0.165000
v -0.541516 0.290000 0.175000
v -0.541516 -0.290000 0.175000
v -0.540244 -0.290000 0.165000
v -0.560156 -0.290000 0.165000
v -0.558884 -0.290000 0.175000
v -0.724916 -0.290000 0.190000
v -0.723644 -0.290000 0.190000
v -0.743555 -0.290000 0.190000
v -0.742284 -0.290000 0.190000
v -0.742284 -0.290000 0.175000
v -0.743555 -0.290000 0.165000
v -0.723644 -0.290000 0.165000
v -0.724916 -0.290000 0.175000
v -0.724916 0.290000 0.190000
v -0.723644 0.290000 0.190000
v -0.743555 0.290000 0.190000
v -0.742284 0.290000 0.190000
v -0.724916 0.290000 0.175000
v -0.723644 0.290000 0.165000
v -0.743555 0.290000 0.165000
v -0.742284 0.290000 0.175000
v 0.000000 -0.290000 0.190000
v 0.000000 -0.290000 0.175000
v 0.000000 0.290000 0.175000
v 0.000000 0.290000 0.190000
v 0.917000 0.290000 0.190000
v 0.917000 -0.290000 0.190000
v 0.917000 0.290000 0.181667
v 0.917000 0.290000 0.173333
v 0.917000 -0.290000 0.173333
v 0.917000 -0.290000 0.181667
v 0.917000 -0.290000 0.187243
v 0.927000 -0.290000 0.187243
v 0.927000 0.290000 0.187243
v 0.917000 0.290000 0.187243
v 0.136800 0.290000 0.187243
v 0.230000 0.290000 0.187243
v 0.320200 0.290000 0.187243
v 0.413400 0.290000 0.187243
v 0.503600 0.290000 0.187243
v 0.596800 0.290000 0.187243
v 0.687000 0.290000 0.187243
v 0.780200 0.290000 0.187243
v 0.780200 0.290000 0.190000
v 0.687000 0.290000 0.190000
v 0.596800 0.290000 0.190000
v 0.503600 0.290000 0.190000
v 0.413400 0.290000 0.190000
v 0.320200 0.290000 0.190000
v 0.230000 0.290000 0.190000
v 0.136800 0.290000 0.190000
v 0.687000 -0.290000 0.190000
v 0.780200 -0.290000 0.190000
v 0.503600 -0.290000 0.190000
v 0.596800 -0.290000 0.190000
v 0.320200 -0.290000 0.190000
v 0.413400 -0.290000 0.190000
v 0.136800 -0.290000 0.190000
v 0.230000 -0.290000 0.190000
v 0.780200 -0.290000 0.187243
v 0.687000 -0.290000 0.187243
v 0.596800 -0.290000 0.187243
v 0.503600 -0.290000 0.187243
v 0.413400 -0.290000 0.187243
v 0.320200 -0.290000 0.187243
v 0.230000 -0.290000 0.187243
v 0.136800 -0.290000 0.187243
v 0.705640 -0.290000 0.190000
v 0.761560 -0.290000 0.190000
v 0.761560 -0.290000 0.165000
v 0.705640 -0.290000 0.165000
v 0.705640 0.290000 0.165000
v 0.761560 0.290000 0.165000
v 0.705640 0.290000 0.190000
v 0.761560 0.290000 0.190000
v 0.522240 0.290000 0.190000
v 0.578160 0.290000 0.190000
v 0.578160 0.290000 0.165000
v 0.522240 0.290000 0.165000
v 0.522240 -0.290000 0.165000
v 0.578160 -0.290000 0.165000
v 0.578160 -0.290000 0.190000
v 0.522240 -0.290000 0.190000
v 0.338840 0.290000 0.190000
v 0.394760 0.290000 0.190000
v 0.394760 0.290000 0.165000
v 0.338840 0.290000 0.165000
v 0.338840 -0.290000 0.165000
v 0.394760 -0.290000 0.165000
v 0.394760 -0.290000 0.190000
v 0.338840 -0.290000 0.190000
v 0.155440 0.290000 0.190000
v 0.211360 0.290000 0.190000
v 0.211360 0.290000 0.165000
v 0.155440 0.290000 0.165000
v 0.155440 -0.290000 0.165000
v 0.211360 -0.290000 0.165000
v 0.211360 -0.290000 0.190000
v 0.155440 -0.290000 0.190000
v 0.922000 0.290000 0.165000
v 0.922000 -0.290000 0.165000
v 0.922000 0.290000 0.190000
v 0.922000 -0.290000 0.190000
v 0.922000 -0.290000 0.181667
v 0.922000 -0.290000 0.173333
v 0.922000 0.290000 0.181667
v 0.922000 0.290000 0.173333
v 0.922000 0.290000 0.187243
v 0.922000 -0.290000 0.187243
v 0.925531 0.290000 0.165000
v 0.927000 0.290000 0.166469
v 0.926570 0.290000 0.165430
v 0.927000 -0.290000 0.166469
v 0.925531 -0.290000 0.165000
v 0.926570 -0.290000 0.165430
v 0.925531 -0.290000 0.190000
v 0.927000 -0.290000 0.188531
v 0.926570 -0.290000 0.189570
v 0.927000 0.290000 0.188531
v 0.925531 0.290000 0.190000
v 0.926570 0.290000 0.189570
v 0.917000 0.290000 0.166469
v 0.918469 0.290000 0.165000
v 0.917430 0.290000 0.165430
v 0.918469 -0.290000 0.165000
v 0.917000 -0.290000 0.166469
v 0.917430 -0.290000 0.165430
v 0.927000 -0.290000 0.183136
v 0.925531 -0.290000 0.181667
v 0.926570 -0.290000 0.182097
v 0.925531 -0.290000 0.173333
v 0.927000 -0.290000 0.171864
v 0.926570 -0.290000 0.172903
v 0.925531 0.290000 0.181667
v 0.927000 0.290000 0.183136
v 0.926570 0.290000 0.182097
v 0.927000 0.290000 0.171864
v 0.925531 0.290000 0.173333
v 0.926570 0.290000 0.172903
v 0.050000 0.290000 0.190000
v 0.050000 -0.290000 0.190000
v 0.050000 0.290000 0.187243
v 0.050000 -0.290000 0.187243
v 0.030000 0.290000 0.190000
v 0.030000 -0.290000 0.190000
v 0.030000 0.290000 0.165000
v 0.030000 -0.290000 0.165000
v 0.009364 -0.290000 0.175000
v 0.010636 -0.290000 0.165000
v 0.010636 -0.290000 0.190000
v 0.009364 -0.290000 0.190000
v 0.010636 0.290000 0.165000
v 0.009364 0.290000 0.175000
v 0.009364 0.290000 0.190000
v 0.010636 0.290000 0.190000
v 0.192084 -0.290000 0.190000
v 0.193356 -0.290000 0.190000
v 0.173444 -0.290000 0.190000
v 0.174716 -0.290000 0.190000
v 0.174716 0.290000 0.190000
v 0.173444 0.290000 0.190000
v 0.193356 0.290000 0.190000
v 0.192084 0.290000 0.190000
v 0.192084 0.290000 0.175000
v 0.193356 0.290000 0.165000
v 0.173444 0.290000 0.165000
v 0.174716 0.290000 0.175000
v 0.174716 -0.290000 0.175000
v 0.173444 -0.290000 0.165000
v 0.193356 -0.290000 0.165000
v 0.192084 -0.290000 0.175000
v 0.375484 -0.290000 0.190000
v 0.376756 -0.290000 0.190000
v 0.356844 -0.290000 0.190000
v 0.358116 -0.290000 0.190000
v 0.358115 0.290000 0.190000
v 0.356844 0.290000 0.190000
v 0.376756 0.290000 0.190000
v 0.375484 0.290000 0.190000
v 0.375484 0.290000 0.175000
v 0.376756 0.290000 0.165000
v 0.356844 0.290000 0.165000
v 0.358116 0.290000 0.175000
v 0.358115 -0.290000 0.175000
v 0.356844 -0.290000 0.165000
v 0.376756 -0.290000 0.165000
v 0.375484 -0.290000 0.175000
v 0.558884 -0.290000 0.190000
v 0.560156 -0.290000 0.190000
v 0.540244 -0.290000 0.190000
v 0.541516 -0.290000 0.190000
v 0.541516 0.290000 0.190000
v 0.540244 0.290000 0.190000
v 0.560156 0.290000 0.190000
v 0.558884 0.290000 0.190000
v 0.558884 0.290000 0.175000
v 0.560156 0.290000 0.165000
v 0.540244 0.290000 0.165000
v 0.541516 0.290000 0.175000
v 0.541516 -0.290000 0.175000
v 0.540244 -0.290000 0.165000
v 0.560156 -0.290000 0.165000
v 0.558884 -0.290000 0.175000
v 0.724916 -0.290000 0.190000
v 0.723644 -0.290000 0.190000
v 0.743555 -0.290000 0.190000
v 0.742284 -0.290000 0.190000
v 0.742284 -0.290000 0.175000
v 0.743555 -0.290000 0.165000
v 0.723644 -0.290000 0.165000
v 0.724916 -0.290000 0.175000
v 0.724916 0.290000 0.190000
v 0.723644 0.290000 0.190000
v 0.743555 0.290000 0.190000
v 0.742284 0.290000 0.190000
v 0.724916 0.290000 0.175000
v 0.723644 0.290000 0.165000
v 0.743555 0.290000 0.165000
v 0.742284 0.290000 0.175000
v -0.917000 0.290000 0.793000
v -0.917000 -0.290000 0.793000
v -0.917000 0.290000 0.784667
v -0.917000 0.290000 0.776333
v -0.917000 -0.290000 0.776333
v -0.917000 -0.290000 0.784667
v -0.917000 -0.290000 0.790243
v -0.927000 -0.290000 0.790243
v -0.927000 0.290000 0.790243
v -0.917000 0.290000 0.790243
v -0.136800 0.290000 0.790243
v -0.230000 0.290000 0.790243
v -0.320200 0.290000 0.790243
v -0.413400 0.290000 0.790243
v -0.503600 0.290000 0.790243
v -0.596800 0.290000 0.790243
v -0.687000 0.290000 0.790243
v -0.780200 0.290000 0.790243
v -0.780200 0.290000 0.793000
v -0.687000 0.290000 0.793000
v -0.596800 0.290000 0.793000
v -0.503600 0.290000 0.793000
v -0.413400 0.290000 0.793000
v -0.320200 0.290000 0.793000
v -0.230000 0.290000 0.793000
v -0.136800 0.290000 0.793000
v -0.687000 -0.290000 0.793000
v -0.780200 -0.290000 0.793000
v -0.503600 -0.290000 0.793000
v -0.596800 -0.290000 0.793000
v -0.320200 -0.290000 0.793000
v -0.413400 -0.290000 0.793000
v -0.136800 -0.290000 0.793000
v -0.230000 -0.290000 0.793000
v -0.780200 -0.290000 0.790243
v -0.687000 -0.290000 0.790243
v -0.596800 -0.290000 0.790243
v -0.503600 -0.290000 0.790243
v -0.413400 -0.290000 0.790243
v -0.320200 -0.290000 0.790243
v -0.230000 -0.290000 0.790243
v -0.136800 -0.290000 0.790243
v -0.705640 -0.290000 0.793000
v -0.761560 -0.290000 0.793000
v -0.761560 -0.290000 0.768000
v -0.705640 -0.290000 0.768000
v -0.705640 0.290000 0.768000
v -0.761560 0.290000 0.768000
v -0.705640 0.290000 0.793000
v -0.761560 0.290000 0.793000
v -0.522240 0.290000 0.793000
v -0.578160 0.290000 0.793000
v -0.578160 0.290000 0.768000
v -0.522240 0.290000 0.768000
v -0.522240 -0.290000 0.768000
v -0.578160 -0.290000 0.768000
v -0.578160 -0.290000 0.793000
v -0.522240 -0.290000 0.793000
v -0.338840 0.290000 0.793000
v -0.394760 0.290000 0.793000
v -0.394760 0.290000 0.768000
v -0.338840 0.290000 0.768000
v -0.338840 -0.290000 0.768000
v -0.394760 -0.290000 0.768000
v -0.394760 -0.290000 0.793000
v -0.338840 -0.290000 0.793000
v -0.155440 0.290000 0.793000
v -0.211360 0.290000 0.793000
v -0.211360 0.290000 0.768000
v -0.155440 0.290000 0.768000
v -0.155440 -0.290000 0.768000
v -0.211360 -0.290000 0.768000
v -0.211360 -0.290000 0.793000
v -0.155440 -0.290000 0.793000
v -0.922000 0.290000 0.768000
v -0.922000 -0.290000 0.768000
v -0.922000 0.290000 0.793000
v -0.922000 -0.290000 0.793000
v -0.922000 -0.290000 0.784667
v -0.922000 -0.290000 0.776333
v -0.922000 0.290000 0.784667
v -0.922000 0.290000 0.776333
v -0.922000 0.290000 0.790243
v -0.922000 -0.290000 0.790243
v -0.925531 0.290000 0.768000
v -0.927000 0.290000 0.769469
v -0.926570 0.290000 0.768430
v -0.927000 -0.290000 0.769469
v -0.925531 -0.290000 0.768000
v -0.926570 -0.290000 0.768430
v -0.925531 -0.290000 0.793000
v -0.927000 -0.290000 0.791531
v -0.926570 -0.290000 0.792570
v -0.927000 0.290000 0.791531
v -0.925531 0.290000 0.793000
v -0.926570 0.290000 0.792570
v -0.917000 0.290000 0.769469
v -0.918469 0.290000 0.768000
v -0.917430 0.290000 0.768430
v -0.918469 -0.290000 0.768000
v -0.917000 -0.290000 0.769469
v -0.917430 -0.290000 0.768430
v -0.927000 -0.290000 0.786136
v -0.925531 -0.290000 0.784667
v -0.926570 -0.290000 0.785097
v -0.925531 -0.290000 0.776333
v -0.927000 -0.290000 0.774864
v -0.926570 -0.290000 0.775903
v -0.925531 0.290000 0.784667
v -0.927000 0.290000 0.786136
v -0.926570 0.290000 0.785097
v -0.927000 0.290000 0.774864
v -0.925531 0.290000 0.776333
v -0.926570 0.290000 0.775903
v -0.050000 0.290000 0.793000
v -0.050000 -0.290000 0.793000
v -0.050000 0.290000 0.790243
v -0.050000 -0.290000 0.790243
v -0.030000 0.290000 0.793000
v -0.030000 -0.290000 0.793000
v -0.030000 0.290000 0.768000
v -0.030000 -0.290000 0.768000
v -0.009364 -0.290000 0.778000
v -0.010636 -0.290000 0.768000
v -0.010636 -0.290000 0.793000
v -0.009364 -0.290000 0.793000
v -0.010636 0.290000 0.768000
v -0.009364 0.290000 0.778000
v -0.009364 0.290000 0.793000
v -0.010636 0.290000 0.793000
v -0.192084 -0.290000 0.793000
v -0.193356 -0.290000 0.793000
v -0.173444 -0.290000 0.793000
v -0.174716 -0.290000 0.793000
v -0.174716 0.290000 0.793000
v -0.173444 0.290000 0.793000
v -0.193356 0.290000 0.793000
v -0.192084 0.290000 0.793000
v -0.192084 0.290000 0.778000
v -0.193356 0.290000 0.768000
v -0.173444 0.290000 0.768000
v -0.174716 0.290000 0.778000
v -0.174716 -0.290000 0.778000
v -0.173444 -0.290000 0.768000
v -0.193356 -0.290000 0.768000
v -0.192084 -0.290000 0.778000
v -0.375484 -0.290000 0.793000
v -0.376756 -0.290000 0.793000
v -0.356844 -0.290000 0.793000
v -0.358116 -0.290000 0.793000
v -0.358115 0.290000 0.793000
v -0.356844 0.290000 0.793000
v -0.376756 0.290000 0.793000
v -0.375484 0.290000 0.793000
v -0.375484 0.290000 0.778000
v -0.376756 0.290000 0.768000
v -0.356844 0.290000 0.768000
v -0.358116 0.290000 0.778000
v -0.358115 -0.290000 0.778000
v -0.356844 -0.290000 0.768000
v -0.376756 -0.290000 0.768000
v -0.375484 -0.290000 0.778000
v -0.558884 -0.290000 0.793000
v -0.560156 -0.290000 0.793000
v -0.540244 -0.290000 0.793000
v -0.541516 -0.290000 0.793000
v -0.541516 0.290000 0.793000
v -0.540244 0.290000 0.793000
v -0.560156 0.290000 0.793000
v -0.558884 0.290000 0.793000
v -0.558884 0.290000 0.778000
v -0.560156 0.290000 0.768000
v -0.540244 0.290000 0.768000
v -0.541516 0.290000 0.778000
v -0.541516 -0.290000 0.778000
v -0.540244 -0.290000 0.768000
v -0.560156 -0.290000 0.768000
v -0.558884 -0.290000 0.778000
v -0.724916 -0.290000 0.793000
v -0.723644 -0.290000 0.793000
v -0.743555 -0.290000 0.793000
v -0.742284 -0.290000 0.793000
v -0.742284 -0.290000 0.778000
v -0.743555 -0.290000 0.768000
v -0.723644 -0.290000 0.768000
v -0.724916 -0.290000 0.778000
v -0.724916 0.290000 0.793000
v -0.723644 0.290000 0.793000
v -0.743555 0.290000 0.793000
v -0.742284 0.290000 0.793000
v -0.724916 0.290000 0.778000
v -0.723644 0.290000 0.768000
v -0.743555 0.290000 0.768000
v -0.742284 0.290000 0.778000
v 0.000000 -0.290000 0.793000
v 0.000000 -0.290000 0.778000
v 0.000000 0.290000 0.778000
v 0.000000 0.290000 0.793000
v 0.917000 0.290000 0.793000
v 0.917000 -0.290000 0.793000
v 0.917000 0.290000 0.784667
v 0.917000 0.290000 0.776333
v 0.917000 -0.290000 0.776333
v 0.917000 -0.290000 0.784667
v 0.917000 -0.290000 0.790243
v 0.927000 -0.290000 0.790243
v 0.927000 0.290000 0.790243
v 0.917000 0.290000 0.790243
v 0.136800 0.290000 0.790243
v 0.230000 0.290000 0.790243
v 0.320200 0.290000 0.790243
v 0.413400 0.290000 0.790243
v 0.503600 0.290000 0.790243
v 0.596800 0.290000 0.790243
v 0.687000 0.290000 0.790243
v 0.780200 0.290000 0.790243
v 0.780200 0.290000 0.793000
v 0.687000 0.290000 0.793000
v 0.596800 0.290000 0.793000
v 0.503600 0.290000 0.793000
v 0.413400 0.290000 0.793000
v 0.320200 0.290000 0.793000
v 0.230000 0.290000 0.793000
v 0.136800 0.290000 0.793000
v 0.687000 -0.290000 0.793000
v 0.780200 -0.290000 0.793000
v 0.503600 -0.290000 0.793000
v 0.596800 -0.290000 0.793000
v 0.320200 -0.290000 0.793000
v 0.413400 -0.290000 0.793000
v 0.136800 -0.290000 0.793000
v 0.230000 -0.290000 0.793000
v 0.780200 -0.290000 0.790243
v 0.687000 -0.290000 0.790243
v 0.596800 -0.290000 0.790243
v 0.503600 -0.290000 0.790243
v 0.413400 -0.290000 0.790243
v 0.320200 -0.290000 0.790243
v 0.230000 -0.290000 0.790243
v 0.136800 -0.290000 0.790243
v 0.705640 -0.290000 0.793000
v 0.761560 -0.290000 0.793000
v 0.761560 -0.290000 0.768000
v 0.705640 -0.290000 0.768000
v 0.705640 0.290000 0.768000
v 0.761560 0.290000 0.768000
v 0.705640 0.290000 0.793000
v 0.761560 0.290000 0.793000
v 0.522240 0.290000 0.793000
v 0.578160 0.290000 0.793000
v 0.578160 0.290000 0.768000
v 0.522240 0.290000 0.768000
v 0.522240 -0.290000 0.768000
v 0.578160 -0.290000 0.768000
v 0.578160 -0.290000 0.793000
v 0.522240 -0.290000 0.793000
v 0.338840 0.290000 0.793000
v 0.394760 0.290000 0.793000
v 0.394760 0.290000 0.768000
v 0.338840 0.290000 0.768000
v 0.338840 -0.290000 0.768000
v 0.394760 -0.290000 0.768000
v 0.394760 -0.290000 0.793000
v 0.338840 -0.290000 0.793000
v 0.155440 0.290000 0.793000
v 0.211360 0.290000 0.793000
v 0.211360 0.290000 0.768000
v 0.155440 0.290000 0.768000
v 0.155440 -0.290000 0.768000
v 0.211360 -0.290000 0.768000
v 0.211360 -0.290000 0.793000
v 0.155440 -0.290000 0.793000
v 0.922000 0.290000 0.768000
v 0.922000 -0.290000 0.768000
v 0.922000 0.290000 0.793000
v 0.922000 -0.290000 0.793000
v 0.922000 -0.290000 0.784667
v 0.922000 -0.290000 0.776333
v 0.922000 0.290000 0.784667
v 0.922000 0.290000 0.776333
v 0.922000 0.290000 0.790243
v 0.922000 -0.290000 0.790243
v 0.925531 0.290000 0.768000
v 0.927000 0.290000 0.769469
v 0.926570 0.290000 0.768430
v 0.927000 -0.290000 0.769469
v 0.925531 -0.290000 0.768000
v 0.926570 -0.290000 0.768430
v 0.925531 -0.290000 0.793000
v 0.927000 -0.290000 0.791531
v 0.926570 -0.290000 0.792570
v 0.927000 0.290000 0.791531
v 0.925531 0.290000 0.793000
v 0.926570 0.290000 0.792570
v 0.917000 0.290000 0.769469
v 0.918469 0.290000 0.768000
v 0.917430 0.290000 0.768430
v 0.918469 -0.290000 0.768000
v 0.917000 -0.290000 0.769469
v 0.917430 -0.290000 0.768430
v 0.927000 -0.290000 0.786136
v 0.925531 -0.290000 0.784667
v 0.926570 -0.290000 0.785097
v 0.925531 -0.290000 0.776333
v 0.927000 -0.290000 0.774864
v 0.926570 -0.290000 0.775903
v 0.925531 0.290000 0.784667
v 0.927000 0.290000 0.786136
v 0.926570 0.290000 0.785097
v 0.927000 0.290000 0.774864
v 0.925531 0.290000 0.776333
v 0.926570 0.290000 0.775903
v 0.050000 0.290000 0.793000
v 0.050000 -0.290000 0.793000
v 0.050000 0.290000 0.790243
v 0.050000 -0.290000 0.790243
v 0.030000 0.290000 0.793000
v 0.030000 -0.290000 0.793000
v 0.030000 0.290000 0.768000
v 0.030000 -0.290000 0.768000
v 0.009364 -0.290000 0.778000
v 0.010636 -0.290000 0.768000
v 0.010636 -0.290000 0.793000
v 0.009364 -0.290000 0.793000
v 0.010636 0.290000 0.768000
v 0.009364 0.290000 0.778000
v 0.009364 0.290000 0.793000
v 0.010636 0.290000 0.793000
v 0.192084 -0.290000 0.793000
v 0.193356 -0.290000 0.793000
v 0.173444 -0.290000 0.793000
v 0.174716 -0.290000 0.793000
v 0.174716 0.290000 0.793000
v 0.173444 0.290000 0.793000
v 0.193356 0.290000 0.793000
v 0.192084 0.290000 0.793000
v 0.192084 0.290000 0.778000
v 0.193356 0.290000 0.768000
v 0.173444 0.290000 0.768000
v 0.174716 0.290000 0.778000
v 0.174716 -0.290000 0.778000
v 0.173444 -0.290000 0.768000
v 0.193356 -0.290000 0.768000
v 0.192084 -0.290000 0.778000
v 0.375484 -0.290000 0.793000
v 0.376756 -0.290000 0.793000
v 0.356844 -0.290000 0.793000
v 0.358116 -0.290000 0.793000
v 0.358115 0.290000 0.793000
v 0.356844 0.290000 0.793000
v 0.376756 0.290000 0.793000
v 0.375484 0.290000 0.793000
v 0.375484 0.290000 0.778000
v 0.376756 0.290000 0.768000
v 0.356844 0.290000 0.768000
v 0.358116 0.290000 0.778000
v 0.358115 -0.290000 0.778000
v 0.356844 -0.290000 0.768000
v 0.376756 -0.290000 0.768000
v 0.375484 -0.290000 0.778000
v 0.558884 -0.290000 0.793000
v 0.560156 -0.290000 0.793000
v 0.540244 -0.290000 0.793000
v 0.541516 -0.290000 0.793000
v 0.541516 0.290000 0.793000
v 0.540244 0.290000 0.793000
v 0.560156 0.290000 0.793000
v 0.558884 0.290000 0.793000
v 0.558884 0.290000 0.778000
v 0.560156 0.290000 0.768000
v 0.540244 0.290000 0.768000
v 0.541516 0.290000 0.778000
v 0.541516 -0.290000 0.778000
v 0.540244 -0.290000 0.768000
v 0.560156 -0.290000 0.768000
v 0.558884 -0.290000 0.778000
v 0.724916 -0.290000 0.793000
v 0.723644 -0.290000 0.793000
v 0.743555 -0.290000 0.793000
v 0.742284 -0.290000 0.793000
v 0.742284 -0.290000 0.778000
v 0.743555 -0.290000 0.768000
v 0.723644 -0.290000 0.768000
v 0.724916 -0.290000 0.778000
v 0.724916 0.290000 0.793000
v 0.723644 0.290000 0.793000
v 0.743555 0.290000 0.793000
v 0.742284 0.290000 0.793000
v 0.724916 0.290000 0.778000
v 0.723644 0.290000 0.768000
v 0.743555 0.290000 0.768000
v 0.742284 0.290000 0.778000
v -0.917000 0.290000 1.396000
v -0.917000 -0.290000 1.396000
v -0.917000 0.290000 1.387667
v -0.917000 0.290000 1.379333
v -0.917000 -0.290000 1.379333
v -0.917000 -0.290000 1.387667
v -0.917000 -0.290000 1.393243
v -0.927000 -0.290000 1.393243
v -0.927000 0.290000 1.393243
v -0.917000 0.290000 1.393243
v -0.136800 0.290000 1.393243
v -0.230000 0.290000 1.393243
v -0.320200 0.290000 1.393243
v -0.413400 0.290000 1.393243
v -0.503600 0.290000 1.393243
v -0.596800 0.290000 1.393243
v -0.687000 0.290000 1.393243
v -0.780200 0.290000 1.393243
v -0.780200 0.290000 1.396000
v -0.687000 0.290000 1.396000
v -0.596800 0.290000 1.396000
v -0.503600 0.290000 1.396000
v -0.413400 0.290000 1.396000
v -0.320200 0.290000 1.396000
v -0.230000 0.290000 1.396000
v -0.136800 0.290000 1.396000
v -0.687000 -0.290000 1.396000
v -0.780200 -0.290000 1.396000
v -0.503600 -0.290000 1.396000
v -0.596800 -0.290000 1.396000
v -0.320200 -0.290000 1.396000
v -0.413400 -0.290000 1.396000
v -0.136800 -0.290000 1.396000
v -0.230000 -0.290000 1.396000
v -0.780200 -0.290000 1.393243
v -0.687000 -0.290000 1.393243
v -0.596800 -0.290000 1.393243
v -0.503600 -0.290000 1.393243
v -0.413400 -0.290000 1.393243
v -0.320200 -0.290000 1.393243
v -0.230000 -0.290000 1.393243
v -0.136800 -0.290000 1.393243
v -0.705640 -0.290000 1.396000
v -0.761560 -0.290000 1.396000
v -0.761560 -0.290000 1.371000
v -0.705640 -0.290000 1.371000
v -0.705640 0.290000 1.371000
v -0.761560 0.290000 1.371000
v -0.705640 0.290000 1.396000
v -0.761560 0.290000 1.396000
v -0.522240 0.290000 1.396000
v -0.578160 0.290000 1.396000
v -0.578160 0.290000 1.371000
v -0.522240 0.290000 1.371000
v -0.522240 -0.290000 1.371000
v -0.578160 -0.290000 1.371000
v -0.578160 -0.290000 1.396000
v -0.522240 -0.290000 1.396000
v -0.338840 0.290000 1.396000
v -0.394760 0.290000 1.396000
v -0.394760 0.290000 1.371000
v -0.338840 0.290000 1.371000
v -0.338840 -0.290000 1.371000
v -0.394760 -0.290000 1.371000
v -0.394760 -0.290000 1.396000
v -0.338840 -0.290000 1.396000
v -0.155440 0.290000 1.396000
v -0.211360 0.290000 1.396000
v -0.211360 0.290000 1.371000
v -0.155440 0.290000 1.371000
v -0.155440 -0.290000 1.371000
v -0.211360 -0.290000 1.371000
v -0.211360 -0.290000 1.396000
v -0.155440 -0.290000 1.396000
v -0.922000 0.290000 1.371000
v -0.922000 -0.290000 1.371000
v -0.922000 0.290000 1.396000
v -0.922000 -0.290000 1.396000
v -0.922000 -0.290000 1.387667
v -0.922000 -0.290000 1.379333
v -0.922000 0.290000 1.387667
v -0.922000 0.290000 1.379333
v -0.922000 0.290000 1.393243
v -0.922000 -0.290000 1.393243
v -0.925531 0.290000 1.371000
v -0.927000 0.290000 1.372469
v -0.926570 0.290000 1.371430
v -0.927000 -0.290000 1.372469
v -0.925531 -0.290000 1.371000
v -0.926570 -0.290000 1.371430
v -0.925531 -0.290000 1.396000
v -0.927000 -0.290000 1.394531
v -0.926570 -0.290000 1.395570
v -0.927000 0.290000 1.394531
v -0.925531 0.290000 1.396000
v -0.926570 0.290000 1.395570
v -0.917000 0.290000 1.372469
v -0.918469 0.290000 1.371000
v -0.917430 0.290000 1.371430
v -0.918469 -0.290000 1.371000
v -0.917000 -0.290000 1.372469
v -0.917430 -0.290000 1.371430
v -0.927000 -0.290000 1.389136
v -0.925531 -0.290000 1.387667
v -0.926570 -0.290000 1.388097
v -0.925531 -0.290000 1.379333
v -0.927000 -0.290000 1.377864
v -0.926570 -0.290000 1.378903
v -0.925531 0.290000 1.387667
v -0.927000 0.290000 1.389136
v -0.926570 0.290000 1.388097
v -0.927000 0.290000 1.377864
v -0.925531 0.290000 1.379333
v -0.926570 0.290000 1.378903
v -0.050000 0.290000 1.396000
v -0.050000 -0.290000 1.396000
v -0.050000 0.290000 1.393243
v -0.050000 -0.290000 1.393243
v -0.030000 0.290000 1.396000
v -0.030000 -0.290000 1.396000
v -0.030000 0.290000 1.371000
v -0.030000 -0.290000 1.371000
v -0.009364 -0.290000 1.381000
v -0.010636 -0.290000 1.371000
v -0.010636 -0.290000 1.396000
v -0.009364 -0.290000 1.396000
v -0.010636 0.290000 1.371000
v -0.009364 0.290000 1.381000
v -0.009364 0.290000 1.396000
v -0.010636 0.290000 1.396000
v -0.192084 -0.290000 1.396000
v -0.193356 -0.290000 1.396000
v -0.173444 -0.290000 1.396000
v -0.174716 -0.290000 1.396000
v -0.174716 0.290000 1.396000
v -0.173444 0.290000 1.396000
v -0.193356 0.290000 1.396000
v -0.192084 0.290000 1.396000
v -0.192084 0.290000 1.381000
v -0.193356 0.290000 1.371000
v -0.173444 0.290000 1.371000
v -0.174716 0.290000 1.381000
v -0.174716 -0.290000 1.381000
v -0.173444 -0.290000 1.371000
v -0.193356 -0.290000 1.371000
v -0.192084 -0.290000 1.381000
v -0.375484 -0.290000 1.396000
v -0.376756 -0.290000 1.396000
v -0.356844 -0.290000 1.396000
v -0.358116 -0.290000 1.396000
v -0.358115 0.290000 1.396000
v -0.356844 0.290000 1.396000
v -0.376756 0.290000 1.396000
v -0.375484 0.290000 1.396000
v -0.375484 0.290000 1.381000
v -0.376756 0.290000 1.371000
v -0.356844 0.290000 1.371000
v -0.358116 0.290000 1.381000
v -0.358115 -0.290000 1.381000
v -0.356844 -0.290000 1.371000
v -0.376756 -0.290000 1.371000
v -0.375484 -0.290000 1.381000
v -0.558884 -0.290000 1.396000
v -0.560156 -0.290000 1.396000
v -0.540244 -0.290000 1.396000
v -0.541516 -0.290000 1.396000
v -0.541516 0.290000 1.396000
v -0.540244 0.290000 1.396000
v -0.560156 0.290000 1.396000
v -0.558884 0.290000 1.396000
v -0.558884 0.290000 1.381000
v -0.560156 0.290000 1.371000
v -0.540244 0.290000 1.371000
v -0.541516 0.290000 1.381000
v -0.541516 -0.290000 1.381000
v -0.540244 -0.290000 1.371000
v -0.560156 -0.290000 1.371000
v -0.558884 -0.290000 1.381000
v -0.724916 -0.290000 1.396000
v -0.723644 -0.290000 1.396000
v -0.743555 -0.290000 1.396000
v -0.742284 -0.290000 1.396000
v -0.742284 -0.290000 1.381000
v -0.743555 -0.290000 1.371000
v -0.723644 -0.290000 1.371000
v -0.724916 -0.290000 1.381000
v -0.724916 0.290000 1.396000
v -0.723644 0.290000 1.396000
v -0.743555 0.290000 1.396000
v -0.742284 0.290000 1.396000
v -0.724916 0.290000 1.381000
v -0.723644 0.290000 1.371000
v -0.743555 0.290000 1.371000
v -0.742284 0.290000 1.381000
v 0.000000 -0.290000 1.396000
v 0.000000 -0.290000 1.381000
v 0.000000 0.290000 1.381000
v 0.000000 0.290000 1.396000
v 0.917000 0.290000 1.396000
v 0.917000 -0.290000 1.396000
v 0.917000 0.290000 1.387667
v 0.917000 0.290000 1.379333
v 0.917000 -0.290000 1.379333
v 0.917000 -0.290000 1.387667
v 0.917000 -0.290000 1.393243
v 0.927000 -0.290000 1.393243
v 0.927000 0.290000 1.393243
v 0.917000 0.290000 1.393243
v 0.136800 0.290000 1.393243
v 0.230000 0.290000 1.393243
v 0.320200 0.290000 1.393243
v 0.413400 0.290000 1.393243
v 0.503600 0.290000 1.393243
v 0.596800 0.290000 1.393243
v 0.687000 0.290000 1.393243
v 0.780200 0.290000 1.393243
v 0.780200 0.290000 1.396000
v 0.687000 0.290000 1.396000
v 0.596800 0.290000 1.396000
v 0.503600 0.290000 1.396000
v 0.413400 0.290000 1.396000
v 0.320200 0.290000 1.396000
v 0.230000 0.290000 1.396000
v 0.136800 0.290000 1.396000
v 0.687000 -0.290000 1.396000
v 0.780200 -0.290000 1.396000
v 0.503600 -0.290000 1.396000
v 0.596800 -0.290000 1.396000
v 0.320200 -0.290000 1.396000
v 0.413400 -0.290000 1.396000
v 0.136800 -0.290000 1.396000
v 0.230000 -0.290000 1.396000
v 0.780200 -0.290000 1.393243
v 0.687000 -0.290000 1.393243
v 0.596800 -0.290000 1.393243
v 0.503600 -0.290000 1.393243
v 0.413400 -0.290000 1.393243
v 0.320200 -0.290000 1.393243
v 0.230000 -0.290000 1.393243
v 0.136800 -0.290000 1.393243
v 0.705640 -0.290000 1.396000
v 0.761560 -0.290000 1.396000
v 0.761560 -0.290000 1.371000
v 0.705640 -0.290000 1.371000
v 0.705640 0.290000 1.371000
v 0.761560 0.290000 1.371000
v 0.705640 0.290000 1.396000
v 0.761560 0.290000 1.396000
v 0.522240 0.290000 1.396000
v 0.578160 0.290000 1.396000
v 0.578160 0.290000 1.371000
v 0.522240 0.290000 1.371000
v 0.522240 -0.290000 1.371000
v 0.578160 -0.290000 1.371000
v 0.578160 -0.290000 1.396000
v 0.522240 -0.290000 1.396000
v 0.338840 0.290000 1.396000
v 0.394760 0.290000 1.396000
v 0.394760 0.290000 1.371000
v 0.338840 0.290000 1.371000
v 0.338840 -0.290000 1.371000
v 0.394760 -0.290000 1.371000
v 0.394760 -0.290000 1.396000
v 0.338840 -0.290000 1.396000
v 0.155440 0.290000 1.396000
v 0.211360 0.290000 1.396000
v 0.211360 0.290000 1.371000
v 0.155440 0.290000 1.371000
v 0.155440 -0.290000 1.371000
v 0.211360 -0.290000 1.371000
v 0.211360 -0.290000 1.396000
v 0.155440 -0.290000 1.396000
v 0.922000 0.290000 1.371000
v 0.922000 -0.290000 1.371000
v 0.922000 0.290000 1.396000
v 0.922000 -0.290000 1.396000
v 0.922000 -0.290000 1.387667
v 0.922000 -0.290000 1.379333
v 0.922000 0.290000 1.387667
v 0.922000 0.290000 1.379333
v 0.922000 0.290000 1.393243
v 0.922000 -0.290000 1.393243
v 0.925531 0.290000 1.371000
v 0.927000 0.290000 1.372469
v 0.926570 0.290000 1.371430
v 0.927000 -0.290000 1.372469
v 0.925531 -0.290000 1.371000
v 0.926570 -0.290000 1.371430
v 0.925531 -0.290000 1.396000
v 0.927000 -0.290000 1.394531
v 0.926570 -0.290000 1.395570
v 0.927000 0.290000 1.394531
v 0.925531 0.290000 1.396000
v 0.926570 0.290000 1.395570
v 0.917000 0.290000 1.372469
v 0.918469 0.290000 1.371000
v 0.917430 0.290000 1.371430
v 0.918469 -0.290000 1.371000
v 0.917000 -0.290000 1.372469
v 0.917430 -0.290000 1.371430
v 0.927000 -0.290000 1.389136
v 0.925531 -0.290000 1.387667
v 0.926570 -0.290000 1.388097
v 0.925531 -0.290000 1.379333
v 0.927000 -0.290000 1.377864
v 0.926570 -0.290000 1.378903
v 0.925531 0.290000 1.387667
v 0.927000 0.290000 1.389136
v 0.926570 0.290000 1.388097
v 0.927000 0.290000 1.377864
v 0.925531 0.290000 1.379333
v 0.926570 0.290000 1.378903
v 0.050000 0.290000 1.396000
v 0.050000 -0.290000 1.396000
v 0.050000 0.290000 1.393243
v 0.050000 -0.290000 1.393243
v 0.030000 0.290000 1.396000
v 0.030000 -0.290000 1.396000
v 0.030000 0.290000 1.371000
v 0.030000 -0.290000 1.371000
v 0.009364 -0.290000 1.381000
v 0.010636 -0.290000 1.371000
v 0.010636 -0.290000 1.396000
v 0.009364 -0.290000 1.396000
v 0.010636 0.290000 1.371000
v 0.009364 0.290000 1.381000
v 0.009364 0.290000 1.396000
v 0.010636 0.290000 1.396000
v 0.192084 -0.290000 1.396000
v 0.193356 -0.290000 1.396000
v 0.173444 -0.290000 1.396000
v 0.174716 -0.290000 1.396000
v 0.174716 0.290000 1.396000
v 0.173444 0.290000 1.396000
v 0.193356 0.290000 1.396000
v 0.192084 0.290000 1.396000
v 0.192084 0.290000 1.381000
v 0.193356 0.290000 1.371000
v 0.173444 0.290000 1.371000
v 0.174716 0.290000 1.381000
v 0.174716 -0.290000 1.381000
v 0.173444 -0.290000 1.371000
v 0.193356 -0.290000 1.371000
v 0.192084 -0.290000 1.381000
v 0.375484 -0.290000 1.396000
v 0.376756 -0.290000 1.396000
v 0.356844 -0.290000 1.396000
v 0.358116 -0.290000 1.396000
v 0.358115 0.290000 1.396000
v 0.356844 0.290000 1.396000
v 0.376756 0.290000 1.396000
v 0.375484 0.290000 1.396000
v 0.375484 0.290000 1.381000
v 0.376756 0.290000 1.371000
v 0.356844 0.290000 1.371000
v 0.358116 0.290000 1.381000
v 0.358115 -0.290000 1.381000
v 0.356844 -0.290000 1.371000
v 0.376756 -0.290000 1.371000
v 0.375484 -0.290000 1.381000
v 0.558884 -0.290000 1.396000
v 0.560156 -0.290000 1.396000
v 0.540244 -0.290000 1.396000
v 0.541516 -0.290000 1.396000
v 0.541516 0.290000 1.396000
v 0.540244 0.290000 1.396000
v 0.560156 0.290000 1.396000
v 0.558884 0.290000 1.396000
v 0.558884 0.290000 1.381000
v 0.560156 0.290000 1.371000
v 0.540244 0.290000 1.371000
v 0.541516 0.290000 1.381000
v 0.541516 -0.290000 1.381000
v 0.540244 -0.290000 1.371000
v 0.560156 -0.290000 1.371000
v 0.558884 -0.290000 1.381000
v 0.724916 -0.290000 1.396000
v 0.723644 -0.290000 1.396000
v 0.743555 -0.290000 1.396000
v 0.742284 -0.290000 1.396000
v 0.742284 -0.290000 1.381000
v 0.743555 -0.290000 1.371000
v 0.723644 -0.290000 1.371000
v 0.724916 -0.290000 1.381000
v 0.724916 0.290000 1.396000
v 0.723644 0.290000 1.396000
v 0.743555 0.290000 1.396000
v 0.742284 0.290000 1.396000
v 0.724916 0.290000 1.381000
v 0.723644 0.290000 1.371000
v 0.743555 0.290000 1.371000
v 0.742284 0.290000 1.381000
v -0.917000 0.290000 1.999000
v -0.917000 -0.290000 1.999000
v -0.917000 0.290000 1.990667
v -0.917000 0.290000 1.982333
v -0.917000 -0.290000 1.982333
v -0.917000 -0.290000 1.990667
v -0.917000 -0.290000 1.996243
v -0.927000 -0.290000 1.996243
v -0.927000 0.290000 1.996243
v -0.917000 0.290000 1.996243
v -0.136800 0.290000 1.996243
v -0.230000 0.290000 1.996243
v -0.320200 0.290000 1.996243
v -0.413400 0.290000 1.996243
v -0.503600 0.290000 1.996243
v -0.596800 0.290000 1.996243
v -0.687000 0.290000 1.996243
v -0.780200 0.290000 1.996243
v -0.780200 0.290000 1.999000
v -0.687000 0.290000 1.999000
v -0.596800 0.290000 1.999000
v -0.503600 0.290000 1.999000
v -0.413400 0.290000 1.999000
v -0.320200 0.290000 1.999000
v -0.230000 0.290000 1.999000
v -0.136800 0.290000 1.999000
v -0.687000 -0.290000 1.999000
v -0.780200 -0.290000 1.999000
v -0.503600 -0.290000 1.999000
v -0.596800 -0.290000 1.999000
v -0.320200 -0.290000 1.999000
v -0.413400 -0.290000 1.999000
v -0.136800 -0.290000 1.999000
v -0.230000 -0.290000 1.999000
v -0.780200 -0.290000 1.996243
v -0.687000 -0.290000 1.996243
v -0.596800 -0.290000 1.996243
v -0.503600 -0.290000 1.996243
v -0.413400 -0.290000 1.996243
v -0.320200 -0.290000 1.996243
v -0.230000 -0.290000 1.996243
v -0.136800 -0.290000 1.996243
v -0.705640 -0.290000 1.999000
v -0.761560 -0.290000 1.999000
v -0.761560 -0.290000 1.974000
v -0.705640 -0.290000 1.974000
v -0.705640 0.290000 1.974000
v -0.761560 0.290000 1.974000
v -0.705640 0.290000 1.999000
v -0.761560 0.290000 1.999000
v -0.522240 0.290000 1.999000
v -0.578160 0.290000 1.999000
v -0.578160 0.290000 1.974000
v -0.522240 0.290000 1.974000
v -0.522240 -0.290000 1.974000
v -0.578160 -0.290000 1.974000
v -0.578160 -0.290000 1.999000
v -0.522240 -0.290000 1.999000
v -0.338840 0.290000 1.999000
v -0.394760 0.290000 1.999000
v -0.394760 0.290000 1.974000
v -0.338840 0.290000 1.974000
v -0.338840 -0.290000 1.974000
v -0.394760 -0.290000 1.974000
v -0.394760 -0.290000 1.999000
v -0.338840 -0.290000 1.999000
v -0.155440 0.290000 1.999000
v -0.211360 0.290000 1.999000
v -0.211360 0.290000 1.974000
v -0.155440 0.290000 1.974000
v -0.155440 -0.290000 1.974000
v -0.211360 -0.290000 1.974000
v -0.211360 -0.290000 1.999000
v -0.155440 -0.290000 1.999000
v -0.922000 0.290000 1.974000
v -0.922000 -0.290000 1.974000
v -0.922000 0.290000 1.999000
v -0.922000 -0.290000 1.999000
v -0.922000 -0.290000 1.990667
v -0.922000 -0.290000 1.982333
v -0.922000 0.290000 1.990667
v -0.922000 0.290000 1.982333
v -0.922000 0.290000 1.996243
v -0.922000 -0.290000 1.996243
v -0.925531 0.290000 1.974000
v -0.927000 0.290000 1.975469
v -0.926570 0.290000 1.974430
v -0.927000 -0.290000 1.975469
v -0.925531 -0.290000 1.974000
v -0.926570 -0.290000 1.974430
v -0.925531 -0.290000 1.999000
v -0.927000 -0.290000 1.997531
v -0.926570 -0.290000 1.998570
v -0.927000 0.290000 1.997531
v -0.925531 0.290000 1.999000
v -0.926570 0.290000 1.998570
v -0.917000 0.290000 1.975469
v -0.918469 0.290000 1.974000
v -0.917430 0.290000 1.974430
v -0.918469 -0.290000 1.974000
v -0.917000 -0.290000 1.975469
v -0.917430 -0.290000 1.974430
v -0.927000 -0.290000 1.992136
v -0.925531 -0.290000 1.990667
v -0.926570 -0.290000 1.991097
v -0.925531 -0.290000 1.982333
v -0.927000 -0.290000 1.980864
v -0.926570 -0.290000 1.981903
v -0.925531 0.290000 1.990667
v -0.927000 0.290000 1.992136
v -0.926570 0.290000 1.991097
v -0.927000 0.290000 1.980864
v -0.925531 0.290000 1.982333
v -0.926570 0.290000 1.981903
v -0.050000 0.290000 1.999000
v -0.050000 -0.290000 1.999000
v -0.050000 0.290000 1.996243
v -0.050000 -0.290000 1.996243
v -0.030000 0.290000 1.999000
v -0.030000 -0.290000 1.999000
v -0.030000 0.290000 1.974000
v -0.030000 -0.290000 1.974000
v -0.009364 -0.290000 1.984000
v -0.010636 -0.290000 1.974000
v -0.010636 -0.290000 1.999000
v -0.009364 -0.290000 1.999000
v -0.010636 0.290000 1.974000
v -0.009364 0.290000 1.984000
v -0.009364 0.290000 1.999000
v -0.010636 0.290000 1.999000
v -0.192084 -0.290000 1.999000
v -0.193356 -0.290000 1.999000
v -0.173444 -0.290000 1.999000
v -0.174716 -0.290000 1.999000
v -0.174716 0.290000 1.999000
v -0.173444 0.290000 1.999000
v -0.193356 0.290000 1.999000
v -0.192084 0.290000 1.999000
v -0.192084 0.290000 1.984000
v -0.193356 0.290000 1.974000
v -0.173444 0.290000 1.974000
v -0.174716 0.290000 1.984000
v -0.174716 -0.290000 1.984000
v -0.173444 -0.290000 1.974000
v -0.193356 -0.290000 1.974000
v -0.192084 -0.290000 1.984000
v -0.375484 -0.290000 1.999000
v -0.376756 -0.290000 1.999000
v -0.356844 -0.290000 1.999000
v -0.358116 -0.290000 1.999000
v -0.358115 0.290000 1.999000
v -0.356844 0.290000 1.999000
v -0.376756 0.290000 1.999000
v -0.375484 0.290000 1.999000
v -0.375484 0.290000 1.984000
v -0.376756 0.290000 1.974000
v -0.356844 0.290000 1.974000
v -0.358116 0.290000 1.984000
v -0.358115 -0.290000 1.984000
v -0.356844 -0.290000 1.974000
v -0.376756 -0.290000 1.974000
v -0.375484 -0.290000 1.984000
v -0.558884 -0.290000 1.999000
v -0.560156 -0.290000 1.999000
v -0.540244 -0.290000 1.999000
v -0.541516 -0.290000 1.999000
v -0.541516 0.290000 1.999000
v -0.540244 0.290000 1.999000
v -0.560156 0.290000 1.999000
v -0.558884 0.290000 1.999000
v -0.558884 0.290000 1.984000
v -0.560156 0.290000 1.974000
v -0.540244 0.290000 1.974000
v -0.541516 0.290000 1.984000
v -0.541516 -0.290000 1.984000
v -0.540244 -0.290000 1.974000
v -0.560156 -0.290000 1.974000
v -0.558884 -0.290000 1.984000
v -0.724916 -0.290000 1.999000
v -0.723644 -0.290000 1.999000
v -0.743555 -0.290000 1.999000
v -0.742284 -0.290000 1.999000
v -0.742284 -0.290000 1.984000
v -0.743555 -0.290000 1.974000
v -0.723644 -0.290000 1.974000
v -0.724916 -0.290000 1.984000
v -0.724916 0.290000 1.999000
v -0.723644 0.290000 1.999000
v -0.743555 0.290000 1.999000
v -0.742284 0.290000 1.999000
v -0.724916 0.290000 1.984000
v -0.723644 0.290000 1.974000
v -0.743555 0.290000 1.974000
v -0.742284 0.290000 1.984000
v 0.000000 -0.290000 1.999000
v 0.000000 -0.290000 1.984000
v 0.000000 0.290000 1.984000
v 0.000000 0.290000 1.999000
v 0.917000 0.290000 1.999000
v 0.917000 -0.290000 1.999000
v 0.917000 0.290000 1.990667
v 0.917000 0.290000 1.982333
v 0.917000 -0.290000 1.982333
v 0.917000 -0.290000 1.990667
v 0.917000 -0.290000 1.996243
v 0.927000 -0.290000 1.996243
v 0.927000 0.290000 1.996243
v 0.917000 0.290000 1.996243
v 0.136800 0.290000 1.996243
v 0.230000 0.290000 1.996243
v 0.320200 0.290000 1.996243
v 0.413400 0.290000 1.996243
v 0.503600 0.290000 1.996243
v 0.596800 0.290000 1.996243
v 0.687000 0.290000 1.996243
v 0.780200 0.290000 1.996243
v 0.780200 0.290000 1.999000
v 0.687000 0.290000 1.999000
v 0.596800 0.290000 1.999000
v 0.503600 0.290000 1.999000
v 0.413400 0.290000 1.999000
v 0.320200 0.290000 1.999000
v 0.230000 0.290000 1.999000
v 0.136800 0.290000 1.999000
v 0.687000 -0.290000 1.999000
v 0.780200 -0.290000 1.999000
v 0.503600 -0.290000 1.999000
v 0.596800 -0.290000 1.999000
v 0.320200 -0.290000 1.999000
v 0.413400 -0.290000 1.999000
v 0.136800 -0.290000 1.999000
v 0.230000 -0.290000 1.999000
v 0.780200 -0.290000 1.996243
v 0.687000 -0.290000 1.996243
v 0.596800 -0.290000 1.996243
v 0.503600 -0.290000 1.996243
v 0.413400 -0.290000 1.996243
v 0.320200 -0.290000 1.996243
v 0.230000 -0.290000 1.996243
v 0.136800 -0.290000 1.996243
v 0.705640 -0.290000 1.999000
v 0.761560 -0.290000 1.999000
v 0.761560 -0.290000 1.974000
v 0.705640 -0.290000 1.974000
v 0.705640 0.290000 1.974000
v 0.761560 0.290000 1.974000
v 0.705640 0.290000 1.999000
v 0.761560 0.290000 1.999000
v 0.522240 0.290000 1.999000
v 0.578160 0.290000 1.999000
v 0.578160 0.290000 1.974000
v 0.522240 0.290000 1.974000
v 0.522240 -0.290000 1.974000
v 0.578160 -0.290000 1.974000
v 0.578160 -0.290000 1.999000
v 0.522240 -0.290000 1.999000
v 0.338840 0.290000 1.999000
v 0.394760 0.290000 1.999000
v 0.394760 0.290000 1.974000
v 0.338840 0.290000 1.974000
v 0.338840 -0.290000 1.974000
v 0.394760 -0.290000 1.974000
v 0.394760 -0.290000 1.999000
v 0.338840 -0.290000 1.999000
v 0.155440 0.290000 1.999000
v 0.211360 0.290000 1.999000
v 0.211360 0.290000 1.974000
v 0.155440 0.290000 1.974000
v 0.155440 -0.290000 1.974000
v 0.211360 -0.290000 1.974000
v 0.211360 -0.290000 1.999000
v 0.155440 -0.290000 1.999000
v 0.922000 0.290000 1.974000
v 0.922000 -0.290000 1.974000
v 0.922000 0.290000 1.999000
v 0.922000 -0.290000 1.999000
v 0.922000 -0.290000 1.990667
v 0.922000 -0.290000 1.982333
v 0.922000 0.290000 1.990667
v 0.922000 0.290000 1.982333
v 0.922000 0.290000 1.996243
v 0.922000 -0.290000 1.996243
v 0.925531 0.290000 1.974000
v 0.927000 0.290000 1.975469
v 0.926570 0.290000 1.974430
v 0.927000 -0.290000 1.975469
v 0.925531 -0.290000 1.974000
v 0.926570 -0.290000 1.974430
v 0.925531 -0.290000 1.999000
v 0.927000 -0.290000 1.997531
v 0.926570 -0.290000 1.998570
v 0.927000 0.290000 1.997531
v 0.925531 0.290000 1.999000
v 0.926570 0.290000 1.998570
v 0.917000 0.290000 1.975469
v 0.918469 0.290000 1.974000
v 0.917430 0.290000 1.974430
v 0.918469 -0.290000 1.974000
v 0.917000 -0.290000 1.975469
v 0.917430 -0.290000 1.974430
v 0.927000 -0.290000 1.992136
v 0.925531 -0.290000 1.990667
v 0.926570 -0.290000 1.991097
v 0.925531 -0.290000 1.982333
v 0.927000 -0.290000 1.980864
v 0.926570 -0.290000 1.981903
v 0.925531 0.290000 1.990667
v 0.927000 0.290000 1.992136
v 0.926570 0.290000 1.991097
v 0.927000 0.290000 1.980864
v 0.925531 0.290000 1.982333
v 0.926570 0.290000 1.981903
v 0.050000 0.290000 1.999000
v 0.050000 -0.290000 1.999000
v 0.050000 0.290000 1.996243
v 0.050000 -0.290000 1.996243
v 0.030000 0.290000 1.999000
v 0.030000 -0.290000 1.999000
v 0.030000 0.290000 1.974000
v 0.030000 -0.290000 1.974000
v 0.009364 -0.290000 1.984000
v 0.010636 -0.290000 1.974000
v 0.010636 -0.290000 1.999000
v 0.009364 -0.290000 1.999000
v 0.010636 0.290000 1.974000
v 0.009364 0.290000 1.984000
v 0.009364 0.290000 1.999000
v 0.010636 0.290000 1.999000
v 0.192084 -0.290000 1.999000
v 0.193356 -0.290000 1.999000
v 0.173444 -0.290000 1.999000
v 0.174716 -0.290000 1.999000
v 0.174716 0.290000 1.999000
v 0.173444 0.290000 1.999000
v 0.193356 0.290000 1.999000
v 0.192084 0.290000 1.999000
v 0.192084 0.290000 1.984000
v 0.193356 0.290000 1.974000
v 0.173444 0.290000 1.974000
v 0.174716 0.290000 1.984000
v 0.174716 -0.290000 1.984000
v 0.173444 -0.290000 1.974000
v 0.193356 -0.290000 1.974000
v 0.192084 -0.290000 1.984000
v 0.375484 -0.290000 1.999000
v 0.376756 -0.290000 1.999000
v 0.356844 -0.290000 1.999000
v 0.358116 -0.290000 1.999000
v 0.358115 0.290000 1.999000
v 0.356844 0.290000 1.999000
v 0.376756 0.290000 1.999000
v 0.375484 0.290000 1.999000
v 0.375484 0.290000 1.984000
v 0.376756 0.290000 1.974000
v 0.356844 0.290000 1.974000
v 0.358116 0.290000 1.984000
v 0.358115 -0.290000 1.984000
v 0.356844 -0.290000 1.974000
v 0.376756 -0.290000 1.974000
v 0.375484 -0.290000 1.984000
v 0.558884 -0.290000 1.999000
v 0.560156 -0.290000 1.999000
v 0.540244 -0.290000 1.999000
v 0.541516 -0.290000 1.999000
v 0.541516 0.290000 1.999000
v 0.540244 0.290000 1.999000
v 0.560156 0.290000 1.999000
v 0.558884 0.290000 1.999000
v 0.558884 0.290000 1.984000
v 0.560156 0.290000 1.974000
v 0.540244 0.290000 1.974000
v 0.541516 0.290000 1.984000
v 0.541516 -0.290000 1.984000
v 0.540244 -0.290000 1.974000
v 0.560156 -0.290000 1.974000
v 0.558884 -0.290000 1.984000
v 0.724916 -0.290000 1.999000
v 0.723644 -0.290000 1.999000
v 0.743555 -0.290000 1.999000
v 0.742284 -0.290000 1.999000
v 0.742284 -0.290000 1.984000
v 0.743555 -0.290000 1.974000
v 0.723644 -0.290000 1.974000
v 0.724916 -0.290000 1.984000
v 0.724916 0.290000 1.999000
v 0.723644 0.290000 1.999000
v 0.743555 0.290000 1.999000
v 0.742284 0.290000 1.999000
v 0.724916 0.290000 1.984000
v 0.723644 0.290000 1.974000
v 0.743555 0.290000 1.974000
v 0.742284 0.290000 1.984000
vn 1.0000 -0.0000 -0.0000
vn -0.0000 -1.0000 -0.0000
vn -0.0000 1.0000 -0.0000
vn -0.0000 -0.0000 -1.0000
vn -0.0000 -0.0000 1.0000
vn -0.7665 -0.0000 -0.6423
vn 0.7665 -0.0000 -0.6423
vn -1.0000 -0.0000 -0.0000
vn -0.1951 -0.0000 -0.9808
vn -0.3827 -0.0000 -0.9239
vn -0.9239 -0.0000 -0.3827
vn -0.9808 -0.0000 -0.1951
vn -0.1951 -0.0000 0.9808
vn -0.3827 -0.0000 0.9239
vn -0.9239 -0.0000 0.3827
vn -0.9808 -0.0000 0.1951
vn 0.9808 -0.0000 -0.1951
vn 0.9239 -0.0000 -0.3827
vn 0.3827 -0.0000 -0.9239
vn 0.1951 -0.0000 -0.9808
vn -0.7436 -0.0000 -0.6686
vn 0.9920 -0.0000 -0.1261
vn -0.9920 -0.0000 -0.1261
vn 0.1951 -0.0000 0.9808
vn 0.3827 -0.0000 0.9239
vn 0.9239 -0.0000 0.3827
vn 0.9808 -0.0000 0.1951
vn 0.7436 -0.0000 -0.6686
vn 0.3828 -0.0000 -0.9238
vn -0.3828 -0.0000 -0.9238
vn -0.1950 -0.0000 -0.9808
vn -0.3826 -0.0000 -0.9239
vn -0.9239 -0.0000 -0.3826
vn -0.3826 -0.0000 0.9239
vn 0.1950 -0.0000 -0.9808
vn 0.3826 -0.0000 -0.9239
vn 0.9239 -0.0000 -0.3826
vn 0.3826 -0.0000 0.9239
vn -0.1950 -0.0000 0.9808
vn 0.1950 -0.0000 0.9808
vt 0.541667 0.305556
vt 0.541667 0.277778
vt 0.458333 0.277778
vt 0.458333 0.305556
vt 0.597431 0.180556
vt 0.541667 0.180556
vt 0.597431 0.277778
vt 0.458333 0.180556
vt 0.597431 0.305556
vt 0.597431 0.236111
vt 0.541667 0.236111
vt 0.458333 0.236111
vt 0.625000 0.236111
vt 0.625000 0.305556
vt 0.625000 0.180556
vt 0.625000 0.277778
vt 0.625000 0.350751
vt 0.625000 0.357582
vt 0.597431 0.357582
vt 0.597431 0.350751
vt 0.597431 0.350615
vt 0.597431 0.341052
vt 0.625000 0.336862
vt 0.625000 0.343693
vt 0.597431 0.343693
vt 0.597431 0.336862
vt 0.597431 0.331170
vt 0.597431 0.321607
vt 0.625000 0.322973
vt 0.625000 0.329804
vt 0.597431 0.329804
vt 0.597431 0.322973
vt 0.597431 0.311726
vt 0.597431 0.302163
vt 0.625000 0.315915
vt 0.597431 0.315915
vt 0.597431 0.292282
vt 0.777117 0.583333
vt 0.781216 0.583333
vt 0.781216 0.666667
vt 0.777117 0.666667
vt 0.785451 0.583333
vt 0.791667 0.583333
vt 0.791667 0.666667
vt 0.785451 0.666667
vt 0.768784 0.583333
vt 0.772883 0.583333
vt 0.772883 0.666667
vt 0.768784 0.666667
vt 0.760451 0.583333
vt 0.764549 0.583333
vt 0.764549 0.666667
vt 0.760451 0.666667
vt 0.625000 0.292282
vt 0.625000 0.302163
vt 0.625000 0.311726
vt 0.625000 0.321607
vt 0.625000 0.331170
vt 0.625000 0.341052
vt 0.625000 0.350615
vt 0.597431 0.294258
vt 0.625000 0.294258
vt 0.625000 0.300187
vt 0.597432 0.300187
vt 0.784604 0.666667
vt 0.784604 0.583333
vt 0.782063 0.583333
vt 0.782063 0.666667
vt 0.597431 0.317327
vt 0.597431 0.321562
vt 0.625000 0.321562
vt 0.625000 0.317327
vt 0.597431 0.335451
vt 0.625000 0.335451
vt 0.776270 0.666667
vt 0.776270 0.583333
vt 0.773730 0.583333
vt 0.773730 0.666667
vt 0.625000 0.331216
vt 0.597431 0.331216
vt 0.597432 0.313702
vt 0.597432 0.319631
vt 0.625000 0.319631
vt 0.625000 0.313702
vt 0.597431 0.349340
vt 0.625000 0.349340
vt 0.767937 0.666667
vt 0.767937 0.583333
vt 0.765396 0.583333
vt 0.765396 0.666667
vt 0.625000 0.345105
vt 0.597431 0.345105
vt 0.597431 0.333147
vt 0.597432 0.339075
vt 0.625000 0.339076
vt 0.625000 0.333147
vt 0.625000 0.364640
vt 0.597431 0.364640
vt 0.597431 0.363228
vt 0.625000 0.363229
vt 0.759604 0.666667
vt 0.759604 0.583333
vt 0.757063 0.583333
vt 0.757063 0.666667
vt 0.756216 0.666667
vt 0.756216 0.583333
vt 0.625000 0.358994
vt 0.597431 0.358994
vt 0.597431 0.352591
vt 0.597431 0.358520
vt 0.597431 0.360496
vt 0.625000 0.360496
vt 0.625000 0.358520
vt 0.625000 0.352591
vt 0.833333 0.583333
vt 0.833333 0.666667
vt 0.137244 0.583333
vt 0.137244 0.666667
vt 0.125000 0.666667
vt 0.125000 0.583333
vt 0.375251 0.167015
vt 0.375251 0.083821
vt 0.389693 0.083333
vt 0.389693 0.166667
vt 0.862756 0.666667
vt 0.862756 0.583333
vt 0.875000 0.583333
vt 0.875000 0.666667
vt 0.624915 0.083499
vt 0.624915 0.166785
vt 0.610307 0.166667
vt 0.610307 0.083333
vt 0.252411 0.534358
vt 0.389693 0.277778
vt 0.375255 0.277282
vt 0.208333 0.583333
vt 0.208333 0.666667
vt 0.196090 0.666667
vt 0.196090 0.583333
vt 0.458333 0.111902
vt 0.458333 0.187073
vt 0.458204 0.166846
vt 0.458204 0.083585
vt 0.443641 0.166667
vt 0.443641 0.083333
vt 0.556359 0.083333
vt 0.556359 0.166667
vt 0.541755 0.166789
vt 0.541755 0.083505
vt 0.541667 0.187073
vt 0.541667 0.111902
vt 0.166667 0.583333
vt 0.166667 0.666667
vt 0.375000 0.236111
vt 0.375000 0.187073
vt 0.375000 0.111902
vt 0.375000 0.180556
vt 0.597431 0.083333
vt 0.597431 0.166667
vt 0.625000 0.111902
vt 0.625000 0.187073
vt 0.389693 0.305556
vt 0.379304 0.299579
vt 0.375000 0.285149
vt 0.375000 0.249209
vt 0.752272 0.583333
vt 0.752272 0.666667
vt 0.625000 0.371214
vt 0.597431 0.371213
vt 0.597431 0.369699
vt 0.625000 0.369699
vt 0.625000 0.372728
vt 0.597431 0.372728
vt 0.751363 0.666667
vt 0.751363 0.583333
vt 0.597431 0.371819
vt 0.625000 0.371819
vt 0.750483 0.583333
vt 0.750483 0.666667
vt 0.750426 0.666667
vt 0.750425 0.583333
vt 0.597431 0.373872
vt 0.597431 0.374195
vt 0.597431 0.374291
vt 0.597431 0.374007
vt 0.625000 0.374291
vt 0.625000 0.374195
vt 0.625000 0.374007
vt 0.625000 0.373872
vt 0.625000 0.360454
vt 0.597431 0.360453
vt 0.597431 0.360357
vt 0.625000 0.360357
vt 0.625000 0.361865
vt 0.597431 0.361865
vt 0.597431 0.361769
vt 0.625000 0.361769
vt 0.597431 0.354635
vt 0.625000 0.354635
vt 0.625000 0.354500
vt 0.597431 0.354500
vt 0.597431 0.356611
vt 0.625000 0.356611
vt 0.625000 0.356476
vt 0.597431 0.356476
vt 0.757939 0.583333
vt 0.757939 0.666667
vt 0.757881 0.666667
vt 0.757881 0.583333
vt 0.758786 0.583333
vt 0.758786 0.666667
vt 0.758728 0.666667
vt 0.758728 0.583333
vt 0.625000 0.346565
vt 0.597431 0.346565
vt 0.597431 0.346468
vt 0.625000 0.346468
vt 0.625000 0.347976
vt 0.597431 0.347976
vt 0.597431 0.347880
vt 0.625000 0.347880
vt 0.597431 0.335190
vt 0.625000 0.335190
vt 0.625000 0.335056
vt 0.597431 0.335056
vt 0.597431 0.337167
vt 0.625000 0.337167
vt 0.625000 0.337032
vt 0.597432 0.337032
vt 0.766272 0.583333
vt 0.766272 0.666667
vt 0.766214 0.666667
vt 0.766214 0.583333
vt 0.767119 0.583333
vt 0.767119 0.666667
vt 0.767061 0.666667
vt 0.767061 0.583333
vt 0.625000 0.332676
vt 0.597431 0.332676
vt 0.597431 0.332579
vt 0.625000 0.332579
vt 0.625000 0.334087
vt 0.597431 0.334087
vt 0.597431 0.333991
vt 0.625000 0.333991
vt 0.597432 0.315746
vt 0.625000 0.315746
vt 0.625000 0.315611
vt 0.597432 0.315611
vt 0.597432 0.317722
vt 0.625000 0.317722
vt 0.625000 0.317587
vt 0.597432 0.317587
vt 0.774605 0.583333
vt 0.774605 0.666667
vt 0.774548 0.666667
vt 0.774548 0.583333
vt 0.775452 0.583333
vt 0.775452 0.666667
vt 0.775394 0.666667
vt 0.775394 0.583333
vt 0.597432 0.298143
vt 0.597431 0.320102
vt 0.597431 0.320198
vt 0.597432 0.298278
vt 0.597431 0.296167
vt 0.597431 0.318690
vt 0.597431 0.318787
vt 0.597431 0.296301
vt 0.625000 0.318787
vt 0.625000 0.318691
vt 0.625000 0.320198
vt 0.625000 0.320102
vt 0.782939 0.583333
vt 0.782939 0.666667
vt 0.782881 0.666667
vt 0.782881 0.583333
vt 0.783786 0.583333
vt 0.783786 0.666667
vt 0.783728 0.666667
vt 0.783728 0.583333
vt 0.625000 0.296301
vt 0.625000 0.296167
vt 0.625000 0.298278
vt 0.625000 0.298143
vt 0.597431 0.375000
vt 0.750000 0.666667
vt 0.750000 0.583333
vt 0.625000 0.375000
vt 0.625000 0.375000
s 1
f 3/1/1 6/2/1 5/3/1 4/4/1
f 84/5/2 79/6/2 6/2/2 7/7/2
f 79/6/2 80/8/2 5/3/2 6/2/2
f 10/9/1 7/7/1 6/2/1 3/1/1
f 83/10/3 10/9/3 3/1/3 81/11/3
f 81/11/3 3/1/3 4/4/3 82/12/3
f 77/13/3 1/14/3 10/9/3 83/10/3
f 78/15/2 84/5/2 7/7/2 2/16/2
f 24/17/3 25/18/3 12/19/3 13/20/3
f 41/21/4 40/22/4 13/20/4 12/19/4
f 22/23/3 23/24/3 14/25/3 15/26/3
f 39/27/4 38/28/4 15/26/4 14/25/4
f 20/29/3 21/30/3 16/31/3 17/32/3
f 37/33/4 36/34/4 17/32/4 16/31/4
f 1/14/3 19/35/3 18/36/3 10/9/3
f 35/37/4 7/7/4 10/9/4 18/36/4
f 21/38/5 20/39/5 27/40/5 30/41/5
f 19/42/5 1/43/5 2/44/5 28/45/5
f 23/46/5 22/47/5 29/48/5 32/49/5
f 25/50/5 24/51/5 31/52/5 34/53/5
f 2/16/2 7/7/2 35/37/2 28/54/2
f 27/55/2 36/34/2 37/33/2 30/56/2
f 29/57/2 38/28/2 39/27/2 32/58/2
f 31/59/2 40/22/2 41/21/2 34/60/2
f 45/61/2 44/62/2 28/54/2 35/37/2
f 36/34/2 27/55/2 43/63/2 46/64/2
f 19/42/5 28/45/5 44/65/5 50/66/5
f 49/67/5 43/68/5 27/40/5 20/39/5
f 35/37/6 18/36/6 48/69/6 45/61/6
f 46/64/7 47/70/7 17/32/7 36/34/7
f 20/29/3 17/32/3 47/70/3 49/71/3
f 50/72/3 48/69/3 18/36/3 19/35/3
f 22/23/3 15/26/3 54/73/3 51/74/3
f 21/38/5 30/41/5 57/75/5 52/76/5
f 51/77/5 58/78/5 29/48/5 22/47/5
f 52/79/3 53/80/3 16/31/3 21/30/3
f 37/33/6 16/31/6 53/80/6 56/81/6
f 55/82/7 54/73/7 15/26/7 38/28/7
f 38/28/2 29/57/2 58/83/2 55/82/2
f 56/81/2 57/84/2 30/56/2 37/33/2
f 24/17/3 13/20/3 62/85/3 59/86/3
f 23/46/5 32/49/5 65/87/5 60/88/5
f 59/89/5 66/90/5 31/52/5 24/51/5
f 60/91/3 61/92/3 14/25/3 23/24/3
f 39/27/6 14/25/6 61/92/6 64/93/6
f 63/94/7 62/85/7 13/20/7 40/22/7
f 40/22/2 31/59/2 66/95/2 63/94/2
f 64/93/2 65/96/2 32/58/2 39/27/2
f 26/97/3 11/98/3 70/99/3 67/100/3
f 25/50/5 34/53/5 73/101/5 68/102/5
f 67/103/5 74/104/5 33/105/5 26/106/5
f 68/107/3 69/108/3 12/19/3 25/18/3
f 41/21/6 12/19/6 69/108/6 72/109/6
f 71/110/7 70/99/7 11/98/7 42/111/7
f 42/111/2 33/112/2 74/113/2 71/110/2
f 72/109/2 73/114/2 34/60/2 41/21/2
f 80/8/8 79/6/8 81/11/8 82/12/8
f 1/43/5 77/115/5 78/116/5 2/44/5
f 85/117/9 89/118/9 90/119/10 87/120/10
f 87/121/11 90/122/11 88/123/12 86/124/12
f 91/125/13 95/126/13 96/127/14 93/128/14
f 93/129/15 96/130/15 94/131/16 92/132/16
f 97/133/17 101/134/17 102/135/18 99/136/18
f 99/136/19 102/137/19 100/138/20 98/139/20
f 106/140/13 113/141/13 114/142/14 108/143/14
f 108/143/15 114/142/15 112/144/16 107/145/16
f 103/146/12 110/147/12 111/148/11 105/149/11
f 105/149/10 111/148/10 109/150/9 104/151/9
f 85/117/9 75/152/4 76/153/4 89/118/9
f 112/144/3 114/142/3 113/141/3 82/12/3 75/154/3 85/155/3 87/121/3 86/124/3
f 88/123/12 107/145/16 112/144/16 86/124/12
f 106/140/2 108/143/2 107/145/2 88/123/2 90/122/2 89/156/2 76/157/2 80/8/2
f 8/158/8 92/132/16 94/131/16 9/159/8
f 91/160/2 93/129/2 92/132/2 8/158/2 84/5/2 78/15/2
f 77/115/5 95/126/13 91/125/13 78/116/5
f 94/131/3 96/130/3 95/161/3 77/13/3 83/10/3 9/159/3
f 4/4/1 5/3/1 101/134/17 97/133/17
f 75/152/4 98/139/20 100/138/20 76/153/4
f 82/12/3 4/4/3 97/162/3 99/163/3 98/164/3 75/154/3
f 80/8/2 76/157/2 100/165/2 102/135/2 101/134/2 5/3/2
f 8/158/2 103/146/2 105/149/2 104/151/2 79/6/2 84/5/2
f 103/146/12 8/158/8 9/159/8 110/147/12
f 81/11/4 79/6/4 104/151/9 109/150/9
f 82/12/5 113/141/13 106/140/13 80/8/5
f 9/159/3 83/10/3 81/11/3 109/150/3 111/148/3 110/147/3
f 115/166/5 26/106/5 33/105/5 116/167/5
f 26/97/3 115/168/3 117/169/3 11/98/3
f 33/112/2 42/111/2 118/170/2 116/171/2
f 118/170/4 42/111/4 11/98/4 117/169/4
f 119/172/3 121/173/3 117/169/3 115/168/3
f 115/166/5 116/167/5 120/174/5 119/175/5
f 122/176/2 120/177/2 116/171/2 118/170/2
f 118/170/21 117/169/21 121/173/21 122/176/21
f 130/178/5 125/179/5 126/180/5 129/181/5
f 124/182/22 127/183/22 128/184/22 123/185/22
f 129/186/3 128/184/3 127/183/3 130/187/3
f 123/185/2 126/188/2 125/189/2 124/182/2
f 138/190/3 139/191/3 140/192/3 137/193/3
f 136/194/3 141/195/3 142/196/3 135/197/3
f 146/198/2 131/199/2 132/200/2 145/201/2
f 144/202/2 133/203/2 134/204/2 143/205/2
f 143/205/23 142/196/23 141/195/23 144/202/23
f 145/201/22 140/192/22 139/191/22 146/198/22
f 135/206/5 134/207/5 133/208/5 136/209/5
f 137/210/5 132/211/5 131/212/5 138/213/5
f 154/214/3 155/215/3 156/216/3 153/217/3
f 152/218/3 157/219/3 158/220/3 151/221/3
f 162/222/2 147/223/2 148/224/2 161/225/2
f 160/226/2 149/227/2 150/228/2 159/229/2
f 159/229/23 158/220/23 157/219/23 160/226/23
f 161/225/22 156/216/22 155/215/22 162/222/22
f 151/230/5 150/231/5 149/232/5 152/233/5
f 153/234/5 148/235/5 147/236/5 154/237/5
f 170/238/3 171/239/3 172/240/3 169/241/3
f 168/242/3 173/243/3 174/244/3 167/245/3
f 178/246/2 163/247/2 164/248/2 177/249/2
f 176/250/2 165/251/2 166/252/2 175/253/2
f 175/253/23 174/244/23 173/243/23 176/250/23
f 177/249/22 172/240/22 171/239/22 178/246/22
f 167/254/5 166/255/5 165/256/5 168/257/5
f 169/258/5 164/259/5 163/260/5 170/261/5
f 186/262/23 191/263/23 192/264/23 185/265/23
f 184/266/22 193/267/22 194/268/22 183/269/22
f 190/270/3 194/268/3 193/267/3 189/271/3
f 188/272/3 192/264/3 191/263/3 187/273/3
f 187/274/5 179/275/5 180/276/5 188/277/5
f 189/278/5 181/279/5 182/280/5 190/281/5
f 183/269/2 182/282/2 181/283/2 184/266/2
f 185/265/2 180/284/2 179/285/2 186/262/2
f 197/286/4 196/286/4 123/185/4 128/184/4
f 127/183/4 124/182/4 122/176/4 121/173/4
f 120/177/2 122/176/2 124/182/2 125/189/2
f 195/287/5 198/288/5 129/181/5 126/180/5
f 125/179/5 130/178/5 119/175/5 120/174/5
f 121/173/3 119/172/3 130/187/3 127/183/3
f 73/114/2 72/109/2 145/201/2 132/200/2
f 134/207/5 135/206/5 138/213/5 131/212/5
f 131/199/2 146/198/2 143/205/2 134/204/2
f 132/211/5 137/210/5 68/102/5 73/101/5
f 74/104/5 67/103/5 136/209/5 133/208/5
f 133/203/2 144/202/2 71/110/2 74/113/2
f 141/195/3 136/194/3 67/100/3 70/99/3
f 139/191/3 138/190/3 135/197/3 142/196/3
f 69/108/3 68/107/3 137/193/3 140/192/3
f 142/196/4 143/205/4 146/198/4 139/191/4
f 140/192/4 145/201/4 72/109/4 69/108/4
f 70/99/4 71/110/4 144/202/4 141/195/4
f 65/96/2 64/93/2 161/225/2 148/224/2
f 150/231/5 151/230/5 154/237/5 147/236/5
f 147/223/2 162/222/2 159/229/2 150/228/2
f 148/235/5 153/234/5 60/88/5 65/87/5
f 66/90/5 59/89/5 152/233/5 149/232/5
f 149/227/2 160/226/2 63/94/2 66/95/2
f 157/219/3 152/218/3 59/86/3 62/85/3
f 155/215/3 154/214/3 151/221/3 158/220/3
f 61/92/3 60/91/3 153/217/3 156/216/3
f 158/220/4 159/229/4 162/222/4 155/215/4
f 156/216/4 161/225/4 64/93/4 61/92/4
f 62/85/4 63/94/4 160/226/4 157/219/4
f 57/84/2 56/81/2 177/249/2 164/248/2
f 166/255/5 167/254/5 170/261/5 163/260/5
f 163/247/2 178/246/2 175/253/2 166/252/2
f 164/259/5 169/258/5 52/76/5 57/75/5
f 58/78/5 51/77/5 168/257/5 165/256/5
f 165/251/2 176/250/2 55/82/2 58/83/2
f 173/243/3 168/242/3 51/74/3 54/73/3
f 171/239/3 170/238/3 167/245/3 174/244/3
f 53/80/3 52/79/3 169/241/3 172/240/3
f 174/244/4 175/253/4 178/246/4 171/239/4
f 172/240/4 177/249/4 56/81/4 53/80/4
f 54/73/4 55/82/4 176/250/4 173/243/4
f 43/68/5 49/67/5 188/277/5 180/276/5
f 182/282/2 183/269/2 186/262/2 179/285/2
f 179/275/5 187/274/5 190/281/5 182/280/5
f 180/284/2 185/265/2 46/64/2 43/63/2
f 44/62/2 45/61/2 184/266/2 181/283/2
f 181/279/5 189/278/5 50/66/5 44/65/5
f 193/267/4 184/266/4 45/61/4 48/69/4
f 191/263/4 186/262/4 183/269/4 194/268/4
f 47/70/4 46/64/4 185/265/4 192/264/4
f 192/264/3 188/272/3 49/71/3 47/70/3
f 194/268/3 190/270/3 187/273/3 191/263/3
f 48/69/3 50/72/3 189/271/3 193/267/3
f 128/184/3 129/186/3 198/289/3 197/286/3
f 126/188/2 123/185/2 196/286/2 195/290/2
f 201/1/8 202/4/8 203/3/8 204/2/8
f 282/5/2 205/7/2 204/2/2 277/6/2
f 277/6/2 204/2/2 203/3/2 278/8/2
f 208/9/8 201/1/8 204/2/8 205/7/8
f 281/10/3 279/11/3 201/1/3 208/9/3
f 279/11/3 280/12/3 202/4/3 201/1/3
f 275/13/3 281/10/3 208/9/3 199/14/3
f 276/15/2 200/16/2 205/7/2 282/5/2
f 222/17/3 211/20/3 210/19/3 223/18/3
f 239/21/4 210/19/4 211/20/4 238/22/4
f 220/23/3 213/26/3 212/25/3 221/24/3
f 237/27/4 212/25/4 213/26/4 236/28/4
f 218/29/3 215/32/3 214/31/3 219/30/3
f 235/33/4 214/31/4 215/32/4 234/34/4
f 199/14/3 208/9/3 216/36/3 217/35/3
f 233/37/4 216/36/4 208/9/4 205/7/4
f 219/38/5 228/41/5 225/40/5 218/39/5
f 217/42/5 226/45/5 200/44/5 199/43/5
f 221/46/5 230/49/5 227/48/5 220/47/5
f 223/50/5 232/53/5 229/52/5 222/51/5
f 200/16/2 226/54/2 233/37/2 205/7/2
f 225/55/2 228/56/2 235/33/2 234/34/2
f 227/57/2 230/58/2 237/27/2 236/28/2
f 229/59/2 232/60/2 239/21/2 238/22/2
f 243/61/2 233/37/2 226/54/2 242/62/2
f 234/34/2 244/64/2 241/63/2 225/55/2
f 217/42/5 248/66/5 242/65/5 226/45/5
f 247/67/5 218/39/5 225/40/5 241/68/5
f 233/37/7 243/61/7 246/69/7 216/36/7
f 244/64/6 234/34/6 215/32/6 245/70/6
f 218/29/3 247/71/3 245/70/3 215/32/3
f 248/72/3 217/35/3 216/36/3 246/69/3
f 220/23/3 249/74/3 252/73/3 213/26/3
f 219/38/5 250/76/5 255/75/5 228/41/5
f 249/77/5 220/47/5 227/48/5 256/78/5
f 250/79/3 219/30/3 214/31/3 251/80/3
f 235/33/7 254/81/7 251/80/7 214/31/7
f 253/82/6 236/28/6 213/26/6 252/73/6
f 236/28/2 253/82/2 256/83/2 227/57/2
f 254/81/2 235/33/2 228/56/2 255/84/2
f 222/17/3 257/86/3 260/85/3 211/20/3
f 221/46/5 258/88/5 263/87/5 230/49/5
f 257/89/5 222/51/5 229/52/5 264/90/5
f 258/91/3 221/24/3 212/25/3 259/92/3
f 237/27/7 262/93/7 259/92/7 212/25/7
f 261/94/6 238/22/6 211/20/6 260/85/6
f 238/22/2 261/94/2 264/95/2 229/59/2
f 262/93/2 237/27/2 230/58/2 263/96/2
f 224/97/3 265/100/3 268/99/3 209/98/3
f 223/50/5 266/102/5 271/101/5 232/53/5
f 265/103/5 224/106/5 231/105/5 272/104/5
f 266/107/3 223/18/3 210/19/3 267/108/3
f 239/21/7 270/109/7 267/108/7 210/19/7
f 269/110/6 240/111/6 209/98/6 268/99/6
f 240/111/2 269/110/2 272/113/2 231/112/2
f 270/109/2 239/21/2 232/60/2 271/114/2
f 278/8/1 280/12/1 279/11/1 277/6/1
f 199/43/5 200/44/5 276/116/5 275/115/5
f 283/117/20 285/120/19 288/119/19 287/118/20
f 285/121/18 284/124/17 286/123/17 288/122/18
f 289/125/24 291/128/25 294/127/25 293/126/24
f 291/129/26 290/132/27 292/131/27 294/130/26
f 295/133/12 297/136/11 300/135/11 299/134/12
f 297/136/10 296/139/9 298/138/9 300/137/10
f 304/140/24 306/143/25 312/142/25 311/141/24
f 306/143/26 305/145/27 310/144/27 312/142/26
f 301/146/17 303/149/18 309/148/18 308/147/17
f 303/149/19 302/151/20 307/150/20 309/148/19
f 283/117/20 287/118/20 274/153/4 273/152/4
f 310/144/3 284/124/3 285/121/3 283/155/3 273/154/3 280/12/3 311/141/3 312/142/3
f 286/123/17 284/124/17 310/144/27 305/145/27
f 304/140/2 278/8/2 274/157/2 287/156/2 288/122/2 286/123/2 305/145/2 306/143/2
f 206/158/1 207/159/1 292/131/27 290/132/27
f 289/160/2 276/15/2 282/5/2 206/158/2 290/132/2 291/129/2
f 275/115/5 276/116/5 289/125/24 293/126/24
f 292/131/3 207/159/3 281/10/3 275/13/3 293/161/3 294/130/3
f 202/4/8 295/133/12 299/134/12 203/3/8
f 273/152/4 274/153/4 298/138/9 296/139/9
f 280/12/3 273/154/3 296/164/3 297/163/3 295/162/3 202/4/3
f 278/8/2 203/3/2 299/134/2 300/135/2 298/165/2 274/157/2
f 206/158/2 282/5/2 277/6/2 302/151/2 303/149/2 301/146/2
f 301/146/17 308/147/17 207/159/1 206/158/1
f 279/11/4 307/150/20 302/151/20 277/6/4
f 280/12/5 278/8/5 304/140/24 311/141/24
f 207/159/3 308/147/3 309/148/3 307/150/3 279/11/3 281/10/3
f 313/166/5 314/167/5 231/105/5 224/106/5
f 224/97/3 209/98/3 315/169/3 313/168/3
f 231/112/2 314/171/2 316/170/2 240/111/2
f 316/170/4 315/169/4 209/98/4 240/111/4
f 317/172/3 313/168/3 315/169/3 319/173/3
f 313/166/5 317/175/5 318/174/5 314/167/5
f 320/176/2 316/170/2 314/171/2 318/177/2
f 316/170/28 320/176/28 319/173/28 315/169/28
f 328/178/5 327/181/5 324/180/5 323/179/5
f 322/182/23 321/185/23 326/184/23 325/183/23
f 327/186/3 328/187/3 325/183/3 326/184/3
f 321/185/2 322/182/2 323/189/2 324/188/2
f 336/190/3 335/193/3 338/192/3 337/191/3
f 334/194/3 333/197/3 340/196/3 339/195/3
f 344/198/2 343/201/2 330/200/2 329/199/2
f 342/202/2 341/205/2 332/204/2 331/203/2
f 341/205/22 342/202/22 339/195/22 340/196/22
f 343/201/23 344/198/23 337/191/23 338/192/23
f 333/206/5 334/209/5 331/208/5 332/207/5
f 335/210/5 336/213/5 329/212/5 330/211/5
f 352/214/3 351/217/3 354/216/3 353/215/3
f 350/218/3 349/221/3 356/220/3 355/219/3
f 360/222/2 359/225/2 346/224/2 345/223/2
f 358/226/2 357/229/2 348/228/2 347/227/2
f 357/229/22 358/226/22 355/219/22 356/220/22
f 359/225/23 360/222/23 353/215/23 354/216/23
f 349/230/5 350/233/5 347/232/5 348/231/5
f 351/234/5 352/237/5 345/236/5 346/235/5
f 368/238/3 367/241/3 370/240/3 369/239/3
f 366/242/3 365/245/3 372/244/3 371/243/3
f 376/246/2 375/249/2 362/248/2 361/247/2
f 374/250/2 373/253/2 364/252/2 363/251/2
f 373/253/22 374/250/22 371/243/22 372/244/22
f 375/249/23 376/246/23 369/239/23 370/240/23
f 365/254/5 366/257/5 363/256/5 364/255/5
f 367/258/5 368/261/5 361/260/5 362/259/5
f 384/262/22 383/265/22 390/264/22 389/263/22
f 382/266/23 381/269/23 392/268/23 391/267/23
f 388/270/3 387/271/3 391/267/3 392/268/3
f 386/272/3 385/273/3 389/263/3 390/264/3
f 385/274/5 386/277/5 378/276/5 377/275/5
f 387/278/5 388/281/5 380/280/5 379/279/5
f 381/269/2 382/266/2 379/283/2 380/282/2
f 383/265/2 384/262/2 377/285/2 378/284/2
f 197/286/4 326/184/4 321/185/4 196/286/4
f 325/183/4 319/173/4 320/176/4 322/182/4
f 318/177/2 323/189/2 322/182/2 320/176/2
f 195/287/5 324/180/5 327/181/5 198/288/5
f 323/179/5 318/174/5 317/175/5 328/178/5
f 319/173/3 325/183/3 328/187/3 317/172/3
f 271/114/2 330/200/2 343/201/2 270/109/2
f 332/207/5 329/212/5 336/213/5 333/206/5
f 329/199/2 332/204/2 341/205/2 344/198/2
f 330/211/5 271/101/5 266/102/5 335/210/5
f 272/104/5 331/208/5 334/209/5 265/103/5
f 331/203/2 272/113/2 269/110/2 342/202/2
f 339/195/3 268/99/3 265/100/3 334/194/3
f 337/191/3 340/196/3 333/197/3 336/190/3
f 267/108/3 338/192/3 335/193/3 266/107/3
f 340/196/4 337/191/4 344/198/4 341/205/4
f 338/192/4 267/108/4 270/109/4 343/201/4
f 268/99/4 339/195/4 342/202/4 269/110/4
f 263/96/2 346/224/2 359/225/2 262/93/2
f 348/231/5 345/236/5 352/237/5 349/230/5
f 345/223/2 348/228/2 357/229/2 360/222/2
f 346/235/5 263/87/5 258/88/5 351/234/5
f 264/90/5 347/232/5 350/233/5 257/89/5
f 347/227/2 264/95/2 261/94/2 358/226/2
f 355/219/3 260/85/3 257/86/3 350/218/3
f 353/215/3 356/220/3 349/221/3 352/214/3
f 259/92/3 354/216/3 351/217/3 258/91/3
f 356/220/4 353/215/4 360/222/4 357/229/4
f 354/216/4 259/92/4 262/93/4 359/225/4
f 260/85/4 355/219/4 358/226/4 261/94/4
f 255/84/2 362/248/2 375/249/2 254/81/2
f 364/255/5 361/260/5 368/261/5 365/254/5
f 361/247/2 364/252/2 373/253/2 376/246/2
f 362/259/5 255/75/5 250/76/5 367/258/5
f 256/78/5 363/256/5 366/257/5 249/77/5
f 363/251/2 256/83/2 253/82/2 374/250/2
f 371/243/3 252/73/3 249/74/3 366/242/3
f 369/239/3 372/244/3 365/245/3 368/238/3
f 251/80/3 370/240/3 367/241/3 250/79/3
f 372/244/4 369/239/4 376/246/4 373/253/4
f 370/240/4 251/80/4 254/81/4 375/249/4
f 252/73/4 371/243/4 374/250/4 253/82/4
f 241/68/5 378/276/5 386/277/5 247/67/5
f 380/282/2 377/285/2 384/262/2 381/269/2
f 377/275/5 380/280/5 388/281/5 385/274/5
f 378/284/2 241/63/2 244/64/2 383/265/2
f 242/62/2 379/283/2 382/266/2 243/61/2
f 379/279/5 242/65/5 248/66/5 387/278/5
f 391/267/4 246/69/4 243/61/4 382/266/4
f 389/263/4 392/268/4 381/269/4 384/262/4
f 245/70/4 390/264/4 383/265/4 244/64/4
f 390/264/3 245/70/3 247/71/3 386/272/3
f 392/268/3 389/263/3 385/273/3 388/270/3
f 246/69/3 391/267/3 387/271/3 248/72/3
f 326/184/3 197/286/3 198/289/3 327/186/3
f 324/188/2 195/290/2 196/286/2 321/185/2
f 395/1/1 398/2/1 397/3/1 396/4/1
f 476/5/2 471/6/2 398/2/2 399/7/2
f 471/6/2 472/8/2 397/3/2 398/2/2
f 402/9/1 399/7/1 398/2/1 395/1/1
f 475/10/3 402/9/3 395/1/3 473/11/3
f 473/11/3 395/1/3 396/4/3 474/12/3
f 469/13/3 393/14/3 402/9/3 475/10/3
f 470/15/2 476/5/2 399/7/2 394/16/2
f 416/17/3 417/18/3 404/19/3 405/20/3
f 433/21/4 432/22/4 405/20/4 404/19/4
f 414/23/3 415/24/3 406/25/3 407/26/3
f 431/27/4 430/28/4 407/26/4 406/25/4
f 412/29/3 413/30/3 408/31/3 409/32/3
f 429/33/4 428/34/4 409/32/4 408/31/4
f 393/14/3 411/35/3 410/36/3 402/9/3
f 427/37/4 399/7/4 402/9/4 410/36/4
f 413/38/5 412/39/5 419/40/5 422/41/5
f 411/42/5 393/43/5 394/44/5 420/45/5
f 415/46/5 414/47/5 421/48/5 424/49/5
f 417/50/5 416/51/5 423/52/5 426/53/5
f 394/16/2 399/7/2 427/37/2 420/54/2
f 419/55/2 428/34/2 429/33/2 422/56/2
f 421/57/2 430/28/2 431/27/2 424/58/2
f 423/59/2 432/22/2 433/21/2 426/60/2
f 437/61/2 436/62/2 420/54/2 427/37/2
f 428/34/2 419/55/2 435/63/2 438/64/2
f 411/42/5 420/45/5 436/65/5 442/66/5
f 441/67/5 435/68/5 419/40/5 412/39/5
f 427/37/6 410/36/6 440/69/6 437/61/6
f 438/64/7 439/70/7 409/32/7 428/34/7
f 412/29/3 409/32/3 439/70/3 441/71/3
f 442/72/3 440/69/3 410/36/3 411/35/3
f 414/23/3 407/26/3 446/73/3 443/74/3
f 413/38/5 422/41/5 449/75/5 444/76/5
f 443/77/5 450/78/5 421/48/5 414/47/5
f 444/79/3 445/80/3 408/31/3 413/30/3
f 429/33/6 408/31/6 445/80/6 448/81/6
f 447/82/7 446/73/7 407/26/7 430/28/7
f 430/28/2 421/57/2 450/83/2 447/82/2
f 448/81/2 449/84/2 422/56/2 429/33/2
f 416/17/3 405/20/3 454/85/3 451/86/3
f 415/46/5 424/49/5 457/87/5 452/88/5
f 451/89/5 458/90/5 423/52/5 416/51/5
f 452/91/3 453/92/3 406/25/3 415/24/3
f 431/27/6 406/25/6 453/92/6 456/93/6
f 455/94/7 454/85/7 405/20/7 432/22/7
f 432/22/2 423/59/2 458/95/2 455/94/2
f 456/93/2 457/96/2 424/58/2 431/27/2
f 418/97/3 403/98/3 462/99/3 459/100/3
f 417/50/5 426/53/5 465/101/5 460/102/5
f 459/103/5 466/104/5 425/105/5 418/106/5
f 460/107/3 461/108/3 404/19/3 417/18/3
f 433/21/6 404/19/6 461/108/6 464/109/6
f 463/110/7 462/99/7 403/98/7 434/111/7
f 434/111/2 425/112/2 466/113/2 463/110/2
f 464/109/2 465/114/2 426/60/2 433/21/2
f 472/8/8 471/6/8 473/11/8 474/12/8
f 393/43/5 469/115/5 470/116/5 394/44/5
f 477/117/9 481/118/9 482/119/10 479/120/10
f 479/121/11 482/122/11 480/123/12 478/124/12
f 483/125/13 487/126/13 488/127/14 485/128/14
f 485/129/15 488/130/15 486/131/16 484/132/16
f 489/133/17 493/134/17 494/135/18 491/136/18
f 491/136/29 494/137/29 492/138/20 490/139/20
f 498/140/13 505/141/13 506/142/14 500/143/14
f 500/143/15 506/142/15 504/144/16 499/145/16
f 495/146/12 502/147/12 503/148/11 497/149/11
f 497/149/10 503/148/10 501/150/9 496/151/9
f 477/117/9 467/152/4 468/153/4 481/118/9
f 504/144/3 506/142/3 505/141/3 474/12/3 467/154/3 477/155/3 479/121/3 478/124/3
f 480/123/12 499/145/16 504/144/16 478/124/12
f 498/140/2 500/143/2 499/145/2 480/123/2 482/122/2 481/156/2 468/157/2 472/8/2
f 400/158/8 484/132/16 486/131/16 401/159/8
f 483/160/2 485/129/2 484/132/2 400/158/2 476/5/2 470/15/2
f 469/115/5 487/126/13 483/125/13 470/116/5
f 486/131/3 488/130/3 487/161/3 469/13/3 475/10/3 401/159/3
f 396/4/1 397/3/1 493/134/17 489/133/17
f 467/152/4 490/139/20 492/138/20 468/153/4
f 474/12/3 396/4/3 489/162/3 491/163/3 490/164/3 467/154/3
f 472/8/2 468/157/2 492/165/2 494/135/2 493/134/2 397/3/2
f 400/158/2 495/146/2 497/149/2 496/151/2 471/6/2 476/5/2
f 495/146/12 400/158/8 401/159/8 502/147/12
f 473/11/4 471/6/4 496/151/9 501/150/9
f 474/12/5 505/141/13 498/140/13 472/8/5
f 401/159/3 475/10/3 473/11/3 501/150/3 503/148/3 502/147/3
f 507/166/5 418/106/5 425/105/5 508/167/5
f 418/97/3 507/168/3 509/169/3 403/98/3
f 425/112/2 434/111/2 510/170/2 508/171/2
f 510/170/4 434/111/4 403/98/4 509/169/4
f 511/172/3 513/173/3 509/169/3 507/168/3
f 507/166/5 508/167/5 512/174/5 511/175/5
f 514/176/2 512/177/2 508/171/2 510/170/2
f 510/170/21 509/169/21 513/173/21 514/176/21
f 522/178/5 517/179/5 518/180/5 521/181/5
f 516/182/22 519/183/22 520/184/22 515/185/22
f 521/186/3 520/184/3 519/183/3 522/187/3
f 515/185/2 518/188/2 517/189/2 516/182/2
f 530/190/3 531/191/3 532/192/3 529/193/3
f 528/194/3 533/195/3 534/196/3 527/197/3
f 538/198/2 523/199/2 524/200/2 537/201/2
f 536/202/2 525/203/2 526/204/2 535/205/2
f 535/205/23 534/196/23 533/195/23 536/202/23
f 537/201/22 532/192/22 531/191/22 538/198/22
f 527/206/5 526/207/5 525/208/5 528/209/5
f 529/210/5 524/211/5 523/212/5 530/213/5
f 546/214/3 547/215/3 548/216/3 545/217/3
f 544/218/3 549/219/3 550/220/3 543/221/3
f 554/222/2 539/223/2 540/224/2 553/225/2
f 552/226/2 541/227/2 542/228/2 551/229/2
f 551/229/23 550/220/23 549/219/23 552/226/23
f 553/225/22 548/216/22 547/215/22 554/222/22
f 543/230/5 542/231/5 541/232/5 544/233/5
f 545/234/5 540/235/5 539/236/5 546/237/5
f 562/238/3 563/239/3 564/240/3 561/241/3
f 560/242/3 565/243/3 566/244/3 559/245/3
f 570/246/2 555/247/2 556/248/2 569/249/2
f 568/250/2 557/251/2 558/252/2 567/253/2
f 567/253/23 566/244/23 565/243/23 568/250/23
f 569/249/22 564/240/22 563/239/22 570/246/22
f 559/254/5 558/255/5 557/256/5 560/257/5
f 561/258/5 556/259/5 555/260/5 562/261/5
f 578/262/23 583/263/23 584/264/23 577/265/23
f 576/266/22 585/267/22 586/268/22 575/269/22
f 582/270/3 586/268/3 585/267/3 581/271/3
f 580/272/3 584/264/3 583/263/3 579/273/3
f 579/274/5 571/275/5 572/276/5 580/277/5
f 581/278/5 573/279/5 574/280/5 582/281/5
f 575/269/2 574/282/2 573/283/2 576/266/2
f 577/265/2 572/284/2 571/285/2 578/262/2
f 589/286/4 588/286/4 515/185/4 520/184/4
f 519/183/4 516/182/4 514/176/4 513/173/4
f 512/177/2 514/176/2 516/182/2 517/189/2
f 587/287/5 590/288/5 521/181/5 518/180/5
f 517/179/5 522/178/5 511/175/5 512/174/5
f 513/173/3 511/172/3 522/187/3 519/183/3
f 465/114/2 464/109/2 537/201/2 524/200/2
f 526/207/5 527/206/5 530/213/5 523/212/5
f 523/199/2 538/198/2 535/205/2 526/204/2
f 524/211/5 529/210/5 460/102/5 465/101/5
f 466/104/5 459/103/5 528/209/5 525/208/5
f 525/203/2 536/202/2 463/110/2 466/113/2
f 533/195/3 528/194/3 459/100/3 462/99/3
f 531/191/3 530/190/3 527/197/3 534/196/3
f 461/108/3 460/107/3 529/193/3 532/192/3
f 534/196/4 535/205/4 538/198/4 531/191/4
f 532/192/4 537/201/4 464/109/4 461/108/4
f 462/99/4 463/110/4 536/202/4 533/195/4
f 457/96/2 456/93/2 553/225/2 540/224/2
f 542/231/5 543/230/5 546/237/5 539/236/5
f 539/223/2 554/222/2 551/229/2 542/228/2
f 540/235/5 545/234/5 452/88/5 457/87/5
f 458/90/5 451/89/5 544/233/5 541/232/5
f 541/227/2 552/226/2 455/94/2 458/95/2
f 549/219/3 544/218/3 451/86/3 454/85/3
f 547/215/3 546/214/3 543/221/3 550/220/3
f 453/92/3 452/91/3 545/217/3 548/216/3
f 550/220/4 551/229/4 554/222/4 547/215/4
f 548/216/4 553/225/4 456/93/4 453/92/4
f 454/85/4 455/94/4 552/226/4 549/219/4
f 449/84/2 448/81/2 569/249/2 556/248/2
f 558/255/5 559/254/5 562/261/5 555/260/5
f 555/247/2 570/246/2 567/253/2 558/252/2
f 556/259/5 561/258/5 444/76/5 449/75/5
f 450/78/5 443/77/5 560/257/5 557/256/5
f 557/251/2 568/250/2 447/82/2 450/83/2
f 565/243/3 560/242/3 443/74/3 446/73/3
f 563/239/3 562/238/3 559/245/3 566/244/3
f 445/80/3 444/79/3 561/241/3 564/240/3
f 566/244/4 567/253/4 570/246/4 563/239/4
f 564/240/4 569/249/4 448/81/4 445/80/4
f 446/73/4 447/82/4 568/250/4 565/243/4
f 435/68/5 441/67/5 580/277/5 572/276/5
f 574/282/2 575/269/2 578/262/2 571/285/2
f 571/275/5 579/274/5 582/281/5 574/280/5
f 572/284/2 577/265/2 438/64/2 435/63/2
f 436/62/2 437/61/2 576/266/2 573/283/2
f 573/279/5 581/278/5 442/66/5 436/65/5
f 585/267/4 576/266/4 437/61/4 440/69/4
f 583/263/4 578/262/4 575/269/4 586/268/4
f 439/70/4 438/64/4 577/265/4 584/264/4
f 584/264/3 580/272/3 441/71/3 439/70/3
f 586/268/3 582/270/3 579/273/3 583/263/3
f 440/69/3 442/72/3 581/271/3 585/267/3
f 520/184/3 521/186/3 590/289/3 589/286/3
f 518/188/2 515/185/2 588/286/2 587/290/2
f 593/1/8 594/4/8 595/3/8 596/2/8
f 674/5/2 597/7/2 596/2/2 669/6/2
f 669/6/2 596/2/2 595/3/2 670/8/2
f 600/9/8 593/1/8 596/2/8 597/7/8
f 673/10/3 671/11/3 593/1/3 600/9/3
f 671/11/3 672/12/3 594/4/3 593/1/3
f 667/13/3 673/10/3 600/9/3 591/14/3
f 668/15/2 592/16/2 597/7/2 674/5/2
f 614/17/3 603/20/3 602/19/3 615/18/3
f 631/21/4 602/19/4 603/20/4 630/22/4
f 612/23/3 605/26/3 604/25/3 613/24/3
f 629/27/4 604/25/4 605/26/4 628/28/4
f 610/29/3 607/32/3 606/31/3 611/30/3
f 627/33/4 606/31/4 607/32/4 626/34/4
f 591/14/3 600/9/3 608/36/3 609/35/3
f 625/37/4 608/36/4 600/9/4 597/7/4
f 611/38/5 620/41/5 617/40/5 610/39/5
f 609/42/5 618/45/5 592/44/5 591/43/5
f 613/46/5 622/49/5 619/48/5 612/47/5
f 615/50/5 624/53/5 621/52/5 614/51/5
f 592/16/2 618/54/2 625/37/2 597/7/2
f 617/55/2 620/56/2 627/33/2 626/34/2
f 619/57/2 622/58/2 629/27/2 628/28/2
f 621/59/2 624/60/2 631/21/2 630/22/2
f 635/61/2 625/37/2 618/54/2 634/62/2
f 626/34/2 636/64/2 633/63/2 617/55/2
f 609/42/5 640/66/5 634/65/5 618/45/5
f 639/67/5 610/39/5 617/40/5 633/68/5
f 625/37/7 635/61/7 638/69/7 608/36/7
f 636/64/6 626/34/6 607/32/6 637/70/6
f 610/29/3 639/71/3 637/70/3 607/32/3
f 640/72/3 609/35/3 608/36/3 638/69/3
f 612/23/3 641/74/3 644/73/3 605/26/3
f 611/38/5 642/76/5 647/75/5 620/41/5
f 641/77/5 612/47/5 619/48/5 648/78/5
f 642/79/3 611/30/3 606/31/3 643/80/3
f 627/33/7 646/81/7 643/80/7 606/31/7
f 645/82/6 628/28/6 605/26/6 644/73/6
f 628/28/2 645/82/2 648/83/2 619/57/2
f 646/81/2 627/33/2 620/56/2 647/84/2
f 614/17/3 649/86/3 652/85/3 603/20/3
f 613/46/5 650/88/5 655/87/5 622/49/5
f 649/89/5 614/51/5 621/52/5 656/90/5
f 650/91/3 613/24/3 604/25/3 651/92/3
f 629/27/7 654/93/7 651/92/7 604/25/7
f 653/94/6 630/22/6 603/20/6 652/85/6
f 630/22/2 653/94/2 656/95/2 621/59/2
f 654/93/2 629/27/2 622/58/2 655/96/2
f 616/97/3 657/100/3 660/99/3 601/98/3
f 615/50/5 658/102/5 663/101/5 624/53/5
f 657/103/5 616/106/5 623/105/5 664/104/5
f 658/107/3 615/18/3 602/19/3 659/108/3
f 631/21/7 662/109/7 659/108/7 602/19/7
f 661/110/6 632/111/6 601/98/6 660/99/6
f 632/111/2 661/110/2 664/113/2 623/112/2
f 662/109/2 631/21/2 624/60/2 663/114/2
f 670/8/1 672/12/1 671/11/1 669/6/1
f 591/43/5 592/44/5 668/116/5 667/115/5
f 675/117/20 677/120/19 680/119/19 679/118/20
f 677/121/18 676/124/17 678/123/17 680/122/18
f 681/125/24 683/128/25 686/127/25 685/126/24
f 683/129/26 682/132/27 684/131/27 686/130/26
f 687/133/12 689/136/11 692/135/11 691/134/12
f 689/136/30 688/139/9 690/138/9 692/137/30
f 696/140/24 698/143/25 704/142/25 703/141/24
f 698/143/26 697/145/27 702/144/27 704/142/26
f 693/146/17 695/149/18 701/148/18 700/147/17
f 695/149/19 694/151/20 699/150/20 701/148/19
f 675/117/20 679/118/20 666/153/4 665/152/4
f 702/144/3 676/124/3 677/121/3 675/155/3 665/154/3 672/12/3 703/141/3 704/142/3
f 678/123/17 676/124/17 702/144/27 697/145/27
f 696/140/2 670/8/2 666/157/2 679/156/2 680/122/2 678/123/2 697/145/2 698/143/2
f 598/158/1 599/159/1 684/131/27 682/132/27
f 681/160/2 668/15/2 674/5/2 598/158/2 682/132/2 683/129/2
f 667/115/5 668/116/5 681/125/24 685/126/24
f 684/131/3 599/159/3 673/10/3 667/13/3 685/161/3 686/130/3
f 594/4/8 687/133/12 691/134/12 595/3/8
f 665/152/4 666/153/4 690/138/9 688/139/9
f 672/12/3 665/154/3 688/164/3 689/163/3 687/162/3 594/4/3
f 670/8/2 595/3/2 691/134/2 692/135/2 690/165/2 666/157/2
f 598/158/2 674/5/2 669/6/2 694/151/2 695/149/2 693/146/2
f 693/146/17 700/147/17 599/159/1 598/158/1
f 671/11/4 699/150/20 694/151/20 669/6/4
f 672/12/5 670/8/5 696/140/24 703/141/24
f 599/159/3 700/147/3 701/148/3 699/150/3 671/11/3 673/10/3
f 705/166/5 706/167/5 623/105/5 616/106/5
f 616/97/3 601/98/3 707/169/3 705/168/3
f 623/112/2 706/171/2 708/170/2 632/111/2
f 708/170/4 707/169/4 601/98/4 632/111/4
f 709/172/3 705/168/3 707/169/3 711/173/3
f 705/166/5 709/175/5 710/174/5 706/167/5
f 712/176/2 708/170/2 706/171/2 710/177/2
f 708/170/28 712/176/28 711/173/28 707/169/28
f 720/178/5 719/181/5 716/180/5 715/179/5
f 714/182/23 713/185/23 718/184/23 717/183/23
f 719/186/3 720/187/3 717/183/3 718/184/3
f 713/185/2 714/182/2 715/189/2 716/188/2
f 728/190/3 727/193/3 730/192/3 729/191/3
f 726/194/3 725/197/3 732/196/3 731/195/3
f 736/198/2 735/201/2 722/200/2 721/199/2
f 734/202/2 733/205/2 724/204/2 723/203/2
f 733/205/22 734/202/22 731/195/22 732/196/22
f 735/201/23 736/198/23 729/191/23 730/192/23
f 725/206/5 726/209/5 723/208/5 724/207/5
f 727/210/5 728/213/5 721/212/5 722/211/5
f 744/214/3 743/217/3 746/216/3 745/215/3
f 742/218/3 741/221/3 748/220/3 747/219/3
f 752/222/2 751/225/2 738/224/2 737/223/2
f 750/226/2 749/229/2 740/228/2 739/227/2
f 749/229/22 750/226/22 747/219/22 748/220/22
f 751/225/23 752/222/23 745/215/23 746/216/23
f 741/230/5 742/233/5 739/232/5 740/231/5
f 743/234/5 744/237/5 737/236/5 738/235/5
f 760/238/3 759/241/3 762/240/3 761/239/3
f 758/242/3 757/245/3 764/244/3 763/243/3
f 768/246/2 767/249/2 754/248/2 753/247/2
f 766/250/2 765/253/2 756/252/2 755/251/2
f 765/253/22 766/250/22 763/243/22 764/244/22
f 767/249/23 768/246/23 761/239/23 762/240/23
f 757/254/5 758/257/5 755/256/5 756/255/5
f 759/258/5 760/261/5 753/260/5 754/259/5
f 776/262/22 775/265/22 782/264/22 781/263/22
f 774/266/23 773/269/23 784/268/23 783/267/23
f 780/270/3 779/271/3 783/267/3 784/268/3
f 778/272/3 777/273/3 781/263/3 782/264/3
f 777/274/5 778/277/5 770/276/5 769/275/5
f 779/278/5 780/281/5 772/280/5 771/279/5
f 773/269/2 774/266/2 771/283/2 772/282/2
f 775/265/2 776/262/2 769/285/2 770/284/2
f 589/286/4 718/184/4 713/185/4 588/286/4
f 717/183/4 711/173/4 712/176/4 714/182/4
f 710/177/2 715/189/2 714/182/2 712/176/2
f 587/287/5 716/180/5 719/181/5 590/288/5
f 715/179/5 710/174/5 709/175/5 720/178/5
f 711/173/3 717/183/3 720/187/3 709/172/3
f 663/114/2 722/200/2 735/201/2 662/109/2
f 724/207/5 721/212/5 728/213/5 725/206/5
f 721/199/2 724/204/2 733/205/2 736/198/2
f 722/211/5 663/101/5 658/102/5 727/210/5
f 664/104/5 723/208/5 726/209/5 657/103/5
f 723/203/2 664/113/2 661/110/2 734/202/2
f 731/195/3 660/99/3 657/100/3 726/194/3
f 729/191/3 732/196/3 725/197/3 728/190/3
f 659/108/3 730/192/3 727/193/3 658/107/3
f 732/196/4 729/191/4 736/198/4 733/205/4
f 730/192/4 659/108/4 662/109/4 735/201/4
f 660/99/4 731/195/4 734/202/4 661/110/4
f 655/96/2 738/224/2 751/225/2 654/93/2
f 740/231/5 737/236/5 744/237/5 741/230/5
f 737/223/2 740/228/2 749/229/2 752/222/2
f 738/235/5 655/87/5 650/88/5 743/234/5
f 656/90/5 739/232/5 742/233/5 649/89/5
f 739/227/2 656/95/2 653/94/2 750/226/2
f 747/219/3 652/85/3 649/86/3 742/218/3
f 745/215/3 748/220/3 741/221/3 744/214/3
f 651/92/3 746/216/3 743/217/3 650/91/3
f 748/220/4 745/215/4 752/222/4 749/229/4
f 746/216/4 651/92/4 654/93/4 751/225/4
f 652/85/4 747/219/4 750/226/4 653/94/4
f 647/84/2 754/248/2 767/249/2 646/81/2
f 756/255/5 753/260/5 760/261/5 757/254/5
f 753/247/2 756/252/2 765/253/2 768/246/2
f 754/259/5 647/75/5 642/76/5 759/258/5
f 648/78/5 755/256/5 758/257/5 641/77/5
f 755/251/2 648/83/2 645/82/2 766/250/2
f 763/243/3 644/73/3 641/74/3 758/242/3
f 761/239/3 764/244/3 757/245/3 760/238/3
f 643/80/3 762/240/3 759/241/3 642/79/3
f 764/244/4 761/239/4 768/246/4 765/253/4
f 762/240/4 643/80/4 646/81/4 767/249/4
f 644/73/4 763/243/4 766/250/4 645/82/4
f 633/68/5 770/276/5 778/277/5 639/67/5
f 772/282/2 769/285/2 776/262/2 773/269/2
f 769/275/5 772/280/5 780/281/5 777/274/5
f 770/284/2 633/63/2 636/64/2 775/265/2
f 634/62/2 771/283/2 774/266/2 635/61/2
f 771/279/5 634/65/5 640/66/5 779/278/5
f 783/267/4 638/69/4 635/61/4 774/266/4
f 781/263/4 784/268/4 773/269/4 776/262/4
f 637/70/4 782/264/4 775/265/4 636/64/4
f 782/264/3 637/70/3 639/71/3 778/272/3
f 784/268/3 781/263/3 777/273/3 780/270/3
f 638/69/3 783/267/3 779/271/3 640/72/3
f 718/184/3 589/286/3 590/289/3 719/186/3
f 716/188/2 587/290/2 588/286/2 713/185/2
f 787/1/1 790/2/1 789/3/1 788/4/1
f 868/5/2 863/6/2 790/2/2 791/7/2
f 863/6/2 864/8/2 789/3/2 790/2/2
f 794/9/1 791/7/1 790/2/1 787/1/1
f 867/10/3 794/9/3 787/1/3 865/11/3
f 865/11/3 787/1/3 788/4/3 866/12/3
f 861/13/3 785/14/3 794/9/3 867/10/3
f 862/15/2 868/5/2 791/7/2 786/16/2
f 808/17/3 809/18/3 796/19/3 797/20/3
f 825/21/4 824/22/4 797/20/4 796/19/4
f 806/23/3 807/24/3 798/25/3 799/26/3
f 823/27/4 822/28/4 799/26/4 798/25/4
f 804/29/3 805/30/3 800/31/3 801/32/3
f 821/33/4 820/34/4 801/32/4 800/31/4
f 785/14/3 803/35/3 802/36/3 794/9/3
f 819/37/4 791/7/4 794/9/4 802/36/4
f 805/38/5 804/39/5 811/40/5 814/41/5
f 803/42/5 785/43/5 786/44/5 812/45/5
f 807/46/5 806/47/5 813/48/5 816/49/5
f 809/50/5 808/51/5 815/52/5 818/53/5
f 786/16/2 791/7/2 819/37/2 812/54/2
f 811/55/2 820/34/2 821/33/2 814/56/2
f 813/57/2 822/28/2 823/27/2 816/58/2
f 815/59/2 824/22/2 825/21/2 818/60/2
f 829/61/2 828/62/2 812/54/2 819/37/2
f 820/34/2 811/55/2 827/63/2 830/64/2
f 803/42/5 812/45/5 828/65/5 834/66/5
f 833/67/5 827/68/5 811/40/5 804/39/5
f 819/37/6 802/36/6 832/69/6 829/61/6
f 830/64/7 831/70/7 801/32/7 820/34/7
f 804/29/3 801/32/3 831/70/3 833/71/3
f 834/72/3 832/69/3 802/36/3 803/35/3
f 806/23/3 799/26/3 838/73/3 835/74/3
f 805/38/5 814/41/5 841/75/5 836/76/5
f 835/77/5 842/78/5 813/48/5 806/47/5
f 836/79/3 837/80/3 800/31/3 805/30/3
f 821/33/6 800/31/6 837/80/6 840/81/6
f 839/82/7 838/73/7 799/26/7 822/28/7
f 822/28/2 813/57/2 842/83/2 839/82/2
f 840/81/2 841/84/2 814/56/2 821/33/2
f 808/17/3 797/20/3 846/85/3 843/86/3
f 807/46/5 816/49/5 849/87/5 844/88/5
f 843/89/5 850/90/5 815/52/5 808/51/5
f 844/91/3 845/92/3 798/25/3 807/24/3
f 823/27/6 798/25/6 845/92/6 848/93/6
f 847/94/7 846/85/7 797/20/7 824/22/7
f 824/22/2 815/59/2 850/95/2 847/94/2
f 848/93/2 849/96/2 816/58/2 823/27/2
f 810/97/3 795/98/3 854/99/3 851/100/3
f 809/50/5 818/53/5 857/101/5 852/102/5
f 851/103/5 858/104/5 817/105/5 810/106/5
f 852/107/3 853/108/3 796/19/3 809/18/3
f 825/21/6 796/19/6 853/108/6 856/109/6
f 855/110/7 854/99/7 795/98/7 826/111/7
f 826/111/2 817/112/2 858/113/2 855/110/2
f 856/109/2 857/114/2 818/60/2 825/21/2
f 864/8/8 863/6/8 865/11/8 866/12/8
f 785/43/5 861/115/5 862/116/5 786/44/5
f 869/117/31 873/118/31 874/119/32 871/120/32
f 871/121/33 874/122/33 872/123/12 870/124/12
f 875/125/13 879/126/13 880/127/34 877/128/34
f 877/129/15 880/130/15 878/131/16 876/132/16
f 881/133/17 885/134/17 886/135/18 883/136/18
f 883/136/19 886/137/19 884/138/20 882/139/20
f 890/140/13 897/141/13 898/142/14 892/143/14
f 892/143/15 898/142/15 896/144/16 891/145/16
f 887/146/12 894/147/12 895/148/11 889/149/11
f 889/149/32 895/148/32 893/150/9 888/151/9
f 869/117/31 859/152/4 860/153/4 873/118/31
f 896/144/3 898/142/3 897/141/3 866/12/3 859/154/3 869/155/3 871/121/3 870/124/3
f 872/123/12 891/145/16 896/144/16 870/124/12
f 890/140/2 892/143/2 891/145/2 872/123/2 874/122/2 873/156/2 860/157/2 864/8/2
f 792/158/8 876/132/16 878/131/16 793/159/8
f 875/160/2 877/129/2 876/132/2 792/158/2 868/5/2 862/15/2
f 861/115/5 879/126/13 875/125/13 862/116/5
f 878/131/3 880/130/3 879/161/3 861/13/3 867/10/3 793/159/3
f 788/4/1 789/3/1 885/134/17 881/133/17
f 859/152/4 882/139/20 884/138/20 860/153/4
f 866/12/3 788/4/3 881/162/3 883/163/3 882/164/3 859/154/3
f 864/8/2 860/157/2 884/165/2 886/135/2 885/134/2 789/3/2
f 792/158/2 887/146/2 889/149/2 888/151/2 863/6/2 868/5/2
f 887/146/12 792/158/8 793/159/8 894/147/12
f 865/11/4 863/6/4 888/151/9 893/150/9
f 866/12/5 897/141/13 890/140/13 864/8/5
f 793/159/3 867/10/3 865/11/3 893/150/3 895/148/3 894/147/3
f 899/166/5 810/106/5 817/105/5 900/167/5
f 810/97/3 899/168/3 901/169/3 795/98/3
f 817/112/2 826/111/2 902/170/2 900/171/2
f 902/170/4 826/111/4 795/98/4 901/169/4
f 903/172/3 905/173/3 901/169/3 899/168/3
f 899/166/5 900/167/5 904/174/5 903/175/5
f 906/176/2 904/177/2 900/171/2 902/170/2
f 902/170/21 901/169/21 905/173/21 906/176/21
f 914/178/5 909/179/5 910/180/5 913/181/5
f 908/182/22 911/183/22 912/184/22 907/185/22
f 913/186/3 912/184/3 911/183/3 914/187/3
f 907/185/2 910/188/2 909/189/2 908/182/2
f 922/190/3 923/191/3 924/192/3 921/193/3
f 920/194/3 925/195/3 926/196/3 919/197/3
f 930/198/2 915/199/2 916/200/2 929/201/2
f 928/202/2 917/203/2 918/204/2 927/205/2
f 927/205/23 926/196/23 925/195/23 928/202/23
f 929/201/22 924/192/22 923/191/22 930/198/22
f 919/206/5 918/207/5 917/208/5 920/209/5
f 921/210/5 916/211/5 915/212/5 922/213/5
f 938/214/3 939/215/3 940/216/3 937/217/3
f 936/218/3 941/219/3 942/220/3 935/221/3
f 946/222/2 931/223/2 932/224/2 945/225/2
f 944/226/2 933/227/2 934/228/2 943/229/2
f 943/229/23 942/220/23 941/219/23 944/226/23
f 945/225/22 940/216/22 939/215/22 946/222/22
f 935/230/5 934/231/5 933/232/5 936/233/5
f 937/234/5 932/235/5 931/236/5 938/237/5
f 954/238/3 955/239/3 956/240/3 953/241/3
f 952/242/3 957/243/3 958/244/3 951/245/3
f 962/246/2 947/247/2 948/248/2 961/249/2
f 960/250/2 949/251/2 950/252/2 959/253/2
f 959/253/23 958/244/23 957/243/23 960/250/23
f 961/249/22 956/240/22 955/239/22 962/246/22
f 951/254/5 950/255/5 949/256/5 952/257/5
f 953/258/5 948/259/5 947/260/5 954/261/5
f 970/262/23 975/263/23 976/264/23 969/265/23
f 968/266/22 977/267/22 978/268/22 967/269/22
f 974/270/3 978/268/3 977/267/3 973/271/3
f 972/272/3 976/264/3 975/263/3 971/273/3
f 971/274/5 963/275/5 964/276/5 972/277/5
f 973/278/5 965/279/5 966/280/5 974/281/5
f 967/269/2 966/282/2 965/283/2 968/266/2
f 969/265/2 964/284/2 963/285/2 970/262/2
f 981/286/4 980/286/4 907/185/4 912/184/4
f 911/183/4 908/182/4 906/176/4 905/173/4
f 904/177/2 906/176/2 908/182/2 909/189/2
f 979/287/5 982/288/5 913/181/5 910/180/5
f 909/179/5 914/178/5 903/175/5 904/174/5
f 905/173/3 903/172/3 914/187/3 911/183/3
f 857/114/2 856/109/2 929/201/2 916/200/2
f 918/207/5 919/206/5 922/213/5 915/212/5
f 915/199/2 930/198/2 927/205/2 918/204/2
f 916/211/5 921/210/5 852/102/5 857/101/5
f 858/104/5 851/103/5 920/209/5 917/208/5
f 917/203/2 928/202/2 855/110/2 858/113/2
f 925/195/3 920/194/3 851/100/3 854/99/3
f 923/191/3 922/190/3 919/197/3 926/196/3
f 853/108/3 852/107/3 921/193/3 924/192/3
f 926/196/4 927/205/4 930/198/4 923/191/4
f 924/192/4 929/201/4 856/109/4 853/108/4
f 854/99/4 855/110/4 928/202/4 925/195/4
f 849/96/2 848/93/2 945/225/2 932/224/2
f 934/231/5 935/230/5 938/237/5 931/236/5
f 931/223/2 946/222/2 943/229/2 934/228/2
f 932/235/5 937/234/5 844/88/5 849/87/5
f 850/90/5 843/89/5 936/233/5 933/232/5
f 933/227/2 944/226/2 847/94/2 850/95/2
f 941/219/3 936/218/3 843/86/3 846/85/3
f 939/215/3 938/214/3 935/221/3 942/220/3
f 845/92/3 844/91/3 937/217/3 940/216/3
f 942/220/4 943/229/4 946/222/4 939/215/4
f 940/216/4 945/225/4 848/93/4 845/92/4
f 846/85/4 847/94/4 944/226/4 941/219/4
f 841/84/2 840/81/2 961/249/2 948/248/2
f 950/255/5 951/254/5 954/261/5 947/260/5
f 947/247/2 962/246/2 959/253/2 950/252/2
f 948/259/5 953/258/5 836/76/5 841/75/5
f 842/78/5 835/77/5 952/257/5 949/256/5
f 949/251/2 960/250/2 839/82/2 842/83/2
f 957/243/3 952/242/3 835/74/3 838/73/3
f 955/239/3 954/238/3 951/245/3 958/244/3
f 837/80/3 836/79/3 953/241/3 956/240/3
f 958/244/4 959/253/4 962/246/4 955/239/4
f 956/240/4 961/249/4 840/81/4 837/80/4
f 838/73/4 839/82/4 960/250/4 957/243/4
f 827/68/5 833/67/5 972/277/5 964/276/5
f 966/282/2 967/269/2 970/262/2 963/285/2
f 963/275/5 971/274/5 974/281/5 966/280/5
f 964/284/2 969/265/2 830/64/2 827/63/2
f 828/62/2 829/61/2 968/266/2 965/283/2
f 965/279/5 973/278/5 834/66/5 828/65/5
f 977/267/4 968/266/4 829/61/4 832/69/4
f 975/263/4 970/262/4 967/269/4 978/268/4
f 831/70/4 830/64/4 969/265/4 976/264/4
f 976/264/3 972/272/3 833/71/3 831/70/3
f 978/268/3 974/270/3 971/273/3 975/263/3
f 832/69/3 834/72/3 973/271/3 977/267/3
f 912/184/3 913/186/3 982/289/3 981/286/3
f 910/188/2 907/185/2 980/286/2 979/290/2
f 985/1/8 986/4/8 987/3/8 988/2/8
f 1066/5/2 989/7/2 988/2/2 1061/6/2
f 1061/6/2 988/2/2 987/3/2 1062/8/2
f 992/9/8 985/1/8 988/2/8 989/7/8
f 1065/10/3 1063/11/3 985/1/3 992/9/3
f 1063/11/3 1064/12/3 986/4/3 985/1/3
f 1059/13/3 1065/10/3 992/9/3 983/14/3
f 1060/15/2 984/16/2 989/7/2 1066/5/2
f 1006/17/3 995/20/3 994/19/3 1007/18/3
f 1023/21/4 994/19/4 995/20/4 1022/22/4
f 1004/23/3 997/26/3 996/25/3 1005/24/3
f 1021/27/4 996/25/4 997/26/4 1020/28/4
f 1002/29/3 999/32/3 998/31/3 1003/30/3
f 1019/33/4 998/31/4 999/32/4 1018/34/4
f 983/14/3 992/9/3 1000/36/3 1001/35/3
f 1017/37/4 1000/36/4 992/9/4 989/7/4
f 1003/38/5 1012/41/5 1009/40/5 1002/39/5
f 1001/42/5 1010/45/5 984/44/5 983/43/5
f 1005/46/5 1014/49/5 1011/48/5 1004/47/5
f 1007/50/5 1016/53/5 1013/52/5 1006/51/5
f 984/16/2 1010/54/2 1017/37/2 989/7/2
f 1009/55/2 1012/56/2 1019/33/2 1018/34/2
f 1011/57/2 1014/58/2 1021/27/2 1020/28/2
f 1013/59/2 1016/60/2 1023/21/2 1022/22/2
f 1027/61/2 1017/37/2 1010/54/2 1026/62/2
f 1018/34/2 1028/64/2 1025/63/2 1009/55/2
f 1001/42/5 1032/66/5 1026/65/5 1010/45/5
f 1031/67/5 1002/39/5 1009/40/5 1025/68/5
f 1017/37/7 1027/61/7 1030/69/7 1000/36/7
f 1028/64/6 1018/34/6 999/32/6 1029/70/6
f 1002/29/3 1031/71/3 1029/70/3 999/32/3
f 1032/72/3 1001/35/3 1000/36/3 1030/69/3
f 1004/23/3 1033/74/3 1036/73/3 997/26/3
f 1003/38/5 1034/76/5 1039/75/5 1012/41/5
f 1033/77/5 1004/47/5 1011/48/5 1040/78/5
f 1034/79/3 1003/30/3 998/31/3 1035/80/3
f 1019/33/7 1038/81/7 1035/80/7 998/31/7
f 1037/82/6 1020/28/6 997/26/6 1036/73/6
f 1020/28/2 1037/82/2 1040/83/2 1011/57/2
f 1038/81/2 1019/33/2 1012/56/2 1039/84/2
f 1006/17/3 1041/86/3 1044/85/3 995/20/3
f 1005/46/5 1042/88/5 1047/87/5 1014/49/5
f 1041/89/5 1006/51/5 1013/52/5 1048/90/5
f 1042/91/3 1005/24/3 996/25/3 1043/92/3
f 1021/27/7 1046/93/7 1043/92/7 996/25/7
f 1045/94/6 1022/22/6 995/20/6 1044/85/6
f 1022/22/2 1045/94/2 1048/95/2 1013/59/2
f 1046/93/2 1021/27/2 1014/58/2 1047/96/2
f 1008/97/3 1049/100/3 1052/99/3 993/98/3
f 1007/50/5 1050/102/5 1055/101/5 1016/53/5
f 1049/103/5 1008/106/5 1015/105/5 1056/104/5
f 1050/107/3 1007/18/3 994/19/3 1051/108/3
f 1023/21/7 1054/109/7 1051/108/7 994/19/7
f 1053/110/6 1024/111/6 993/98/6 1052/99/6
f 1024/111/2 1053/110/2 1056/113/2 1015/112/2
f 1054/109/2 1023/21/2 1016/60/2 1055/114/2
f 1062/8/1 1064/12/1 1063/11/1 1061/6/1
f 983/43/5 984/44/5 1060/116/5 1059/115/5
f 1067/117/35 1069/120/36 1072/119/36 1071/118/35
f 1069/121/37 1068/124/17 1070/123/17 1072/122/37
f 1073/125/24 1075/128/38 1078/127/38 1077/126/24
f 1075/129/26 1074/132/27 1076/131/27 1078/130/26
f 1079/133/12 1081/136/11 1084/135/11 1083/134/12
f 1081/136/10 1080/139/9 1082/138/9 1084/137/10
f 1088/140/24 1090/143/25 1096/142/25 1095/141/24
f 1090/143/26 1089/145/27 1094/144/27 1096/142/26
f 1085/146/17 1087/149/18 1093/148/18 1092/147/17
f 1087/149/36 1086/151/20 1091/150/20 1093/148/36
f 1067/117/35 1071/118/35 1058/153/4 1057/152/4
f 1094/144/3 1068/124/3 1069/121/3 1067/155/3 1057/154/3 1064/12/3 1095/141/3 1096/142/3
f 1070/123/17 1068/124/17 1094/144/27 1089/145/27
f 1088/140/2 1062/8/2 1058/157/2 1071/156/2 1072/122/2 1070/123/2 1089/145/2 1090/143/2
f 990/158/1 991/159/1 1076/131/27 1074/132/27
f 1073/160/2 1060/15/2 1066/5/2 990/158/2 1074/132/2 1075/129/2
f 1059/115/5 1060/116/5 1073/125/24 1077/126/24
f 1076/131/3 991/159/3 1065/10/3 1059/13/3 1077/161/3 1078/130/3
f 986/4/8 1079/133/12 1083/134/12 987/3/8
f 1057/152/4 1058/153/4 1082/138/9 1080/139/9
f 1064/12/3 1057/154/3 1080/164/3 1081/163/3 1079/162/3 986/4/3
f 1062/8/2 987/3/2 1083/134/2 1084/135/2 1082/165/2 1058/157/2
f 990/158/2 1066/5/2 1061/6/2 1086/151/2 1087/149/2 1085/146/2
f 1085/146/17 1092/147/17 991/159/1 990/158/1
f 1063/11/4 1091/150/20 1086/151/20 1061/6/4
f 1064/12/5 1062/8/5 1088/140/24 1095/141/24
f 991/159/3 1092/147/3 1093/148/3 1091/150/3 1063/11/3 1065/10/3
f 1097/166/5 1098/167/5 1015/105/5 1008/106/5
f 1008/97/3 993/98/3 1099/169/3 1097/168/3
f 1015/112/2 1098/171/2 1100/170/2 1024/111/2
f 1100/170/4 1099/169/4 993/98/4 1024/111/4
f 1101/172/3 1097/168/3 1099/169/3 1103/173/3
f 1097/166/5 1101/175/5 1102/174/5 1098/167/5
f 1104/176/2 1100/170/2 1098/171/2 1102/177/2
f 1100/170/28 1104/176/28 1103/173/28 1099/169/28
f 1112/178/5 1111/181/5 1108/180/5 1107/179/5
f 1106/182/23 1105/185/23 1110/184/23 1109/183/23
f 1111/186/3 1112/187/3 1109/183/3 1110/184/3
f 1105/185/2 1106/182/2 1107/189/2 1108/188/2
f 1120/190/3 1119/193/3 1122/192/3 1121/191/3
f 1118/194/3 1117/197/3 1124/196/3 1123/195/3
f 1128/198/2 1127/201/2 1114/200/2 1113/199/2
f 1126/202/2 1125/205/2 1116/204/2 1115/203/2
f 1125/205/22 1126/202/22 1123/195/22 1124/196/22
f 1127/201/23 1128/198/23 1121/191/23 1122/192/23
f 1117/206/5 1118/209/5 1115/208/5 1116/207/5
f 1119/210/5 1120/213/5 1113/212/5 1114/211/5
f 1136/214/3 1135/217/3 1138/216/3 1137/215/3
f 1134/218/3 1133/221/3 1140/220/3 1139/219/3
f 1144/222/2 1143/225/2 1130/224/2 1129/223/2
f 1142/226/2 1141/229/2 1132/228/2 1131/227/2
f 1141/229/22 1142/226/22 1139/219/22 1140/220/22
f 1143/225/23 1144/222/23 1137/215/23 1138/216/23
f 1133/230/5 1134/233/5 1131/232/5 1132/231/5
f 1135/234/5 1136/237/5 1129/236/5 1130/235/5
f 1152/238/3 1151/241/3 1154/240/3 1153/239/3
f 1150/242/3 1149/245/3 1156/244/3 1155/243/3
f 1160/246/2 1159/249/2 1146/248/2 1145/247/2
f 1158/250/2 1157/253/2 1148/252/2 1147/251/2
f 1157/253/22 1158/250/22 1155/243/22 1156/244/22
f 1159/249/23 1160/246/23 1153/239/23 1154/240/23
f 1149/254/5 1150/257/5 1147/256/5 1148/255/5
f 1151/258/5 1152/261/5 1145/260/5 1146/259/5
f 1168/262/22 1167/265/22 1174/264/22 1173/263/22
f 1166/266/23 1165/269/23 1176/268/23 1175/267/23
f 1172/270/3 1171/271/3 1175/267/3 1176/268/3
f 1170/272/3 1169/273/3 1173/263/3 1174/264/3
f 1169/274/5 1170/277/5 1162/276/5 1161/275/5
f 1171/278/5 1172/281/5 1164/280/5 1163/279/5
f 1165/269/2 1166/266/2 1163/283/2 1164/282/2
f 1167/265/2 1168/262/2 1161/285/2 1162/284/2
f 981/286/4 1110/184/4 1105/185/4 980/286/4
f 1109/183/4 1103/173/4 1104/176/4 1106/182/4
f 1102/177/2 1107/189/2 1106/182/2 1104/176/2
f 979/287/5 1108/180/5 1111/181/5 982/288/5
f 1107/179/5 1102/174/5 1101/175/5 1112/178/5
f 1103/173/3 1109/183/3 1112/187/3 1101/172/3
f 1055/114/2 1114/200/2 1127/201/2 1054/109/2
f 1116/207/5 1113/212/5 1120/213/5 1117/206/5
f 1113/199/2 1116/204/2 1125/205/2 1128/198/2
f 1114/211/5 1055/101/5 1050/102/5 1119/210/5
f 1056/104/5 1115/208/5 1118/209/5 1049/103/5
f 1115/203/2 1056/113/2 1053/110/2 1126/202/2
f 1123/195/3 1052/99/3 1049/100/3 1118/194/3
f 1121/191/3 1124/196/3 1117/197/3 1120/190/3
f 1051/108/3 1122/192/3 1119/193/3 1050/107/3
f 1124/196/4 1121/191/4 1128/198/4 1125/205/4
f 1122/192/4 1051/108/4 1054/109/4 1127/201/4
f 1052/99/4 1123/195/4 1126/202/4 1053/110/4
f 1047/96/2 1130/224/2 1143/225/2 1046/93/2
f 1132/231/5 1129/236/5 1136/237/5 1133/230/5
f 1129/223/2 1132/228/2 1141/229/2 1144/222/2
f 1130/235/5 1047/87/5 1042/88/5 1135/234/5
f 1048/90/5 1131/232/5 1134/233/5 1041/89/5
f 1131/227/2 1048/95/2 1045/94/2 1142/226/2
f 1139/219/3 1044/85/3 1041/86/3 1134/218/3
f 1137/215/3 1140/220/3 1133/221/3 1136/214/3
f 1043/92/3 1138/216/3 1135/217/3 1042/91/3
f 1140/220/4 1137/215/4 1144/222/4 1141/229/4
f 1138/216/4 1043/92/4 1046/93/4 1143/225/4
f 1044/85/4 1139/219/4 1142/226/4 1045/94/4
f 1039/84/2 1146/248/2 1159/249/2 1038/81/2
f 1148/255/5 1145/260/5 1152/261/5 1149/254/5
f 1145/247/2 1148/252/2 1157/253/2 1160/246/2
f 1146/259/5 1039/75/5 1034/76/5 1151/258/5
f 1040/78/5 1147/256/5 1150/257/5 1033/77/5
f 1147/251/2 1040/83/2 1037/82/2 1158/250/2
f 1155/243/3 1036/73/3 1033/74/3 1150/242/3
f 1153/239/3 1156/244/3 1149/245/3 1152/238/3
f 1035/80/3 1154/240/3 1151/241/3 1034/79/3
f 1156/244/4 1153/239/4 1160/246/4 1157/253/4
f 1154/240/4 1035/80/4 1038/81/4 1159/249/4
f 1036/73/4 1155/243/4 1158/250/4 1037/82/4
f 1025/68/5 1162/276/5 1170/277/5 1031/67/5
f 1164/282/2 1161/285/2 1168/262/2 1165/269/2
f 1161/275/5 1164/280/5 1172/281/5 1169/274/5
f 1162/284/2 1025/63/2 1028/64/2 1167/265/2
f 1026/62/2 1163/283/2 1166/266/2 1027/61/2
f 1163/279/5 1026/65/5 1032/66/5 1171/278/5
f 1175/267/4 1030/69/4 1027/61/4 1166/266/4
f 1173/263/4 1176/268/4 1165/269/4 1168/262/4
f 1029/70/4 1174/264/4 1167/265/4 1028/64/4
f 1174/264/3 1029/70/3 1031/71/3 1170/272/3
f 1176/268/3 1173/263/3 1169/273/3 1172/270/3
f 1030/69/3 1175/267/3 1171/271/3 1032/72/3
f 1110/184/3 981/286/3 982/289/3 1111/186/3
f 1108/188/2 979/290/2 980/286/2 1105/185/2
f 1179/1/1 1182/2/1 1181/3/1 1180/4/1
f 1260/5/2 1255/6/2 1182/2/2 1183/7/2
f 1255/6/2 1256/8/2 1181/3/2 1182/2/2
f 1186/9/1 1183/7/1 1182/2/1 1179/1/1
f 1259/10/3 1186/9/3 1179/1/3 1257/11/3
f 1257/11/3 1179/1/3 1180/4/3 1258/12/3
f 1253/13/3 1177/14/3 1186/9/3 1259/10/3
f 1254/15/2 1260/5/2 1183/7/2 1178/16/2
f 1200/17/3 1201/18/3 1188/19/3 1189/20/3
f 1217/21/4 1216/22/4 1189/20/4 1188/19/4
f 1198/23/3 1199/24/3 1190/25/3 1191/26/3
f 1215/27/4 1214/28/4 1191/26/4 1190/25/4
f 1196/29/3 1197/30/3 1192/31/3 1193/32/3
f 1213/33/4 1212/34/4 1193/32/4 1192/31/4
f 1177/14/3 1195/35/3 1194/36/3 1186/9/3
f 1211/37/4 1183/7/4 1186/9/4 1194/36/4
f 1197/38/5 1196/39/5 1203/40/5 1206/41/5
f 1195/42/5 1177/43/5 1178/44/5 1204/45/5
f 1199/46/5 1198/47/5 1205/48/5 1208/49/5
f 1201/50/5 1200/51/5 1207/52/5 1210/53/5
f 1178/16/2 1183/7/2 1211/37/2 1204/54/2
f 1203/55/2 1212/34/2 1213/33/2 1206/56/2
f 1205/57/2 1214/28/2 1215/27/2 1208/58/2
f 1207/59/2 1216/22/2 1217/21/2 1210/60/2
f 1221/61/2 1220/62/2 1204/54/2 1211/37/2
f 1212/34/2 1203/55/2 1219/63/2 1222/64/2
f 1195/42/5 1204/45/5 1220/65/5 1226/66/5
f 1225/67/5 1219/68/5 1203/40/5 1196/39/5
f 1211/37/6 1194/36/6 1224/69/6 1221/61/6
f 1222/64/7 1223/70/7 1193/32/7 1212/34/7
f 1196/29/3 1193/32/3 1223/70/3 1225/71/3
f 1226/72/3 1224/69/3 1194/36/3 1195/35/3
f 1198/23/3 1191/26/3 1230/73/3 1227/74/3
f 1197/38/5 1206/41/5 1233/75/5 1228/76/5
f 1227/77/5 1234/78/5 1205/48/5 1198/47/5
f 1228/79/3 1229/80/3 1192/31/3 1197/30/3
f 1213/33/6 1192/31/6 1229/80/6 1232/81/6
f 1231/82/7 1230/73/7 1191/26/7 1214/28/7
f 1214/28/2 1205/57/2 1234/83/2 1231/82/2
f 1232/81/2 1233/84/2 1206/56/2 1213/33/2
f 1200/17/3 1189/20/3 1238/85/3 1235/86/3
f 1199/46/5 1208/49/5 1241/87/5 1236/88/5
f 1235/89/5 1242/90/5 1207/52/5 1200/51/5
f 1236/91/3 1237/92/3 1190/25/3 1199/24/3
f 1215/27/6 1190/25/6 1237/92/6 1240/93/6
f 1239/94/7 1238/85/7 1189/20/7 1216/22/7
f 1216/22/2 1207/59/2 1242/95/2 1239/94/2
f 1240/93/2 1241/96/2 1208/58/2 1215/27/2
f 1202/97/3 1187/98/3 1246/99/3 1243/100/3
f 1201/50/5 1210/53/5 1249/101/5 1244/102/5
f 1243/103/5 1250/104/5 1209/105/5 1202/106/5
f 1244/107/3 1245/108/3 1188/19/3 1201/18/3
f 1217/21/6 1188/19/6 1245/108/6 1248/109/6
f 1247/110/7 1246/99/7 1187/98/7 1218/111/7
f 1218/111/2 1209/112/2 1250/113/2 1247/110/2
f 1248/109/2 1249/114/2 1210/60/2 1217/21/2
f 1256/8/8 1255/6/8 1257/11/8 1258/12/8
f 1177/43/5 1253/115/5 1254/116/5 1178/44/5
f 1261/117/31 1265/118/31 1266/119/32 1263/120/32
f 1263/121/11 1266/122/11 1264/123/12 1262/124/12
f 1267/125/39 1271/126/39 1272/127/34 1269/128/34
f 1269/129/15 1272/130/15 1270/131/16 1268/132/16
f 1273/133/17 1277/134/17 1278/135/18 1275/136/18
f 1275/136/36 1278/137/36 1276/138/35 1274/139/35
f 1282/140/13 1289/141/13 1290/142/14 1284/143/14
f 1284/143/15 1290/142/15 1288/144/16 1283/145/16
f 1279/146/12 1286/147/12 1287/148/11 1281/149/11
f 1281/149/10 1287/148/10 1285/150/9 1280/151/9
f 1261/117/31 1251/152/4 1252/153/4 1265/118/31
f 1288/144/3 1290/142/3 1289/141/3 1258/12/3 1251/154/3 1261/155/3 1263/121/3 1262/124/3
f 1264/123/12 1283/145/16 1288/144/16 1262/124/12
f 1282/140/2 1284/143/2 1283/145/2 1264/123/2 1266/122/2 1265/156/2 1252/157/2 1256/8/2
f 1184/158/8 1268/132/16 1270/131/16 1185/159/8
f 1267/160/2 1269/129/2 1268/132/2 1184/158/2 1260/5/2 1254/15/2
f 1253/115/5 1271/126/39 1267/125/39 1254/116/5
f 1270/131/3 1272/130/3 1271/161/3 1253/13/3 1259/10/3 1185/159/3
f 1180/4/1 1181/3/1 1277/134/17 1273/133/17
f 1251/152/4 1274/139/35 1276/138/35 1252/153/4
f 1258/12/3 1180/4/3 1273/162/3 1275/163/3 1274/164/3 1251/154/3
f 1256/8/2 1252/157/2 1276/165/2 1278/135/2 1277/134/2 1181/3/2
f 1184/158/2 1279/146/2 1281/149/2 1280/151/2 1255/6/2 1260/5/2
f 1279/146/12 1184/158/8 1185/159/8 1286/147/12
f 1257/11/4 1255/6/4 1280/151/9 1285/150/9
f 1258/12/5 1289/141/13 1282/140/13 1256/8/5
f 1185/159/3 1259/10/3 1257/11/3 1285/150/3 1287/148/3 1286/147/3
f 1291/166/5 1202/106/5 1209/105/5 1292/167/5
f 1202/97/3 1291/168/3 1293/169/3 1187/98/3
f 1209/112/2 1218/111/2 1294/170/2 1292/171/2
f 1294/170/4 1218/111/4 1187/98/4 1293/169/4
f 1295/172/3 1297/173/3 1293/169/3 1291/168/3
f 1291/166/5 1292/167/5 1296/174/5 1295/175/5
f 1298/176/2 1296/177/2 1292/171/2 1294/170/2
f 1294/170/21 1293/169/21 1297/173/21 1298/176/21
f 1306/178/5 1301/179/5 1302/180/5 1305/181/5
f 1300/182/22 1303/183/22 1304/184/22 1299/185/22
f 1305/186/3 1304/184/3 1303/183/3 1306/187/3
f 1299/185/2 1302/188/2 1301/189/2 1300/182/2
f 1314/190/3 1315/191/3 1316/192/3 1313/193/3
f 1312/194/3 1317/195/3 1318/196/3 1311/197/3
f 1322/198/2 1307/199/2 1308/200/2 1321/201/2
f 1320/202/2 1309/203/2 1310/204/2 1319/205/2
f 1319/205/23 1318/196/23 1317/195/23 1320/202/23
f 1321/201/22 1316/192/22 1315/191/22 1322/198/22
f 1311/206/5 1310/207/5 1309/208/5 1312/209/5
f 1313/210/5 1308/211/5 1307/212/5 1314/213/5
f 1330/214/3 1331/215/3 1332/216/3 1329/217/3
f 1328/218/3 1333/219/3 1334/220/3 1327/221/3
f 1338/222/2 1323/223/2 1324/224/2 1337/225/2
f 1336/226/2 1325/227/2 1326/228/2 1335/229/2
f 1335/229/23 1334/220/23 1333/219/23 1336/226/23
f 1337/225/22 1332/216/22 1331/215/22 1338/222/22
f 1327/230/5 1326/231/5 1325/232/5 1328/233/5
f 1329/234/5 1324/235/5 1323/236/5 1330/237/5
f 1346/238/3 1347/239/3 1348/240/3 1345/241/3
f 1344/242/3 1349/243/3 1350/244/3 1343/245/3
f 1354/246/2 1339/247/2 1340/248/2 1353/249/2
f 1352/250/2 1341/251/2 1342/252/2 1351/253/2
f 1351/253/23 1350/244/23 1349/243/23 1352/250/23
f 1353/249/22 1348/240/22 1347/239/22 1354/246/22
f 1343/254/5 1342/255/5 1341/256/5 1344/257/5
f 1345/258/5 1340/259/5 1339/260/5 1346/261/5
f 1362/262/23 1367/263/23 1368/264/23 1361/265/23
f 1360/266/22 1369/267/22 1370/268/22 1359/269/22
f 1366/270/3 1370/268/3 1369/267/3 1365/271/3
f 1364/272/3 1368/264/3 1367/263/3 1363/273/3
f 1363/274/5 1355/275/5 1356/276/5 1364/277/5
f 1365/278/5 1357/279/5 1358/280/5 1366/281/5
f 1359/269/2 1358/282/2 1357/283/2 1360/266/2
f 1361/265/2 1356/284/2 1355/285/2 1362/262/2
f 1373/286/4 1372/286/4 1299/185/4 1304/184/4
f 1303/183/4 1300/182/4 1298/176/4 1297/173/4
f 1296/177/2 1298/176/2 1300/182/2 1301/189/2
f 1371/287/5 1374/288/5 1305/181/5 1302/180/5
f 1301/179/5 1306/178/5 1295/175/5 1296/174/5
f 1297/173/3 1295/172/3 1306/187/3 1303/183/3
f 1249/114/2 1248/109/2 1321/201/2 1308/200/2
f 1310/207/5 1311/206/5 1314/213/5 1307/212/5
f 1307/199/2 1322/198/2 1319/205/2 1310/204/2
f 1308/211/5 1313/210/5 1244/102/5 1249/101/5
f 1250/104/5 1243/103/5 1312/209/5 1309/208/5
f 1309/203/2 1320/202/2 1247/110/2 1250/113/2
f 1317/195/3 1312/194/3 1243/100/3 1246/99/3
f 1315/191/3 1314/190/3 1311/197/3 1318/196/3
f 1245/108/3 1244/107/3 1313/193/3 1316/192/3
f 1318/196/4 1319/205/4 1322/198/4 1315/191/4
f 1316/192/4 1321/201/4 1248/109/4 1245/108/4
f 1246/99/4 1247/110/4 1320/202/4 1317/195/4
f 1241/96/2 1240/93/2 1337/225/2 1324/224/2
f 1326/231/5 1327/230/5 1330/237/5 1323/236/5
f 1323/223/2 1338/222/2 1335/229/2 1326/228/2
f 1324/235/5 1329/234/5 1236/88/5 1241/87/5
f 1242/90/5 1235/89/5 1328/233/5 1325/232/5
f 1325/227/2 1336/226/2 1239/94/2 1242/95/2
f 1333/219/3 1328/218/3 1235/86/3 1238/85/3
f 1331/215/3 1330/214/3 1327/221/3 1334/220/3
f 1237/92/3 1236/91/3 1329/217/3 1332/216/3
f 1334/220/4 1335/229/4 1338/222/4 1331/215/4
f 1332/216/4 1337/225/4 1240/93/4 1237/92/4
f 1238/85/4 1239/94/4 1336/226/4 1333/219/4
f 1233/84/2 1232/81/2 1353/249/2 1340/248/2
f 1342/255/5 1343/254/5 1346/261/5 1339/260/5
f 1339/247/2 1354/246/2 1351/253/2 1342/252/2
f 1340/259/5 1345/258/5 1228/76/5 1233/75/5
f 1234/78/5 1227/77/5 1344/257/5 1341/256/5
f 1341/251/2 1352/250/2 1231/82/2 1234/83/2
f 1349/243/3 1344/242/3 1227/74/3 1230/73/3
f 1347/239/3 1346/238/3 1343/245/3 1350/244/3
f 1229/80/3 1228/79/3 1345/241/3 1348/240/3
f 1350/244/4 1351/253/4 1354/246/4 1347/239/4
f 1348/240/4 1353/249/4 1232/81/4 1229/80/4
f 1230/73/4 1231/82/4 1352/250/4 1349/243/4
f 1219/68/5 1225/67/5 1364/277/5 1356/276/5
f 1358/282/2 1359/269/2 1362/262/2 1355/285/2
f 1355/275/5 1363/274/5 1366/281/5 1358/280/5
f 1356/284/2 1361/265/2 1222/64/2 1219/63/2
f 1220/62/2 1221/61/2 1360/266/2 1357/283/2
f 1357/279/5 1365/278/5 1226/66/5 1220/65/5
f 1369/267/4 1360/266/4 1221/61/4 1224/69/4
f 1367/263/4 1362/262/4 1359/269/4 1370/268/4
f 1223/70/4 1222/64/4 1361/265/4 1368/264/4
f 1368/264/3 1364/272/3 1225/71/3 1223/70/3
f 1370/268/3 1366/270/3 1363/273/3 1367/263/3
f 1224/69/3 1226/72/3 1365/271/3 1369/267/3
f 1304/184/3 1305/186/3 1374/289/3 1373/286/3
f 1302/188/2 1299/185/2 1372/286/2 1371/290/2
f 1377/1/8 1378/4/8 1379/3/8 1380/2/8
f 1458/5/2 1381/7/2 1380/2/2 1453/6/2
f 1453/6/2 1380/2/2 1379/3/2 1454/8/2
f 1384/9/8 1377/1/8 1380/2/8 1381/7/8
f 1457/10/3 1455/11/3 1377/1/3 1384/9/3
f 1455/11/3 1456/12/3 1378/4/3 1377/1/3
f 1451/13/3 1457/10/3 1384/9/3 1375/14/3
f 1452/15/2 1376/16/2 1381/7/2 1458/5/2
f 1398/17/3 1387/20/3 1386/19/3 1399/18/3
f 1415/21/4 1386/19/4 1387/20/4 1414/22/4
f 1396/23/3 1389/26/3 1388/25/3 1397/24/3
f 1413/27/4 1388/25/4 1389/26/4 1412/28/4
f 1394/29/3 1391/32/3 1390/31/3 1395/30/3
f 1411/33/4 1390/31/4 1391/32/4 1410/34/4
f 1375/14/3 1384/9/3 1392/36/3 1393/35/3
f 1409/37/4 1392/36/4 1384/9/4 1381/7/4
f 1395/38/5 1404/41/5 1401/40/5 1394/39/5
f 1393/42/5 1402/45/5 1376/44/5 1375/43/5
f 1397/46/5 1406/49/5 1403/48/5 1396/47/5
f 1399/50/5 1408/53/5 1405/52/5 1398/51/5
f 1376/16/2 1402/54/2 1409/37/2 1381/7/2
f 1401/55/2 1404/56/2 1411/33/2 1410/34/2
f 1403/57/2 1406/58/2 1413/27/2 1412/28/2
f 1405/59/2 1408/60/2 1415/21/2 1414/22/2
f 1419/61/2 1409/37/2 1402/54/2 1418/62/2
f 1410/34/2 1420/64/2 1417/63/2 1401/55/2
f 1393/42/5 1424/66/5 1418/65/5 1402/45/5
f 1423/67/5 1394/39/5 1401/40/5 1417/68/5
f 1409/37/7 1419/61/7 1422/69/7 1392/36/7
f 1420/64/6 1410/34/6 1391/32/6 1421/70/6
f 1394/29/3 1423/71/3 1421/70/3 1391/32/3
f 1424/72/3 1393/35/3 1392/36/3 1422/69/3
f 1396/23/3 1425/74/3 1428/73/3 1389/26/3
f 1395/38/5 1426/76/5 1431/75/5 1404/41/5
f 1425/77/5 1396/47/5 1403/48/5 1432/78/5
f 1426/79/3 1395/30/3 1390/31/3 1427/80/3
f 1411/33/7 1430/81/7 1427/80/7 1390/31/7
f 1429/82/6 1412/28/6 1389/26/6 1428/73/6
f 1412/28/2 1429/82/2 1432/83/2 1403/57/2
f 1430/81/2 1411/33/2 1404/56/2 1431/84/2
f 1398/17/3 1433/86/3 1436/85/3 1387/20/3
f 1397/46/5 1434/88/5 1439/87/5 1406/49/5
f 1433/89/5 1398/51/5 1405/52/5 1440/90/5
f 1434/91/3 1397/24/3 1388/25/3 1435/92/3
f 1413/27/7 1438/93/7 1435/92/7 1388/25/7
f 1437/94/6 1414/22/6 1387/20/6 1436/85/6
f 1414/22/2 1437/94/2 1440/95/2 1405/59/2
f 1438/93/2 1413/27/2 1406/58/2 1439/96/2
f 1400/97/3 1441/100/3 1444/99/3 1385/98/3
f 1399/50/5 1442/102/5 1447/101/5 1408/53/5
f 1441/103/5 1400/106/5 1407/105/5 1448/104/5
f 1442/107/3 1399/18/3 1386/19/3 1443/108/3
f 1415/21/7 1446/109/7 1443/108/7 1386/19/7
f 1445/110/6 1416/111/6 1385/98/6 1444/99/6
f 1416/111/2 1445/110/2 1448/113/2 1407/112/2
f 1446/109/2 1415/21/2 1408/60/2 1447/114/2
f 1454/8/1 1456/12/1 1455/11/1 1453/6/1
f 1375/43/5 1376/44/5 1452/116/5 1451/115/5
f 1459/117/35 1461/120/36 1464/119/36 1463/118/35
f 1461/121/18 1460/124/17 1462/123/17 1464/122/18
f 1465/125/40 1467/128/38 1470/127/38 1469/126/40
f 1467/129/26 1466/132/27 1468/131/27 1470/130/26
f 1471/133/12 1473/136/11 1476/135/11 1475/134/12
f 1473/136/32 1472/139/31 1474/138/31 1476/137/32
f 1480/140/24 1482/143/25 1488/142/25 1487/141/24
f 1482/143/26 1481/145/27 1486/144/27 1488/142/26
f 1477/146/17 1479/149/18 1485/148/18 1484/147/17
f 1479/149/19 1478/151/20 1483/150/20 1485/148/19
f 1459/117/35 1463/118/35 1450/153/4 1449/152/4
f 1486/144/3 1460/124/3 1461/121/3 1459/155/3 1449/154/3 1456/12/3 1487/141/3 1488/142/3
f 1462/123/17 1460/124/17 1486/144/27 1481/145/27
f 1480/140/2 1454/8/2 1450/157/2 1463/156/2 1464/122/2 1462/123/2 1481/145/2 1482/143/2
f 1382/158/1 1383/159/1 1468/131/27 1466/132/27
f 1465/160/2 1452/15/2 1458/5/2 1382/158/2 1466/132/2 1467/129/2
f 1451/115/5 1452/116/5 1465/125/40 1469/126/40
f 1468/131/3 1383/159/3 1457/10/3 1451/13/3 1469/161/3 1470/130/3
f 1378/4/8 1471/133/12 1475/134/12 1379/3/8
f 1449/152/4 1450/153/4 1474/138/31 1472/139/31
f 1456/12/3 1449/154/3 1472/164/3 1473/163/3 1471/162/3 1378/4/3
f 1454/8/2 1379/3/2 1475/134/2 1476/135/2 1474/165/2 1450/157/2
f 1382/158/2 1458/5/2 1453/6/2 1478/151/2 1479/149/2 1477/146/2
f 1477/146/17 1484/147/17 1383/159/1 1382/158/1
f 1455/11/4 1483/150/20 1478/151/20 1453/6/4
f 1456/12/5 1454/8/5 1480/140/24 1487/141/24
f 1383/159/3 1484/147/3 1485/148/3 1483/150/3 1455/11/3 1457/10/3
f 1489/166/5 1490/167/5 1407/105/5 1400/106/5
f 1400/97/3 1385/98/3 1491/169/3 1489/168/3
f 1407/112/2 1490/171/2 1492/170/2 1416/111/2
f 1492/170/4 1491/169/4 1385/98/4 1416/111/4
f 1493/172/3 1489/168/3 1491/169/3 1495/173/3
f 1489/166/5 1493/175/5 1494/174/5 1490/167/5
f 1496/176/2 1492/170/2 1490/171/2 1494/177/2
f 1492/170/28 1496/176/28 1495/173/28 1491/169/28
f 1504/178/5 1503/181/5 1500/180/5 1499/179/5
f 1498/182/23 1497/185/23 1502/184/23 1501/183/23
f 1503/186/3 1504/187/3 1501/183/3 1502/184/3
f 1497/185/2 1498/182/2 1499/189/2 1500/188/2
f 1512/190/3 1511/193/3 1514/192/3 1513/191/3
f 1510/194/3 1509/197/3 1516/196/3 1515/195/3
f 1520/198/2 1519/201/2 1506/200/2 1505/199/2
f 1518/202/2 1517/205/2 1508/204/2 1507/203/2
f 1517/205/22 1518/202/22 1515/195/22 1516/196/22
f 1519/201/23 1520/198/23 1513/191/23 1514/192/23
f 1509/206/5 1510/209/5 1507/208/5 1508/207/5
f 1511/210/5 1512/213/5 1505/212/5 1506/211/5
f 1528/214/3 1527/217/3 1530/216/3 1529/215/3
f 1526/218/3 1525/221/3 1532/220/3 1531/219/3
f 1536/222/2 1535/225/2 1522/224/2 1521/223/2
f 1534/226/2 1533/229/2 1524/228/2 1523/227/2
f 1533/229/22 1534/226/22 1531/219/22 1532/220/22
f 1535/225/23 1536/222/23 1529/215/23 1530/216/23
f 1525/230/5 1526/233/5 1523/232/5 1524/231/5
f 1527/234/5 1528/237/5 1521/236/5 1522/235/5
f 1544/238/3 1543/241/3 1546/240/3 1545/239/3
f 1542/242/3 1541/245/3 1548/244/3 1547/243/3
f 1552/246/2 1551/249/2 1538/248/2 1537/247/2
f 1550/250/2 1549/253/2 1540/252/2 1539/251/2
f 1549/253/22 1550/250/22 1547/243/22 1548/244/22
f 1551/249/23 1552/246/23 1545/239/23 1546/240/23
f 1541/254/5 1542/257/5 1539/256/5 1540/255/5
f 1543/258/5 1544/261/5 1537/260/5 1538/259/5
f 1560/262/22 1559/265/22 1566/264/22 1565/263/22
f 1558/266/23 1557/269/23 1568/268/23 1567/267/23
f 1564/270/3 1563/271/3 1567/267/3 1568/268/3
f 1562/272/3 1561/273/3 1565/263/3 1566/264/3
f 1561/274/5 1562/277/5 1554/276/5 1553/275/5
f 1563/278/5 1564/281/5 1556/280/5 1555/279/5
f 1557/269/2 1558/266/2 1555/283/2 1556/282/2
f 1559/265/2 1560/262/2 1553/285/2 1554/284/2
f 1373/286/4 1502/184/4 1497/185/4 1372/286/4
f 1501/183/4 1495/173/4 1496/176/4 1498/182/4
f 1494/177/2 1499/189/2 1498/182/2 1496/176/2
f 1371/287/5 1500/180/5 1503/181/5 1374/288/5
f 1499/179/5 1494/174/5 1493/175/5 1504/178/5
f 1495/173/3 1501/183/3 1504/187/3 1493/172/3
f 1447/114/2 1506/200/2 1519/201/2 1446/109/2
f 1508/207/5 1505/212/5 1512/213/5 1509/206/5
f 1505/199/2 1508/204/2 1517/205/2 1520/198/2
f 1506/211/5 1447/101/5 1442/102/5 1511/210/5
f 1448/104/5 1507/208/5 1510/209/5 1441/103/5
f 1507/203/2 1448/113/2 1445/110/2 1518/202/2
f 1515/195/3 1444/99/3 1441/100/3 1510/194/3
f 1513/191/3 1516/196/3 1509/197/3 1512/190/3
f 1443/108/3 1514/192/3 1511/193/3 1442/107/3
f 1516/196/4 1513/191/4 1520/198/4 1517/205/4
f 1514/192/4 1443/108/4 1446/109/4 1519/201/4
f 1444/99/4 1515/195/4 1518/202/4 1445/110/4
f 1439/96/2 1522/224/2 1535/225/2 1438/93/2
f 1524/231/5 1521/236/5 1528/237/5 1525/230/5
f 1521/223/2 1524/228/2 1533/229/2 1536/222/2
f 1522/235/5 1439/87/5 1434/88/5 1527/234/5
f 1440/90/5 1523/232/5 1526/233/5 1433/89/5
f 1523/227/2 1440/95/2 1437/94/2 1534/226/2
f 1531/219/3 1436/85/3 1433/86/3 1526/218/3
f 1529/215/3 1532/220/3 1525/221/3 1528/214/3
f 1435/92/3 1530/216/3 1527/217/3 1434/91/3
f 1532/220/4 1529/215/4 1536/222/4 1533/229/4
f 1530/216/4 1435/92/4 1438/93/4 1535/225/4
f 1436/85/4 1531/219/4 1534/226/4 1437/94/4
f 1431/84/2 1538/248/2 1551/249/2 1430/81/2
f 1540/255/5 1537/260/5 1544/261/5 1541/254/5
f 1537/247/2 1540/252/2 1549/253/2 1552/246/2
f 1538/259/5 1431/75/5 1426/76/5 1543/258/5
f 1432/78/5 1539/256/5 1542/257/5 1425/77/5
f 1539/251/2 1432/83/2 1429/82/2 1550/250/2
f 1547/243/3 1428/73/3 1425/74/3 1542/242/3
f 1545/239/3 1548/244/3 1541/245/3 1544/238/3
f 1427/80/3 1546/240/3 1543/241/3 1426/79/3
f 1548/244/4 1545/239/4 1552/246/4 1549/253/4
f 1546/240/4 1427/80/4 1430/81/4 1551/249/4
f 1428/73/4 1547/243/4 1550/250/4 1429/82/4
f 1417/68/5 1554/276/5 1562/277/5 1423/67/5
f 1556/282/2 1553/285/2 1560/262/2 1557/269/2
f 1553/275/5 1556/280/5 1564/281/5 1561/274/5
f 1554/284/2 1417/63/2 1420/64/2 1559/265/2
f 1418/62/2 1555/283/2 1558/266/2 1419/61/2
f 1555/279/5 1418/65/5 1424/66/5 1563/278/5
f 1567/267/4 1422/69/4 1419/61/4 1558/266/4
f 1565/263/4 1568/268/4 1557/269/4 1560/262/4
f 1421/70/4 1566/264/4 1559/265/4 1420/64/4
f 1566/264/3 1421/70/3 1423/71/3 1562/272/3
f 1568/268/3 1565/263/3 1561/273/3 1564/270/3
f 1422/69/3 1567/267/3 1563/271/3 1424/72/3
f 1502/184/3 1373/286/3 1374/289/3 1503/186/3
f 1500/188/2 1371/290/2 1372/286/2 1497/185/2
