# Blender 4.5.5 LTS
# www.blender.org
o V_Liang
v -0.932000 -0.300000 0.140000
v -0.932000 -0.300000 0.190000
v -0.932000 -0.290000 0.140000
v -0.932000 -0.290000 0.190000
v -0.932000 -0.301500 0.140000
v -0.932000 -0.301500 0.190000
v -0.957000 -0.300000 0.140000
v -0.957000 -0.301500 0.140000
v -0.932000 -0.270000 0.140000
v -0.930500 -0.270000 0.140000
v -0.932000 -0.290000 0.090000
v -0.932000 -0.300000 0.090000
v -0.930500 -0.290000 0.090000
v -0.930500 -0.300000 0.090000
v -0.932000 -0.301500 0.090000
v -0.931088 -0.301500 0.190000
v -0.930500 -0.300912 0.190000
v -0.931088 -0.301500 0.140000
v -0.930500 -0.300912 0.140000
v -0.956624 -0.301500 0.092346
v -0.930500 -0.300912 0.090000
v -0.931088 -0.301500 0.090000
v -0.954544 -0.300122 0.090303
v -0.957000 -0.300000 0.186022
v -0.953022 -0.300000 0.190000
v -0.956697 -0.300000 0.187544
v -0.955835 -0.300000 0.188835
v -0.954544 -0.300000 0.189697
v -0.953022 -0.301500 0.190000
v -0.957000 -0.301500 0.186022
v -0.954544 -0.301500 0.189697
v -0.955835 -0.301500 0.188835
v -0.956697 -0.301500 0.187544
v -0.930500 -0.270000 0.186022
v -0.930500 -0.273978 0.190000
v -0.930500 -0.270303 0.187544
v -0.930500 -0.271165 0.188835
v -0.930500 -0.272456 0.189697
v -0.932000 -0.273978 0.190000
v -0.932000 -0.270000 0.186022
v -0.932000 -0.272456 0.189697
v -0.932000 -0.271165 0.188835
v -0.932000 -0.270303 0.187544
v -0.953022 -0.300000 0.090000
v -0.957000 -0.300000 0.093978
v -0.954544 -0.300000 0.090303
v -0.955835 -0.300000 0.091165
v -0.956697 -0.300000 0.092455
v -0.957000 -0.301500 0.093978
v -0.953022 -0.301500 0.090000
v -0.956697 -0.301500 0.092455
v -0.955835 -0.301500 0.091165
v -0.954544 -0.301500 0.090303
v -0.930500 -0.273978 0.090000
v -0.930500 -0.270000 0.093978
v -0.930500 -0.272456 0.090303
v -0.930500 -0.271165 0.091165
v -0.930500 -0.270303 0.092456
v -0.932000 -0.270000 0.093978
v -0.932000 -0.273978 0.090000
v -0.932000 -0.270303 0.092456
v -0.932000 -0.271165 0.091165
v -0.932000 -0.272456 0.090303
v -0.930500 -0.299505 0.140000
v -0.930500 -0.300000 0.140495
v -0.930500 -0.300495 0.140000
v -0.930500 -0.300000 0.139505
v -0.930500 -0.300000 0.189505
v -0.930500 -0.299505 0.190000
v -0.930995 -0.300000 0.190000
v -0.930500 -0.300495 0.190000
v -0.930500 -0.290495 0.190000
v -0.930500 -0.290000 0.189505
v -0.930500 -0.289505 0.190000
v -0.930995 -0.290000 0.190000
v -0.930500 -0.290000 0.140495
v -0.930500 -0.290495 0.140000
v -0.930500 -0.290000 0.139505
v -0.930500 -0.289505 0.140000
v 0.000000 -0.299505 0.190000
v 0.000000 -0.300000 0.189505
v 0.000000 -0.290495 0.140000
v 0.000000 -0.290000 0.140495
v 0.000000 -0.300000 0.140495
v 0.000000 -0.299505 0.140000
v 0.000000 -0.290000 0.189505
v 0.000000 -0.290495 0.190000
v -0.930500 -0.290000 0.165000
v 0.000000 -0.290000 0.165000
v -0.932000 -0.270000 0.165000
v -0.930500 -0.270000 0.165000
v -0.931088 -0.301500 0.165038
v -0.932000 -0.300000 0.165000
v -0.954591 -0.300000 0.090334
v -0.932000 -0.290000 0.165000
v 0.000000 -0.300000 0.165000
v -0.957000 -0.300000 0.165000
v -0.932000 -0.301500 0.165000
v -0.957000 -0.301500 0.165000
v -0.930500 -0.300912 0.165000
v -0.930500 -0.300000 0.165000
v -0.929077 -0.299505 0.190000
v -0.929077 -0.300000 0.189505
v -0.929077 -0.290495 0.140000
v -0.929077 -0.290000 0.140495
v -0.929077 -0.299505 0.140000
v -0.929077 -0.300000 0.140495
v -0.929077 -0.290495 0.190000
v -0.929077 -0.290000 0.189505
v -0.929077 -0.290000 0.165000
v -0.929077 -0.300000 0.165000
v -0.929077 -0.280000 0.141722
v -0.929077 -0.281228 0.140495
v 0.000000 -0.281228 0.140495
v 0.000000 -0.280000 0.141722
v 0.000000 -0.280000 0.163772
v 0.000000 -0.281228 0.165000
v -0.929077 -0.281228 0.165000
v -0.929077 -0.280000 0.163772
v 0.932000 -0.300000 0.140000
v 0.932000 -0.300000 0.190000
v 0.932000 -0.290000 0.140000
v 0.932000 -0.290000 0.190000
v 0.932000 -0.301500 0.140000
v 0.932000 -0.301500 0.190000
v 0.957000 -0.300000 0.140000
v 0.957000 -0.301500 0.140000
v 0.932000 -0.270000 0.140000
v 0.930500 -0.270000 0.140000
v 0.932000 -0.290000 0.090000
v 0.932000 -0.300000 0.090000
v 0.930500 -0.290000 0.090000
v 0.930500 -0.300000 0.090000
v 0.932000 -0.301500 0.090000
v 0.931088 -0.301500 0.190000
v 0.930500 -0.300912 0.190000
v 0.931088 -0.301500 0.140000
v 0.930500 -0.300912 0.140000
v 0.956624 -0.301500 0.092346
v 0.930500 -0.300912 0.090000
v 0.931088 -0.301500 0.090000
v 0.954544 -0.300122 0.090303
v 0.957000 -0.300000 0.186022
v 0.953022 -0.300000 0.190000
v 0.956697 -0.300000 0.187544
v 0.955835 -0.300000 0.188835
v 0.954544 -0.300000 0.189697
v 0.953022 -0.301500 0.190000
v 0.957000 -0.301500 0.186022
v 0.954544 -0.301500 0.189697
v 0.955835 -0.301500 0.188835
v 0.956697 -0.301500 0.187544
v 0.930500 -0.270000 0.186022
v 0.930500 -0.273978 0.190000
v 0.930500 -0.270303 0.187544
v 0.930500 -0.271165 0.188835
v 0.930500 -0.272456 0.189697
v 0.932000 -0.273978 0.190000
v 0.932000 -0.270000 0.186022
v 0.932000 -0.272456 0.189697
v 0.932000 -0.271165 0.188835
v 0.932000 -0.270303 0.187544
v 0.953022 -0.300000 0.090000
v 0.957000 -0.300000 0.093978
v 0.954544 -0.300000 0.090303
v 0.955835 -0.300000 0.091165
v 0.956697 -0.300000 0.092455
v 0.957000 -0.301500 0.093978
v 0.953022 -0.301500 0.090000
v 0.956697 -0.301500 0.092455
v 0.955835 -0.301500 0.091165
v 0.954544 -0.301500 0.090303
v 0.930500 -0.273978 0.090000
v 0.930500 -0.270000 0.093978
v 0.930500 -0.272456 0.090303
v 0.930500 -0.271165 0.091165
v 0.930500 -0.270303 0.092456
v 0.932000 -0.270000 0.093978
v 0.932000 -0.273978 0.090000
v 0.932000 -0.270303 0.092456
v 0.932000 -0.271165 0.091165
v 0.932000 -0.272456 0.090303
v 0.930500 -0.299505 0.140000
v 0.930500 -0.300000 0.140495
v 0.930500 -0.300495 0.140000
v 0.930500 -0.300000 0.139505
v 0.930500 -0.300000 0.189505
v 0.930500 -0.299505 0.190000
v 0.930995 -0.300000 0.190000
v 0.930500 -0.300495 0.190000
v 0.930500 -0.290495 0.190000
v 0.930500 -0.290000 0.189505
v 0.930500 -0.289505 0.190000
v 0.930995 -0.290000 0.190000
v 0.930500 -0.290000 0.140495
v 0.930500 -0.290495 0.140000
v 0.930500 -0.290000 0.139505
v 0.930500 -0.289505 0.140000
v 0.930500 -0.290000 0.165000
v 0.932000 -0.270000 0.165000
v 0.930500 -0.270000 0.165000
v 0.931088 -0.301500 0.165038
v 0.932000 -0.300000 0.165000
v 0.954591 -0.300000 0.090334
v 0.932000 -0.290000 0.165000
v 0.957000 -0.300000 0.165000
v 0.932000 -0.301500 0.165000
v 0.957000 -0.301500 0.165000
v 0.930500 -0.300912 0.165000
v 0.930500 -0.300000 0.165000
v 0.929077 -0.299505 0.190000
v 0.929077 -0.300000 0.189505
v 0.929077 -0.290495 0.140000
v 0.929077 -0.290000 0.140495
v 0.929077 -0.299505 0.140000
v 0.929077 -0.300000 0.140495
v 0.929077 -0.290495 0.190000
v 0.929077 -0.290000 0.189505
v 0.929077 -0.290000 0.165000
v 0.929077 -0.300000 0.165000
v 0.929077 -0.280000 0.141722
v 0.929077 -0.281228 0.140495
v 0.929077 -0.281228 0.165000
v 0.929077 -0.280000 0.163772
v -0.932000 0.300000 0.140000
v -0.932000 0.300000 0.190000
v -0.932000 0.290000 0.140000
v -0.932000 0.290000 0.190000
v -0.932000 0.301500 0.140000
v -0.932000 0.301500 0.190000
v -0.957000 0.300000 0.140000
v -0.957000 0.301500 0.140000
v -0.932000 0.270000 0.140000
v -0.930500 0.270000 0.140000
v -0.932000 0.290000 0.090000
v -0.932000 0.300000 0.090000
v -0.930500 0.290000 0.090000
v -0.930500 0.300000 0.090000
v -0.932000 0.301500 0.090000
v -0.931088 0.301500 0.190000
v -0.930500 0.300912 0.190000
v -0.931088 0.301500 0.140000
v -0.930500 0.300912 0.140000
v -0.956624 0.301500 0.092346
v -0.930500 0.300912 0.090000
v -0.931088 0.301500 0.090000
v -0.954544 0.300122 0.090303
v -0.957000 0.300000 0.186022
v -0.953022 0.300000 0.190000
v -0.956697 0.300000 0.187544
v -0.955835 0.300000 0.188835
v -0.954544 0.300000 0.189697
v -0.953022 0.301500 0.190000
v -0.957000 0.301500 0.186022
v -0.954544 0.301500 0.189697
v -0.955835 0.301500 0.188835
v -0.956697 0.301500 0.187544
v -0.930500 0.270000 0.186022
v -0.930500 0.273978 0.190000
v -0.930500 0.270303 0.187544
v -0.930500 0.271165 0.188835
v -0.930500 0.272456 0.189697
v -0.932000 0.273978 0.190000
v -0.932000 0.270000 0.186022
v -0.932000 0.272456 0.189697
v -0.932000 0.271165 0.188835
v -0.932000 0.270303 0.187544
v -0.953022 0.300000 0.090000
v -0.957000 0.300000 0.093978
v -0.954544 0.300000 0.090303
v -0.955835 0.300000 0.091165
v -0.956697 0.300000 0.092455
v -0.957000 0.301500 0.093978
v -0.953022 0.301500 0.090000
v -0.956697 0.301500 0.092455
v -0.955835 0.301500 0.091165
v -0.954544 0.301500 0.090303
v -0.930500 0.273978 0.090000
v -0.930500 0.270000 0.093978
v -0.930500 0.272456 0.090303
v -0.930500 0.271165 0.091165
v -0.930500 0.270303 0.092456
v -0.932000 0.270000 0.093978
v -0.932000 0.273978 0.090000
v -0.932000 0.270303 0.092456
v -0.932000 0.271165 0.091165
v -0.932000 0.272456 0.090303
v -0.930500 0.299505 0.140000
v -0.930500 0.300000 0.140495
v -0.930500 0.300495 0.140000
v -0.930500 0.300000 0.139505
v -0.930500 0.300000 0.189505
v -0.930500 0.299505 0.190000
v -0.930995 0.300000 0.190000
v -0.930500 0.300495 0.190000
v -0.930500 0.290495 0.190000
v -0.930500 0.290000 0.189505
v -0.930500 0.289505 0.190000
v -0.930995 0.290000 0.190000
v -0.930500 0.290000 0.140495
v -0.930500 0.290495 0.140000
v -0.930500 0.290000 0.139505
v -0.930500 0.289505 0.140000
v 0.000000 0.299505 0.190000
v 0.000000 0.300000 0.189505
v 0.000000 0.290495 0.140000
v 0.000000 0.290000 0.140495
v 0.000000 0.300000 0.140495
v 0.000000 0.299505 0.140000
v 0.000000 0.290000 0.189505
v 0.000000 0.290495 0.190000
v -0.930500 0.290000 0.165000
v 0.000000 0.290000 0.165000
v -0.932000 0.270000 0.165000
v -0.930500 0.270000 0.165000
v -0.931088 0.301500 0.165038
v -0.932000 0.300000 0.165000
v -0.954591 0.300000 0.090334
v -0.932000 0.290000 0.165000
v 0.000000 0.300000 0.165000
v -0.957000 0.300000 0.165000
v -0.932000 0.301500 0.165000
v -0.957000 0.301500 0.165000
v -0.930500 0.300912 0.165000
v -0.930500 0.300000 0.165000
v -0.929077 0.299505 0.190000
v -0.929077 0.300000 0.189505
v -0.929077 0.290495 0.140000
v -0.929077 0.290000 0.140495
v -0.929077 0.299505 0.140000
v -0.929077 0.300000 0.140495
v -0.929077 0.290495 0.190000
v -0.929077 0.290000 0.189505
v -0.929077 0.290000 0.165000
v -0.929077 0.300000 0.165000
v -0.929077 0.280000 0.141722
v -0.929077 0.281228 0.140495
v 0.000000 0.281228 0.140495
v 0.000000 0.280000 0.141722
v 0.000000 0.280000 0.163772
v 0.000000 0.281228 0.165000
v -0.929077 0.281228 0.165000
v -0.929077 0.280000 0.163772
v 0.932000 0.300000 0.140000
v 0.932000 0.300000 0.190000
v 0.932000 0.290000 0.140000
v 0.932000 0.290000 0.190000
v 0.932000 0.301500 0.140000
v 0.932000 0.301500 0.190000
v 0.957000 0.300000 0.140000
v 0.957000 0.301500 0.140000
v 0.932000 0.270000 0.140000
v 0.930500 0.270000 0.140000
v 0.932000 0.290000 0.090000
v 0.932000 0.300000 0.090000
v 0.930500 0.290000 0.090000
v 0.930500 0.300000 0.090000
v 0.932000 0.301500 0.090000
v 0.931088 0.301500 0.190000
v 0.930500 0.300912 0.190000
v 0.931088 0.301500 0.140000
v 0.930500 0.300912 0.140000
v 0.956624 0.301500 0.092346
v 0.930500 0.300912 0.090000
v 0.931088 0.301500 0.090000
v 0.954544 0.300122 0.090303
v 0.957000 0.300000 0.186022
v 0.953022 0.300000 0.190000
v 0.956697 0.300000 0.187544
v 0.955835 0.300000 0.188835
v 0.954544 0.300000 0.189697
v 0.953022 0.301500 0.190000
v 0.957000 0.301500 0.186022
v 0.954544 0.301500 0.189697
v 0.955835 0.301500 0.188835
v 0.956697 0.301500 0.187544
v 0.930500 0.270000 0.186022
v 0.930500 0.273978 0.190000
v 0.930500 0.270303 0.187544
v 0.930500 0.271165 0.188835
v 0.930500 0.272456 0.189697
v 0.932000 0.273978 0.190000
v 0.932000 0.270000 0.186022
v 0.932000 0.272456 0.189697
v 0.932000 0.271165 0.188835
v 0.932000 0.270303 0.187544
v 0.953022 0.300000 0.090000
v 0.957000 0.300000 0.093978
v 0.954544 0.300000 0.090303
v 0.955835 0.300000 0.091165
v 0.956697 0.300000 0.092455
v 0.957000 0.301500 0.093978
v 0.953022 0.301500 0.090000
v 0.956697 0.301500 0.092455
v 0.955835 0.301500 0.091165
v 0.954544 0.301500 0.090303
v 0.930500 0.273978 0.090000
v 0.930500 0.270000 0.093978
v 0.930500 0.272456 0.090303
v 0.930500 0.271165 0.091165
v 0.930500 0.270303 0.092456
v 0.932000 0.270000 0.093978
v 0.932000 0.273978 0.090000
v 0.932000 0.270303 0.092456
v 0.932000 0.271165 0.091165
v 0.932000 0.272456 0.090303
v 0.930500 0.299505 0.140000
v 0.930500 0.300000 0.140495
v 0.930500 0.300495 0.140000
v 0.930500 0.300000 0.139505
v 0.930500 0.300000 0.189505
v 0.930500 0.299505 0.190000
v 0.930995 0.300000 0.190000
v 0.930500 0.300495 0.190000
v 0.930500 0.290495 0.190000
v 0.930500 0.290000 0.189505
v 0.930500 0.289505 0.190000
v 0.930995 0.290000 0.190000
v 0.930500 0.290000 0.140495
v 0.930500 0.290495 0.140000
v 0.930500 0.290000 0.139505
v 0.930500 0.289505 0.140000
v 0.930500 0.290000 0.165000
v 0.932000 0.270000 0.165000
v 0.930500 0.270000 0.165000
v 0.931088 0.301500 0.165038
v 0.932000 0.300000 0.165000
v 0.954591 0.300000 0.090334
v 0.932000 0.290000 0.165000
v 0.957000 0.300000 0.165000
v 0.932000 0.301500 0.165000
v 0.957000 0.301500 0.165000
v 0.930500 0.300912 0.165000
v 0.930500 0.300000 0.165000
v 0.929077 0.299505 0.190000
v 0.929077 0.300000 0.189505
v 0.929077 0.290495 0.140000
v 0.929077 0.290000 0.140495
v 0.929077 0.299505 0.140000
v 0.929077 0.300000 0.140495
v 0.929077 0.290495 0.190000
v 0.929077 0.290000 0.189505
v 0.929077 0.290000 0.165000
v 0.929077 0.300000 0.165000
v 0.929077 0.280000 0.141722
v 0.929077 0.281228 0.140495
v 0.929077 0.281228 0.165000
v 0.929077 0.280000 0.163772
v -0.932000 -0.300000 0.743000
v -0.932000 -0.300000 0.793000
v -0.932000 -0.290000 0.743000
v -0.932000 -0.290000 0.793000
v -0.932000 -0.301500 0.743000
v -0.932000 -0.301500 0.793000
v -0.957000 -0.300000 0.743000
v -0.957000 -0.301500 0.743000
v -0.932000 -0.270000 0.743000
v -0.930500 -0.270000 0.743000
v -0.932000 -0.290000 0.693000
v -0.932000 -0.300000 0.693000
v -0.930500 -0.290000 0.693000
v -0.930500 -0.300000 0.693000
v -0.932000 -0.301500 0.693000
v -0.931088 -0.301500 0.793000
v -0.930500 -0.300912 0.793000
v -0.931088 -0.301500 0.743000
v -0.930500 -0.300912 0.743000
v -0.956624 -0.301500 0.695346
v -0.930500 -0.300912 0.693000
v -0.931088 -0.301500 0.693000
v -0.954544 -0.300122 0.693303
v -0.957000 -0.300000 0.789022
v -0.953022 -0.300000 0.793000
v -0.956697 -0.300000 0.790544
v -0.955835 -0.300000 0.791835
v -0.954544 -0.300000 0.792697
v -0.953022 -0.301500 0.793000
v -0.957000 -0.301500 0.789022
v -0.954544 -0.301500 0.792697
v -0.955835 -0.301500 0.791835
v -0.956697 -0.301500 0.790544
v -0.930500 -0.270000 0.789022
v -0.930500 -0.273978 0.793000
v -0.930500 -0.270303 0.790544
v -0.930500 -0.271165 0.791835
v -0.930500 -0.272456 0.792697
v -0.932000 -0.273978 0.793000
v -0.932000 -0.270000 0.789022
v -0.932000 -0.272456 0.792697
v -0.932000 -0.271165 0.791835
v -0.932000 -0.270303 0.790544
v -0.953022 -0.300000 0.693000
v -0.957000 -0.300000 0.696978
v -0.954544 -0.300000 0.693303
v -0.955835 -0.300000 0.694165
v -0.956697 -0.300000 0.695455
v -0.957000 -0.301500 0.696978
v -0.953022 -0.301500 0.693000
v -0.956697 -0.301500 0.695455
v -0.955835 -0.301500 0.694165
v -0.954544 -0.301500 0.693303
v -0.930500 -0.273978 0.693000
v -0.930500 -0.270000 0.696978
v -0.930500 -0.272456 0.693303
v -0.930500 -0.271165 0.694165
v -0.930500 -0.270303 0.695455
v -0.932000 -0.270000 0.696978
v -0.932000 -0.273978 0.693000
v -0.932000 -0.270303 0.695455
v -0.932000 -0.271165 0.694165
v -0.932000 -0.272456 0.693303
v -0.930500 -0.299505 0.743000
v -0.930500 -0.300000 0.743495
v -0.930500 -0.300495 0.743000
v -0.930500 -0.300000 0.742505
v -0.930500 -0.300000 0.792505
v -0.930500 -0.299505 0.793000
v -0.930995 -0.300000 0.793000
v -0.930500 -0.300495 0.793000
v -0.930500 -0.290495 0.793000
v -0.930500 -0.290000 0.792505
v -0.930500 -0.289505 0.793000
v -0.930995 -0.290000 0.793000
v -0.930500 -0.290000 0.743495
v -0.930500 -0.290495 0.743000
v -0.930500 -0.290000 0.742505
v -0.930500 -0.289505 0.743000
v 0.000000 -0.299505 0.793000
v 0.000000 -0.300000 0.792505
v 0.000000 -0.290495 0.743000
v 0.000000 -0.290000 0.743495
v 0.000000 -0.300000 0.743495
v 0.000000 -0.299505 0.743000
v 0.000000 -0.290000 0.792505
v 0.000000 -0.290495 0.793000
v -0.930500 -0.290000 0.768000
v 0.000000 -0.290000 0.768000
v -0.932000 -0.270000 0.768000
v -0.930500 -0.270000 0.768000
v -0.931088 -0.301500 0.768038
v -0.932000 -0.300000 0.768000
v -0.954591 -0.300000 0.693334
v -0.932000 -0.290000 0.768000
v 0.000000 -0.300000 0.768000
v -0.957000 -0.300000 0.768000
v -0.932000 -0.301500 0.768000
v -0.957000 -0.301500 0.768000
v -0.930500 -0.300912 0.768000
v -0.930500 -0.300000 0.768000
v -0.929077 -0.299505 0.793000
v -0.929077 -0.300000 0.792505
v -0.929077 -0.290495 0.743000
v -0.929077 -0.290000 0.743495
v -0.929077 -0.299505 0.743000
v -0.929077 -0.300000 0.743495
v -0.929077 -0.290495 0.793000
v -0.929077 -0.290000 0.792505
v -0.929077 -0.290000 0.768000
v -0.929077 -0.300000 0.768000
v -0.929077 -0.280000 0.744722
v -0.929077 -0.281228 0.743495
v 0.000000 -0.281228 0.743495
v 0.000000 -0.280000 0.744722
v 0.000000 -0.280000 0.766772
v 0.000000 -0.281228 0.768000
v -0.929077 -0.281228 0.768000
v -0.929077 -0.280000 0.766772
v 0.932000 -0.300000 0.743000
v 0.932000 -0.300000 0.793000
v 0.932000 -0.290000 0.743000
v 0.932000 -0.290000 0.793000
v 0.932000 -0.301500 0.743000
v 0.932000 -0.301500 0.793000
v 0.957000 -0.300000 0.743000
v 0.957000 -0.301500 0.743000
v 0.932000 -0.270000 0.743000
v 0.930500 -0.270000 0.743000
v 0.932000 -0.290000 0.693000
v 0.932000 -0.300000 0.693000
v 0.930500 -0.290000 0.693000
v 0.930500 -0.300000 0.693000
v 0.932000 -0.301500 0.693000
v 0.931088 -0.301500 0.793000
v 0.930500 -0.300912 0.793000
v 0.931088 -0.301500 0.743000
v 0.930500 -0.300912 0.743000
v 0.956624 -0.301500 0.695346
v 0.930500 -0.300912 0.693000
v 0.931088 -0.301500 0.693000
v 0.954544 -0.300122 0.693303
v 0.957000 -0.300000 0.789022
v 0.953022 -0.300000 0.793000
v 0.956697 -0.300000 0.790544
v 0.955835 -0.300000 0.791835
v 0.954544 -0.300000 0.792697
v 0.953022 -0.301500 0.793000
v 0.957000 -0.301500 0.789022
v 0.954544 -0.301500 0.792697
v 0.955835 -0.301500 0.791835
v 0.956697 -0.301500 0.790544
v 0.930500 -0.270000 0.789022
v 0.930500 -0.273978 0.793000
v 0.930500 -0.270303 0.790544
v 0.930500 -0.271165 0.791835
v 0.930500 -0.272456 0.792697
v 0.932000 -0.273978 0.793000
v 0.932000 -0.270000 0.789022
v 0.932000 -0.272456 0.792697
v 0.932000 -0.271165 0.791835
v 0.932000 -0.270303 0.790544
v 0.953022 -0.300000 0.693000
v 0.957000 -0.300000 0.696978
v 0.954544 -0.300000 0.693303
v 0.955835 -0.300000 0.694165
v 0.956697 -0.300000 0.695455
v 0.957000 -0.301500 0.696978
v 0.953022 -0.301500 0.693000
v 0.956697 -0.301500 0.695455
v 0.955835 -0.301500 0.694165
v 0.954544 -0.301500 0.693303
v 0.930500 -0.273978 0.693000
v 0.930500 -0.270000 0.696978
v 0.930500 -0.272456 0.693303
v 0.930500 -0.271165 0.694165
v 0.930500 -0.270303 0.695455
v 0.932000 -0.270000 0.696978
v 0.932000 -0.273978 0.693000
v 0.932000 -0.270303 0.695455
v 0.932000 -0.271165 0.694165
v 0.932000 -0.272456 0.693303
v 0.930500 -0.299505 0.743000
v 0.930500 -0.300000 0.743495
v 0.930500 -0.300495 0.743000
v 0.930500 -0.300000 0.742505
v 0.930500 -0.300000 0.792505
v 0.930500 -0.299505 0.793000
v 0.930995 -0.300000 0.793000
v 0.930500 -0.300495 0.793000
v 0.930500 -0.290495 0.793000
v 0.930500 -0.290000 0.792505
v 0.930500 -0.289505 0.793000
v 0.930995 -0.290000 0.793000
v 0.930500 -0.290000 0.743495
v 0.930500 -0.290495 0.743000
v 0.930500 -0.290000 0.742505
v 0.930500 -0.289505 0.743000
v 0.930500 -0.290000 0.768000
v 0.932000 -0.270000 0.768000
v 0.930500 -0.270000 0.768000
v 0.931088 -0.301500 0.768038
v 0.932000 -0.300000 0.768000
v 0.954591 -0.300000 0.693334
v 0.932000 -0.290000 0.768000
v 0.957000 -0.300000 0.768000
v 0.932000 -0.301500 0.768000
v 0.957000 -0.301500 0.768000
v 0.930500 -0.300912 0.768000
v 0.930500 -0.300000 0.768000
v 0.929077 -0.299505 0.793000
v 0.929077 -0.300000 0.792505
v 0.929077 -0.290495 0.743000
v 0.929077 -0.290000 0.743495
v 0.929077 -0.299505 0.743000
v 0.929077 -0.300000 0.743495
v 0.929077 -0.290495 0.793000
v 0.929077 -0.290000 0.792505
v 0.929077 -0.290000 0.768000
v 0.929077 -0.300000 0.768000
v 0.929077 -0.280000 0.744722
v 0.929077 -0.281228 0.743495
v 0.929077 -0.281228 0.768000
v 0.929077 -0.280000 0.766772
v -0.932000 0.300000 0.743000
v -0.932000 0.300000 0.793000
v -0.932000 0.290000 0.743000
v -0.932000 0.290000 0.793000
v -0.932000 0.301500 0.743000
v -0.932000 0.301500 0.793000
v -0.957000 0.300000 0.743000
v -0.957000 0.301500 0.743000
v -0.932000 0.270000 0.743000
v -0.930500 0.270000 0.743000
v -0.932000 0.290000 0.693000
v -0.932000 0.300000 0.693000
v -0.930500 0.290000 0.693000
v -0.930500 0.300000 0.693000
v -0.932000 0.301500 0.693000
v -0.931088 0.301500 0.793000
v -0.930500 0.300912 0.793000
v -0.931088 0.301500 0.743000
v -0.930500 0.300912 0.743000
v -0.956624 0.301500 0.695346
v -0.930500 0.300912 0.693000
v -0.931088 0.301500 0.693000
v -0.954544 0.300122 0.693303
v -0.957000 0.300000 0.789022
v -0.953022 0.300000 0.793000
v -0.956697 0.300000 0.790544
v -0.955835 0.300000 0.791835
v -0.954544 0.300000 0.792697
v -0.953022 0.301500 0.793000
v -0.957000 0.301500 0.789022
v -0.954544 0.301500 0.792697
v -0.955835 0.301500 0.791835
v -0.956697 0.301500 0.790544
v -0.930500 0.270000 0.789022
v -0.930500 0.273978 0.793000
v -0.930500 0.270303 0.790544
v -0.930500 0.271165 0.791835
v -0.930500 0.272456 0.792697
v -0.932000 0.273978 0.793000
v -0.932000 0.270000 0.789022
v -0.932000 0.272456 0.792697
v -0.932000 0.271165 0.791835
v -0.932000 0.270303 0.790544
v -0.953022 0.300000 0.693000
v -0.957000 0.300000 0.696978
v -0.954544 0.300000 0.693303
v -0.955835 0.300000 0.694165
v -0.956697 0.300000 0.695455
v -0.957000 0.301500 0.696978
v -0.953022 0.301500 0.693000
v -0.956697 0.301500 0.695455
v -0.955835 0.301500 0.694165
v -0.954544 0.301500 0.693303
v -0.930500 0.273978 0.693000
v -0.930500 0.270000 0.696978
v -0.930500 0.272456 0.693303
v -0.930500 0.271165 0.694165
v -0.930500 0.270303 0.695455
v -0.932000 0.270000 0.696978
v -0.932000 0.273978 0.693000
v -0.932000 0.270303 0.695455
v -0.932000 0.271165 0.694165
v -0.932000 0.272456 0.693303
v -0.930500 0.299505 0.743000
v -0.930500 0.300000 0.743495
v -0.930500 0.300495 0.743000
v -0.930500 0.300000 0.742505
v -0.930500 0.300000 0.792505
v -0.930500 0.299505 0.793000
v -0.930995 0.300000 0.793000
v -0.930500 0.300495 0.793000
v -0.930500 0.290495 0.793000
v -0.930500 0.290000 0.792505
v -0.930500 0.289505 0.793000
v -0.930995 0.290000 0.793000
v -0.930500 0.290000 0.743495
v -0.930500 0.290495 0.743000
v -0.930500 0.290000 0.742505
v -0.930500 0.289505 0.743000
v 0.000000 0.299505 0.793000
v 0.000000 0.300000 0.792505
v 0.000000 0.290495 0.743000
v 0.000000 0.290000 0.743495
v 0.000000 0.300000 0.743495
v 0.000000 0.299505 0.743000
v 0.000000 0.290000 0.792505
v 0.000000 0.290495 0.793000
v -0.930500 0.290000 0.768000
v 0.000000 0.290000 0.768000
v -0.932000 0.270000 0.768000
v -0.930500 0.270000 0.768000
v -0.931088 0.301500 0.768038
v -0.932000 0.300000 0.768000
v -0.954591 0.300000 0.693334
v -0.932000 0.290000 0.768000
v 0.000000 0.300000 0.768000
v -0.957000 0.300000 0.768000
v -0.932000 0.301500 0.768000
v -0.957000 0.301500 0.768000
v -0.930500 0.300912 0.768000
v -0.930500 0.300000 0.768000
v -0.929077 0.299505 0.793000
v -0.929077 0.300000 0.792505
v -0.929077 0.290495 0.743000
v -0.929077 0.290000 0.743495
v -0.929077 0.299505 0.743000
v -0.929077 0.300000 0.743495
v -0.929077 0.290495 0.793000
v -0.929077 0.290000 0.792505
v -0.929077 0.290000 0.768000
v -0.929077 0.300000 0.768000
v -0.929077 0.280000 0.744722
v -0.929077 0.281228 0.743495
v 0.000000 0.281228 0.743495
v 0.000000 0.280000 0.744722
v 0.000000 0.280000 0.766772
v 0.000000 0.281228 0.768000
v -0.929077 0.281228 0.768000
v -0.929077 0.280000 0.766772
v 0.932000 0.300000 0.743000
v 0.932000 0.300000 0.793000
v 0.932000 0.290000 0.743000
v 0.932000 0.290000 0.793000
v 0.932000 0.301500 0.743000
v 0.932000 0.301500 0.793000
v 0.957000 0.300000 0.743000
v 0.957000 0.301500 0.743000
v 0.932000 0.270000 0.743000
v 0.930500 0.270000 0.743000
v 0.932000 0.290000 0.693000
v 0.932000 0.300000 0.693000
v 0.930500 0.290000 0.693000
v 0.930500 0.300000 0.693000
v 0.932000 0.301500 0.693000
v 0.931088 0.301500 0.793000
v 0.930500 0.300912 0.793000
v 0.931088 0.301500 0.743000
v 0.930500 0.300912 0.743000
v 0.956624 0.301500 0.695346
v 0.930500 0.300912 0.693000
v 0.931088 0.301500 0.693000
v 0.954544 0.300122 0.693303
v 0.957000 0.300000 0.789022
v 0.953022 0.300000 0.793000
v 0.956697 0.300000 0.790544
v 0.955835 0.300000 0.791835
v 0.954544 0.300000 0.792697
v 0.953022 0.301500 0.793000
v 0.957000 0.301500 0.789022
v 0.954544 0.301500 0.792697
v 0.955835 0.301500 0.791835
v 0.956697 0.301500 0.790544
v 0.930500 0.270000 0.789022
v 0.930500 0.273978 0.793000
v 0.930500 0.270303 0.790544
v 0.930500 0.271165 0.791835
v 0.930500 0.272456 0.792697
v 0.932000 0.273978 0.793000
v 0.932000 0.270000 0.789022
v 0.932000 0.272456 0.792697
v 0.932000 0.271165 0.791835
v 0.932000 0.270303 0.790544
v 0.953022 0.300000 0.693000
v 0.957000 0.300000 0.696978
v 0.954544 0.300000 0.693303
v 0.955835 0.300000 0.694165
v 0.956697 0.300000 0.695455
v 0.957000 0.301500 0.696978
v 0.953022 0.301500 0.693000
v 0.956697 0.301500 0.695455
v 0.955835 0.301500 0.694165
v 0.954544 0.301500 0.693303
v 0.930500 0.273978 0.693000
v 0.930500 0.270000 0.696978
v 0.930500 0.272456 0.693303
v 0.930500 0.271165 0.694165
v 0.930500 0.270303 0.695455
v 0.932000 0.270000 0.696978
v 0.932000 0.273978 0.693000
v 0.932000 0.270303 0.695455
v 0.932000 0.271165 0.694165
v 0.932000 0.272456 0.693303
v 0.930500 0.299505 0.743000
v 0.930500 0.300000 0.743495
v 0.930500 0.300495 0.743000
v 0.930500 0.300000 0.742505
v 0.930500 0.300000 0.792505
v 0.930500 0.299505 0.793000
v 0.930995 0.300000 0.793000
v 0.930500 0.300495 0.793000
v 0.930500 0.290495 0.793000
v 0.930500 0.290000 0.792505
v 0.930500 0.289505 0.793000
v 0.930995 0.290000 0.793000
v 0.930500 0.290000 0.743495
v 0.930500 0.290495 0.743000
v 0.930500 0.290000 0.742505
v 0.930500 0.289505 0.743000
v 0.930500 0.290000 0.768000
v 0.932000 0.270000 0.768000
v 0.930500 0.270000 0.768000
v 0.931088 0.301500 0.768038
v 0.932000 0.300000 0.768000
v 0.954591 0.300000 0.693334
v 0.932000 0.290000 0.768000
v 0.957000 0.300000 0.768000
v 0.932000 0.301500 0.768000
v 0.957000 0.301500 0.768000
v 0.930500 0.300912 0.768000
v 0.930500 0.300000 0.768000
v 0.929077 0.299505 0.793000
v 0.929077 0.300000 0.792505
v 0.929077 0.290495 0.743000
v 0.929077 0.290000 0.743495
v 0.929077 0.299505 0.743000
v 0.929077 0.300000 0.743495
v 0.929077 0.290495 0.793000
v 0.929077 0.290000 0.792505
v 0.929077 0.290000 0.768000
v 0.929077 0.300000 0.768000
v 0.929077 0.280000 0.744722
v 0.929077 0.281228 0.743495
v 0.929077 0.281228 0.768000
v 0.929077 0.280000 0.766772
v -0.932000 -0.300000 1.346000
v -0.932000 -0.300000 1.396000
v -0.932000 -0.290000 1.346000
v -0.932000 -0.290000 1.396000
v -0.932000 -0.301500 1.346000
v -0.932000 -0.301500 1.396000
v -0.957000 -0.300000 1.346000
v -0.957000 -0.301500 1.346000
v -0.932000 -0.270000 1.346000
v -0.930500 -0.270000 1.346000
v -0.932000 -0.290000 1.296000
v -0.932000 -0.300000 1.296000
v -0.930500 -0.290000 1.296000
v -0.930500 -0.300000 1.296000
v -0.932000 -0.301500 1.296000
v -0.931088 -0.301500 1.396000
v -0.930500 -0.300912 1.396000
v -0.931088 -0.301500 1.346000
v -0.930500 -0.300912 1.346000
v -0.956624 -0.301500 1.298346
v -0.930500 -0.300912 1.296000
v -0.931088 -0.301500 1.296000
v -0.954544 -0.300122 1.296303
v -0.957000 -0.300000 1.392022
v -0.953022 -0.300000 1.396000
v -0.956697 -0.300000 1.393544
v -0.955835 -0.300000 1.394835
v -0.954544 -0.300000 1.395697
v -0.953022 -0.301500 1.396000
v -0.957000 -0.301500 1.392022
v -0.954544 -0.301500 1.395697
v -0.955835 -0.301500 1.394835
v -0.956697 -0.301500 1.393544
v -0.930500 -0.270000 1.392022
v -0.930500 -0.273978 1.396000
v -0.930500 -0.270303 1.393544
v -0.930500 -0.271165 1.394835
v -0.930500 -0.272456 1.395697
v -0.932000 -0.273978 1.396000
v -0.932000 -0.270000 1.392022
v -0.932000 -0.272456 1.395697
v -0.932000 -0.271165 1.394835
v -0.932000 -0.270303 1.393544
v -0.953022 -0.300000 1.296000
v -0.957000 -0.300000 1.299978
v -0.954544 -0.300000 1.296303
v -0.955835 -0.300000 1.297165
v -0.956697 -0.300000 1.298455
v -0.957000 -0.301500 1.299978
v -0.953022 -0.301500 1.296000
v -0.956697 -0.301500 1.298455
v -0.955835 -0.301500 1.297165
v -0.954544 -0.301500 1.296303
v -0.930500 -0.273978 1.296000
v -0.930500 -0.270000 1.299978
v -0.930500 -0.272456 1.296303
v -0.930500 -0.271165 1.297165
v -0.930500 -0.270303 1.298455
v -0.932000 -0.270000 1.299978
v -0.932000 -0.273978 1.296000
v -0.932000 -0.270303 1.298455
v -0.932000 -0.271165 1.297165
v -0.932000 -0.272456 1.296303
v -0.930500 -0.299505 1.346000
v -0.930500 -0.300000 1.346495
v -0.930500 -0.300495 1.346000
v -0.930500 -0.300000 1.345505
v -0.930500 -0.300000 1.395505
v -0.930500 -0.299505 1.396000
v -0.930995 -0.300000 1.396000
v -0.930500 -0.300495 1.396000
v -0.930500 -0.290495 1.396000
v -0.930500 -0.290000 1.395505
v -0.930500 -0.289505 1.396000
v -0.930995 -0.290000 1.396000
v -0.930500 -0.290000 1.346495
v -0.930500 -0.290495 1.346000
v -0.930500 -0.290000 1.345505
v -0.930500 -0.289505 1.346000
v 0.000000 -0.299505 1.396000
v 0.000000 -0.300000 1.395505
v 0.000000 -0.290495 1.346000
v 0.000000 -0.290000 1.346495
v 0.000000 -0.300000 1.346495
v 0.000000 -0.299505 1.346000
v 0.000000 -0.290000 1.395505
v 0.000000 -0.290495 1.396000
v -0.930500 -0.290000 1.371000
v 0.000000 -0.290000 1.371000
v -0.932000 -0.270000 1.371000
v -0.930500 -0.270000 1.371000
v -0.931088 -0.301500 1.371038
v -0.932000 -0.300000 1.371000
v -0.954591 -0.300000 1.296334
v -0.932000 -0.290000 1.371000
v 0.000000 -0.300000 1.371000
v -0.957000 -0.300000 1.371000
v -0.932000 -0.301500 1.371000
v -0.957000 -0.301500 1.371000
v -0.930500 -0.300912 1.371000
v -0.930500 -0.300000 1.371000
v -0.929077 -0.299505 1.396000
v -0.929077 -0.300000 1.395505
v -0.929077 -0.290495 1.346000
v -0.929077 -0.290000 1.346495
v -0.929077 -0.299505 1.346000
v -0.929077 -0.300000 1.346495
v -0.929077 -0.290495 1.396000
v -0.929077 -0.290000 1.395505
v -0.929077 -0.290000 1.371000
v -0.929077 -0.300000 1.371000
v -0.929077 -0.280000 1.347722
v -0.929077 -0.281228 1.346495
v 0.000000 -0.281228 1.346495
v 0.000000 -0.280000 1.347722
v 0.000000 -0.280000 1.369772
v 0.000000 -0.281228 1.371000
v -0.929077 -0.281228 1.371000
v -0.929077 -0.280000 1.369772
v 0.932000 -0.300000 1.346000
v 0.932000 -0.300000 1.396000
v 0.932000 -0.290000 1.346000
v 0.932000 -0.290000 1.396000
v 0.932000 -0.301500 1.346000
v 0.932000 -0.301500 1.396000
v 0.957000 -0.300000 1.346000
v 0.957000 -0.301500 1.346000
v 0.932000 -0.270000 1.346000
v 0.930500 -0.270000 1.346000
v 0.932000 -0.290000 1.296000
v 0.932000 -0.300000 1.296000
v 0.930500 -0.290000 1.296000
v 0.930500 -0.300000 1.296000
v 0.932000 -0.301500 1.296000
v 0.931088 -0.301500 1.396000
v 0.930500 -0.300912 1.396000
v 0.931088 -0.301500 1.346000
v 0.930500 -0.300912 1.346000
v 0.956624 -0.301500 1.298346
v 0.930500 -0.300912 1.296000
v 0.931088 -0.301500 1.296000
v 0.954544 -0.300122 1.296303
v 0.957000 -0.300000 1.392022
v 0.953022 -0.300000 1.396000
v 0.956697 -0.300000 1.393544
v 0.955835 -0.300000 1.394835
v 0.954544 -0.300000 1.395697
v 0.953022 -0.301500 1.396000
v 0.957000 -0.301500 1.392022
v 0.954544 -0.301500 1.395697
v 0.955835 -0.301500 1.394835
v 0.956697 -0.301500 1.393544
v 0.930500 -0.270000 1.392022
v 0.930500 -0.273978 1.396000
v 0.930500 -0.270303 1.393544
v 0.930500 -0.271165 1.394835
v 0.930500 -0.272456 1.395697
v 0.932000 -0.273978 1.396000
v 0.932000 -0.270000 1.392022
v 0.932000 -0.272456 1.395697
v 0.932000 -0.271165 1.394835
v 0.932000 -0.270303 1.393544
v 0.953022 -0.300000 1.296000
v 0.957000 -0.300000 1.299978
v 0.954544 -0.300000 1.296303
v 0.955835 -0.300000 1.297165
v 0.956697 -0.300000 1.298455
v 0.957000 -0.301500 1.299978
v 0.953022 -0.301500 1.296000
v 0.956697 -0.301500 1.298455
v 0.955835 -0.301500 1.297165
v 0.954544 -0.301500 1.296303
v 0.930500 -0.273978 1.296000
v 0.930500 -0.270000 1.299978
v 0.930500 -0.272456 1.296303
v 0.930500 -0.271165 1.297165
v 0.930500 -0.270303 1.298455
v 0.932000 -0.270000 1.299978
v 0.932000 -0.273978 1.296000
v 0.932000 -0.270303 1.298455
v 0.932000 -0.271165 1.297165
v 0.932000 -0.272456 1.296303
v 0.930500 -0.299505 1.346000
v 0.930500 -0.300000 1.346495
v 0.930500 -0.300495 1.346000
v 0.930500 -0.300000 1.345505
v 0.930500 -0.300000 1.395505
v 0.930500 -0.299505 1.396000
v 0.930995 -0.300000 1.396000
v 0.930500 -0.300495 1.396000
v 0.930500 -0.290495 1.396000
v 0.930500 -0.290000 1.395505
v 0.930500 -0.289505 1.396000
v 0.930995 -0.290000 1.396000
v 0.930500 -0.290000 1.346495
v 0.930500 -0.290495 1.346000
v 0.930500 -0.290000 1.345505
v 0.930500 -0.289505 1.346000
v 0.930500 -0.290000 1.371000
v 0.932000 -0.270000 1.371000
v 0.930500 -0.270000 1.371000
v 0.931088 -0.301500 1.371038
v 0.932000 -0.300000 1.371000
v 0.954591 -0.300000 1.296334
v 0.932000 -0.290000 1.371000
v 0.957000 -0.300000 1.371000
v 0.932000 -0.301500 1.371000
v 0.957000 -0.301500 1.371000
v 0.930500 -0.300912 1.371000
v 0.930500 -0.300000 1.371000
v 0.929077 -0.299505 1.396000
v 0.929077 -0.300000 1.395505
v 0.929077 -0.290495 1.346000
v 0.929077 -0.290000 1.346495
v 0.929077 -0.299505 1.346000
v 0.929077 -0.300000 1.346495
v 0.929077 -0.290495 1.396000
v 0.929077 -0.290000 1.395505
v 0.929077 -0.290000 1.371000
v 0.929077 -0.300000 1.371000
v 0.929077 -0.280000 1.347722
v 0.929077 -0.281228 1.346495
v 0.929077 -0.281228 1.371000
v 0.929077 -0.280000 1.369772
v -0.932000 0.300000 1.346000
v -0.932000 0.300000 1.396000
v -0.932000 0.290000 1.346000
v -0.932000 0.290000 1.396000
v -0.932000 0.301500 1.346000
v -0.932000 0.301500 1.396000
v -0.957000 0.300000 1.346000
v -0.957000 0.301500 1.346000
v -0.932000 0.270000 1.346000
v -0.930500 0.270000 1.346000
v -0.932000 0.290000 1.296000
v -0.932000 0.300000 1.296000
v -0.930500 0.290000 1.296000
v -0.930500 0.300000 1.296000
v -0.932000 0.301500 1.296000
v -0.931088 0.301500 1.396000
v -0.930500 0.300912 1.396000
v -0.931088 0.301500 1.346000
v -0.930500 0.300912 1.346000
v -0.956624 0.301500 1.298346
v -0.930500 0.300912 1.296000
v -0.931088 0.301500 1.296000
v -0.954544 0.300122 1.296303
v -0.957000 0.300000 1.392022
v -0.953022 0.300000 1.396000
v -0.956697 0.300000 1.393544
v -0.955835 0.300000 1.394835
v -0.954544 0.300000 1.395697
v -0.953022 0.301500 1.396000
v -0.957000 0.301500 1.392022
v -0.954544 0.301500 1.395697
v -0.955835 0.301500 1.394835
v -0.956697 0.301500 1.393544
v -0.930500 0.270000 1.392022
v -0.930500 0.273978 1.396000
v -0.930500 0.270303 1.393544
v -0.930500 0.271165 1.394835
v -0.930500 0.272456 1.395697
v -0.932000 0.273978 1.396000
v -0.932000 0.270000 1.392022
v -0.932000 0.272456 1.395697
v -0.932000 0.271165 1.394835
v -0.932000 0.270303 1.393544
v -0.953022 0.300000 1.296000
v -0.957000 0.300000 1.299978
v -0.954544 0.300000 1.296303
v -0.955835 0.300000 1.297165
v -0.956697 0.300000 1.298455
v -0.957000 0.301500 1.299978
v -0.953022 0.301500 1.296000
v -0.956697 0.301500 1.298455
v -0.955835 0.301500 1.297165
v -0.954544 0.301500 1.296303
v -0.930500 0.273978 1.296000
v -0.930500 0.270000 1.299978
v -0.930500 0.272456 1.296303
v -0.930500 0.271165 1.297165
v -0.930500 0.270303 1.298455
v -0.932000 0.270000 1.299978
v -0.932000 0.273978 1.296000
v -0.932000 0.270303 1.298455
v -0.932000 0.271165 1.297165
v -0.932000 0.272456 1.296303
v -0.930500 0.299505 1.346000
v -0.930500 0.300000 1.346495
v -0.930500 0.300495 1.346000
v -0.930500 0.300000 1.345505
v -0.930500 0.300000 1.395505
v -0.930500 0.299505 1.396000
v -0.930995 0.300000 1.396000
v -0.930500 0.300495 1.396000
v -0.930500 0.290495 1.396000
v -0.930500 0.290000 1.395505
v -0.930500 0.289505 1.396000
v -0.930995 0.290000 1.396000
v -0.930500 0.290000 1.346495
v -0.930500 0.290495 1.346000
v -0.930500 0.290000 1.345505
v -0.930500 0.289505 1.346000
v 0.000000 0.299505 1.396000
v 0.000000 0.300000 1.395505
v 0.000000 0.290495 1.346000
v 0.000000 0.290000 1.346495
v 0.000000 0.300000 1.346495
v 0.000000 0.299505 1.346000
v 0.000000 0.290000 1.395505
v 0.000000 0.290495 1.396000
v -0.930500 0.290000 1.371000
v 0.000000 0.290000 1.371000
v -0.932000 0.270000 1.371000
v -0.930500 0.270000 1.371000
v -0.931088 0.301500 1.371038
v -0.932000 0.300000 1.371000
v -0.954591 0.300000 1.296334
v -0.932000 0.290000 1.371000
v 0.000000 0.300000 1.371000
v -0.957000 0.300000 1.371000
v -0.932000 0.301500 1.371000
v -0.957000 0.301500 1.371000
v -0.930500 0.300912 1.371000
v -0.930500 0.300000 1.371000
v -0.929077 0.299505 1.396000
v -0.929077 0.300000 1.395505
v -0.929077 0.290495 1.346000
v -0.929077 0.290000 1.346495
v -0.929077 0.299505 1.346000
v -0.929077 0.300000 1.346495
v -0.929077 0.290495 1.396000
v -0.929077 0.290000 1.395505
v -0.929077 0.290000 1.371000
v -0.929077 0.300000 1.371000
v -0.929077 0.280000 1.347722
v -0.929077 0.281228 1.346495
v 0.000000 0.281228 1.346495
v 0.000000 0.280000 1.347722
v 0.000000 0.280000 1.369772
v 0.000000 0.281228 1.371000
v -0.929077 0.281228 1.371000
v -0.929077 0.280000 1.369772
v 0.932000 0.300000 1.346000
v 0.932000 0.300000 1.396000
v 0.932000 0.290000 1.346000
v 0.932000 0.290000 1.396000
v 0.932000 0.301500 1.346000
v 0.932000 0.301500 1.396000
v 0.957000 0.300000 1.346000
v 0.957000 0.301500 1.346000
v 0.932000 0.270000 1.346000
v 0.930500 0.270000 1.346000
v 0.932000 0.290000 1.296000
v 0.932000 0.300000 1.296000
v 0.930500 0.290000 1.296000
v 0.930500 0.300000 1.296000
v 0.932000 0.301500 1.296000
v 0.931088 0.301500 1.396000
v 0.930500 0.300912 1.396000
v 0.931088 0.301500 1.346000
v 0.930500 0.300912 1.346000
v 0.956624 0.301500 1.298346
v 0.930500 0.300912 1.296000
v 0.931088 0.301500 1.296000
v 0.954544 0.300122 1.296303
v 0.957000 0.300000 1.392022
v 0.953022 0.300000 1.396000
v 0.956697 0.300000 1.393544
v 0.955835 0.300000 1.394835
v 0.954544 0.300000 1.395697
v 0.953022 0.301500 1.396000
v 0.957000 0.301500 1.392022
v 0.954544 0.301500 1.395697
v 0.955835 0.301500 1.394835
v 0.956697 0.301500 1.393544
v 0.930500 0.270000 1.392022
v 0.930500 0.273978 1.396000
v 0.930500 0.270303 1.393544
v 0.930500 0.271165 1.394835
v 0.930500 0.272456 1.395697
v 0.932000 0.273978 1.396000
v 0.932000 0.270000 1.392022
v 0.932000 0.272456 1.395697
v 0.932000 0.271165 1.394835
v 0.932000 0.270303 1.393544
v 0.953022 0.300000 1.296000
v 0.957000 0.300000 1.299978
v 0.954544 0.300000 1.296303
v 0.955835 0.300000 1.297165
v 0.956697 0.300000 1.298455
v 0.957000 0.301500 1.299978
v 0.953022 0.301500 1.296000
v 0.956697 0.301500 1.298455
v 0.955835 0.301500 1.297165
v 0.954544 0.301500 1.296303
v 0.930500 0.273978 1.296000
v 0.930500 0.270000 1.299978
v 0.930500 0.272456 1.296303
v 0.930500 0.271165 1.297165
v 0.930500 0.270303 1.298455
v 0.932000 0.270000 1.299978
v 0.932000 0.273978 1.296000
v 0.932000 0.270303 1.298455
v 0.932000 0.271165 1.297165
v 0.932000 0.272456 1.296303
v 0.930500 0.299505 1.346000
v 0.930500 0.300000 1.346495
v 0.930500 0.300495 1.346000
v 0.930500 0.300000 1.345505
v 0.930500 0.300000 1.395505
v 0.930500 0.299505 1.396000
v 0.930995 0.300000 1.396000
v 0.930500 0.300495 1.396000
v 0.930500 0.290495 1.396000
v 0.930500 0.290000 1.395505
v 0.930500 0.289505 1.396000
v 0.930995 0.290000 1.396000
v 0.930500 0.290000 1.346495
v 0.930500 0.290495 1.346000
v 0.930500 0.290000 1.345505
v 0.930500 0.289505 1.346000
v 0.930500 0.290000 1.371000
v 0.932000 0.270000 1.371000
v 0.930500 0.270000 1.371000
v 0.931088 0.301500 1.371038
v 0.932000 0.300000 1.371000
v 0.954591 0.300000 1.296334
v 0.932000 0.290000 1.371000
v 0.957000 0.300000 1.371000
v 0.932000 0.301500 1.371000
v 0.957000 0.301500 1.371000
v 0.930500 0.300912 1.371000
v 0.930500 0.300000 1.371000
v 0.929077 0.299505 1.396000
v 0.929077 0.300000 1.395505
v 0.929077 0.290495 1.346000
v 0.929077 0.290000 1.346495
v 0.929077 0.299505 1.346000
v 0.929077 0.300000 1.346495
v 0.929077 0.290495 1.396000
v 0.929077 0.290000 1.395505
v 0.929077 0.290000 1.371000
v 0.929077 0.300000 1.371000
v 0.929077 0.280000 1.347722
v 0.929077 0.281228 1.346495
v 0.929077 0.281228 1.371000
v 0.929077 0.280000 1.369772
v -0.932000 -0.300000 1.949000
v -0.932000 -0.300000 1.999000
v -0.932000 -0.290000 1.949000
v -0.932000 -0.290000 1.999000
v -0.932000 -0.301500 1.949000
v -0.932000 -0.301500 1.999000
v -0.957000 -0.300000 1.949000
v -0.957000 -0.301500 1.949000
v -0.932000 -0.270000 1.949000
v -0.930500 -0.270000 1.949000
v -0.932000 -0.290000 1.899000
v -0.932000 -0.300000 1.899000
v -0.930500 -0.290000 1.899000
v -0.930500 -0.300000 1.899000
v -0.932000 -0.301500 1.899000
v -0.931088 -0.301500 1.999000
v -0.930500 -0.300912 1.999000
v -0.931088 -0.301500 1.949000
v -0.930500 -0.300912 1.949000
v -0.956624 -0.301500 1.901346
v -0.930500 -0.300912 1.899000
v -0.931088 -0.301500 1.899000
v -0.954544 -0.300122 1.899303
v -0.957000 -0.300000 1.995022
v -0.953022 -0.300000 1.999000
v -0.956697 -0.300000 1.996544
v -0.955835 -0.300000 1.997835
v -0.954544 -0.300000 1.998697
v -0.953022 -0.301500 1.999000
v -0.957000 -0.301500 1.995022
v -0.954544 -0.301500 1.998697
v -0.955835 -0.301500 1.997835
v -0.956697 -0.301500 1.996544
v -0.930500 -0.270000 1.995022
v -0.930500 -0.273978 1.999000
v -0.930500 -0.270303 1.996544
v -0.930500 -0.271165 1.997835
v -0.930500 -0.272456 1.998697
v -0.932000 -0.273978 1.999000
v -0.932000 -0.270000 1.995022
v -0.932000 -0.272456 1.998697
v -0.932000 -0.271165 1.997835
v -0.932000 -0.270303 1.996544
v -0.953022 -0.300000 1.899000
v -0.957000 -0.300000 1.902978
v -0.954544 -0.300000 1.899303
v -0.955835 -0.300000 1.900165
v -0.956697 -0.300000 1.901456
v -0.957000 -0.301500 1.902978
v -0.953022 -0.301500 1.899000
v -0.956697 -0.301500 1.901456
v -0.955835 -0.301500 1.900165
v -0.954544 -0.301500 1.899303
v -0.930500 -0.273978 1.899000
v -0.930500 -0.270000 1.902978
v -0.930500 -0.272456 1.899303
v -0.930500 -0.271165 1.900165
v -0.930500 -0.270303 1.901456
v -0.932000 -0.270000 1.902978
v -0.932000 -0.273978 1.899000
v -0.932000 -0.270303 1.901456
v -0.932000 -0.271165 1.900165
v -0.932000 -0.272456 1.899303
v -0.930500 -0.299505 1.949000
v -0.930500 -0.300000 1.949495
v -0.930500 -0.300495 1.949000
v -0.930500 -0.300000 1.948505
v -0.930500 -0.300000 1.998505
v -0.930500 -0.299505 1.999000
v -0.930995 -0.300000 1.999000
v -0.930500 -0.300495 1.999000
v -0.930500 -0.290495 1.999000
v -0.930500 -0.290000 1.998505
v -0.930500 -0.289505 1.999000
v -0.930995 -0.290000 1.999000
v -0.930500 -0.290000 1.949495
v -0.930500 -0.290495 1.949000
v -0.930500 -0.290000 1.948505
v -0.930500 -0.289505 1.949000
v 0.000000 -0.299505 1.999000
v 0.000000 -0.300000 1.998505
v 0.000000 -0.290495 1.949000
v 0.000000 -0.290000 1.949495
v 0.000000 -0.300000 1.949495
v 0.000000 -0.299505 1.949000
v 0.000000 -0.290000 1.998505
v 0.000000 -0.290495 1.999000
v -0.930500 -0.290000 1.974000
v 0.000000 -0.290000 1.974000
v -0.932000 -0.270000 1.974000
v -0.930500 -0.270000 1.974000
v -0.931088 -0.301500 1.974038
v -0.932000 -0.300000 1.974000
v -0.954591 -0.300000 1.899334
v -0.932000 -0.290000 1.974000
v 0.000000 -0.300000 1.974000
v -0.957000 -0.300000 1.974000
v -0.932000 -0.301500 1.974000
v -0.957000 -0.301500 1.974000
v -0.930500 -0.300912 1.974000
v -0.930500 -0.300000 1.974000
v -0.929077 -0.299505 1.999000
v -0.929077 -0.300000 1.998505
v -0.929077 -0.290495 1.949000
v -0.929077 -0.290000 1.949495
v -0.929077 -0.299505 1.949000
v -0.929077 -0.300000 1.949495
v -0.929077 -0.290495 1.999000
v -0.929077 -0.290000 1.998505
v -0.929077 -0.290000 1.974000
v -0.929077 -0.300000 1.974000
v -0.929077 -0.280000 1.950722
v -0.929077 -0.281228 1.949495
v 0.000000 -0.281228 1.949495
v 0.000000 -0.280000 1.950722
v 0.000000 -0.280000 1.972772
v 0.000000 -0.281228 1.974000
v -0.929077 -0.281228 1.974000
v -0.929077 -0.280000 1.972772
v 0.932000 -0.300000 1.949000
v 0.932000 -0.300000 1.999000
v 0.932000 -0.290000 1.949000
v 0.932000 -0.290000 1.999000
v 0.932000 -0.301500 1.949000
v 0.932000 -0.301500 1.999000
v 0.957000 -0.300000 1.949000
v 0.957000 -0.301500 1.949000
v 0.932000 -0.270000 1.949000
v 0.930500 -0.270000 1.949000
v 0.932000 -0.290000 1.899000
v 0.932000 -0.300000 1.899000
v 0.930500 -0.290000 1.899000
v 0.930500 -0.300000 1.899000
v 0.932000 -0.301500 1.899000
v 0.931088 -0.301500 1.999000
v 0.930500 -0.300912 1.999000
v 0.931088 -0.301500 1.949000
v 0.930500 -0.300912 1.949000
v 0.956624 -0.301500 1.901346
v 0.930500 -0.300912 1.899000
v 0.931088 -0.301500 1.899000
v 0.954544 -0.300122 1.899303
v 0.957000 -0.300000 1.995022
v 0.953022 -0.300000 1.999000
v 0.956697 -0.300000 1.996544
v 0.955835 -0.300000 1.997835
v 0.954544 -0.300000 1.998697
v 0.953022 -0.301500 1.999000
v 0.957000 -0.301500 1.995022
v 0.954544 -0.301500 1.998697
v 0.955835 -0.301500 1.997835
v 0.956697 -0.301500 1.996544
v 0.930500 -0.270000 1.995022
v 0.930500 -0.273978 1.999000
v 0.930500 -0.270303 1.996544
v 0.930500 -0.271165 1.997835
v 0.930500 -0.272456 1.998697
v 0.932000 -0.273978 1.999000
v 0.932000 -0.270000 1.995022
v 0.932000 -0.272456 1.998697
v 0.932000 -0.271165 1.997835
v 0.932000 -0.270303 1.996544
v 0.953022 -0.300000 1.899000
v 0.957000 -0.300000 1.902978
v 0.954544 -0.300000 1.899303
v 0.955835 -0.300000 1.900165
v 0.956697 -0.300000 1.901456
v 0.957000 -0.301500 1.902978
v 0.953022 -0.301500 1.899000
v 0.956697 -0.301500 1.901456
v 0.955835 -0.301500 1.900165
v 0.954544 -0.301500 1.899303
v 0.930500 -0.273978 1.899000
v 0.930500 -0.270000 1.902978
v 0.930500 -0.272456 1.899303
v 0.930500 -0.271165 1.900165
v 0.930500 -0.270303 1.901456
v 0.932000 -0.270000 1.902978
v 0.932000 -0.273978 1.899000
v 0.932000 -0.270303 1.901456
v 0.932000 -0.271165 1.900165
v 0.932000 -0.272456 1.899303
v 0.930500 -0.299505 1.949000
v 0.930500 -0.300000 1.949495
v 0.930500 -0.300495 1.949000
v 0.930500 -0.300000 1.948505
v 0.930500 -0.300000 1.998505
v 0.930500 -0.299505 1.999000
v 0.930995 -0.300000 1.999000
v 0.930500 -0.300495 1.999000
v 0.930500 -0.290495 1.999000
v 0.930500 -0.290000 1.998505
v 0.930500 -0.289505 1.999000
v 0.930995 -0.290000 1.999000
v 0.930500 -0.290000 1.949495
v 0.930500 -0.290495 1.949000
v 0.930500 -0.290000 1.948505
v 0.930500 -0.289505 1.949000
v 0.930500 -0.290000 1.974000
v 0.932000 -0.270000 1.974000
v 0.930500 -0.270000 1.974000
v 0.931088 -0.301500 1.974038
v 0.932000 -0.300000 1.974000
v 0.954591 -0.300000 1.899334
v 0.932000 -0.290000 1.974000
v 0.957000 -0.300000 1.974000
v 0.932000 -0.301500 1.974000
v 0.957000 -0.301500 1.974000
v 0.930500 -0.300912 1.974000
v 0.930500 -0.300000 1.974000
v 0.929077 -0.299505 1.999000
v 0.929077 -0.300000 1.998505
v 0.929077 -0.290495 1.949000
v 0.929077 -0.290000 1.949495
v 0.929077 -0.299505 1.949000
v 0.929077 -0.300000 1.949495
v 0.929077 -0.290495 1.999000
v 0.929077 -0.290000 1.998505
v 0.929077 -0.290000 1.974000
v 0.929077 -0.300000 1.974000
v 0.929077 -0.280000 1.950722
v 0.929077 -0.281228 1.949495
v 0.929077 -0.281228 1.974000
v 0.929077 -0.280000 1.972772
v -0.932000 0.300000 1.949000
v -0.932000 0.300000 1.999000
v -0.932000 0.290000 1.949000
v -0.932000 0.290000 1.999000
v -0.932000 0.301500 1.949000
v -0.932000 0.301500 1.999000
v -0.957000 0.300000 1.949000
v -0.957000 0.301500 1.949000
v -0.932000 0.270000 1.949000
v -0.930500 0.270000 1.949000
v -0.932000 0.290000 1.899000
v -0.932000 0.300000 1.899000
v -0.930500 0.290000 1.899000
v -0.930500 0.300000 1.899000
v -0.932000 0.301500 1.899000
v -0.931088 0.301500 1.999000
v -0.930500 0.300912 1.999000
v -0.931088 0.301500 1.949000
v -0.930500 0.300912 1.949000
v -0.956624 0.301500 1.901346
v -0.930500 0.300912 1.899000
v -0.931088 0.301500 1.899000
v -0.954544 0.300122 1.899303
v -0.957000 0.300000 1.995022
v -0.953022 0.300000 1.999000
v -0.956697 0.300000 1.996544
v -0.955835 0.300000 1.997835
v -0.954544 0.300000 1.998697
v -0.953022 0.301500 1.999000
v -0.957000 0.301500 1.995022
v -0.954544 0.301500 1.998697
v -0.955835 0.301500 1.997835
v -0.956697 0.301500 1.996544
v -0.930500 0.270000 1.995022
v -0.930500 0.273978 1.999000
v -0.930500 0.270303 1.996544
v -0.930500 0.271165 1.997835
v -0.930500 0.272456 1.998697
v -0.932000 0.273978 1.999000
v -0.932000 0.270000 1.995022
v -0.932000 0.272456 1.998697
v -0.932000 0.271165 1.997835
v -0.932000 0.270303 1.996544
v -0.953022 0.300000 1.899000
v -0.957000 0.300000 1.902978
v -0.954544 0.300000 1.899303
v -0.955835 0.300000 1.900165
v -0.956697 0.300000 1.901456
v -0.957000 0.301500 1.902978
v -0.953022 0.301500 1.899000
v -0.956697 0.301500 1.901456
v -0.955835 0.301500 1.900165
v -0.954544 0.301500 1.899303
v -0.930500 0.273978 1.899000
v -0.930500 0.270000 1.902978
v -0.930500 0.272456 1.899303
v -0.930500 0.271165 1.900165
v -0.930500 0.270303 1.901456
v -0.932000 0.270000 1.902978
v -0.932000 0.273978 1.899000
v -0.932000 0.270303 1.901456
v -0.932000 0.271165 1.900165
v -0.932000 0.272456 1.899303
v -0.930500 0.299505 1.949000
v -0.930500 0.300000 1.949495
v -0.930500 0.300495 1.949000
v -0.930500 0.300000 1.948505
v -0.930500 0.300000 1.998505
v -0.930500 0.299505 1.999000
v -0.930995 0.300000 1.999000
v -0.930500 0.300495 1.999000
v -0.930500 0.290495 1.999000
v -0.930500 0.290000 1.998505
v -0.930500 0.289505 1.999000
v -0.930995 0.290000 1.999000
v -0.930500 0.290000 1.949495
v -0.930500 0.290495 1.949000
v -0.930500 0.290000 1.948505
v -0.930500 0.289505 1.949000
v 0.000000 0.299505 1.999000
v 0.000000 0.300000 1.998505
v 0.000000 0.290495 1.949000
v 0.000000 0.290000 1.949495
v 0.000000 0.300000 1.949495
v 0.000000 0.299505 1.949000
v 0.000000 0.290000 1.998505
v 0.000000 0.290495 1.999000
v -0.930500 0.290000 1.974000
v 0.000000 0.290000 1.974000
v -0.932000 0.270000 1.974000
v -0.930500 0.270000 1.974000
v -0.931088 0.301500 1.974038
v -0.932000 0.300000 1.974000
v -0.954591 0.300000 1.899334
v -0.932000 0.290000 1.974000
v 0.000000 0.300000 1.974000
v -0.957000 0.300000 1.974000
v -0.932000 0.301500 1.974000
v -0.957000 0.301500 1.974000
v -0.930500 0.300912 1.974000
v -0.930500 0.300000 1.974000
v -0.929077 0.299505 1.999000
v -0.929077 0.300000 1.998505
v -0.929077 0.290495 1.949000
v -0.929077 0.290000 1.949495
v -0.929077 0.299505 1.949000
v -0.929077 0.300000 1.949495
v -0.929077 0.290495 1.999000
v -0.929077 0.290000 1.998505
v -0.929077 0.290000 1.974000
v -0.929077 0.300000 1.974000
v -0.929077 0.280000 1.950722
v -0.929077 0.281228 1.949495
v 0.000000 0.281228 1.949495
v 0.000000 0.280000 1.950722
v 0.000000 0.280000 1.972772
v 0.000000 0.281228 1.974000
v -0.929077 0.281228 1.974000
v -0.929077 0.280000 1.972772
v 0.932000 0.300000 1.949000
v 0.932000 0.300000 1.999000
v 0.932000 0.290000 1.949000
v 0.932000 0.290000 1.999000
v 0.932000 0.301500 1.949000
v 0.932000 0.301500 1.999000
v 0.957000 0.300000 1.949000
v 0.957000 0.301500 1.949000
v 0.932000 0.270000 1.949000
v 0.930500 0.270000 1.949000
v 0.932000 0.290000 1.899000
v 0.932000 0.300000 1.899000
v 0.930500 0.290000 1.899000
v 0.930500 0.300000 1.899000
v 0.932000 0.301500 1.899000
v 0.931088 0.301500 1.999000
v 0.930500 0.300912 1.999000
v 0.931088 0.301500 1.949000
v 0.930500 0.300912 1.949000
v 0.956624 0.301500 1.901346
v 0.930500 0.300912 1.899000
v 0.931088 0.301500 1.899000
v 0.954544 0.300122 1.899303
v 0.957000 0.300000 1.995022
v 0.953022 0.300000 1.999000
v 0.956697 0.300000 1.996544
v 0.955835 0.300000 1.997835
v 0.954544 0.300000 1.998697
v 0.953022 0.301500 1.999000
v 0.957000 0.301500 1.995022
v 0.954544 0.301500 1.998697
v 0.955835 0.301500 1.997835
v 0.956697 0.301500 1.996544
v 0.930500 0.270000 1.995022
v 0.930500 0.273978 1.999000
v 0.930500 0.270303 1.996544
v 0.930500 0.271165 1.997835
v 0.930500 0.272456 1.998697
v 0.932000 0.273978 1.999000
v 0.932000 0.270000 1.995022
v 0.932000 0.272456 1.998697
v 0.932000 0.271165 1.997835
v 0.932000 0.270303 1.996544
v 0.953022 0.300000 1.899000
v 0.957000 0.300000 1.902978
v 0.954544 0.300000 1.899303
v 0.955835 0.300000 1.900165
v 0.956697 0.300000 1.901456
v 0.957000 0.301500 1.902978
v 0.953022 0.301500 1.899000
v 0.956697 0.301500 1.901456
v 0.955835 0.301500 1.900165
v 0.954544 0.301500 1.899303
v 0.930500 0.273978 1.899000
v 0.930500 0.270000 1.902978
v 0.930500 0.272456 1.899303
v 0.930500 0.271165 1.900165
v 0.930500 0.270303 1.901456
v 0.932000 0.270000 1.902978
v 0.932000 0.273978 1.899000
v 0.932000 0.270303 1.901456
v 0.932000 0.271165 1.900165
v 0.932000 0.272456 1.899303
v 0.930500 0.299505 1.949000
v 0.930500 0.300000 1.949495
v 0.930500 0.300495 1.949000
v 0.930500 0.300000 1.948505
v 0.930500 0.300000 1.998505
v 0.930500 0.299505 1.999000
v 0.930995 0.300000 1.999000
v 0.930500 0.300495 1.999000
v 0.930500 0.290495 1.999000
v 0.930500 0.290000 1.998505
v 0.930500 0.289505 1.999000
v 0.930995 0.290000 1.999000
v 0.930500 0.290000 1.949495
v 0.930500 0.290495 1.949000
v 0.930500 0.290000 1.948505
v 0.930500 0.289505 1.949000
v 0.930500 0.290000 1.974000
v 0.932000 0.270000 1.974000
v 0.930500 0.270000 1.974000
v 0.931088 0.301500 1.974038
v 0.932000 0.300000 1.974000
v 0.954591 0.300000 1.899334
v 0.932000 0.290000 1.974000
v 0.957000 0.300000 1.974000
v 0.932000 0.301500 1.974000
v 0.957000 0.301500 1.974000
v 0.930500 0.300912 1.974000
v 0.930500 0.300000 1.974000
v 0.929077 0.299505 1.999000
v 0.929077 0.300000 1.998505
v 0.929077 0.290495 1.949000
v 0.929077 0.290000 1.949495
v 0.929077 0.299505 1.949000
v 0.929077 0.300000 1.949495
v 0.929077 0.290495 1.999000
v 0.929077 0.290000 1.998505
v 0.929077 0.290000 1.974000
v 0.929077 0.300000 1.974000
v 0.929077 0.280000 1.950722
v 0.929077 0.281228 1.949495
v 0.929077 0.281228 1.974000
v 0.929077 0.280000 1.972772
vn -1.0000 -0.0000 -0.0000
vn -0.0000 -0.0000 -1.0000
vn 0.3827 -0.9239 -0.0000
vn 0.9239 -0.3827 -0.0000
vn -0.0000 -1.0000 -0.0000
vn -0.0000 1.0000 -0.0000
vn -0.0980 -0.0000 0.9952
vn -0.3827 -0.0000 0.9239
vn -0.7071 -0.0000 0.7071
vn -0.9239 -0.0000 0.3827
vn -0.9952 -0.0000 0.0980
vn -0.0000 0.0980 0.9952
vn -0.0000 0.3827 0.9239
vn -0.0000 0.7071 0.7071
vn -0.0000 0.9239 0.3827
vn -0.0000 0.9952 0.0980
vn -0.0980 -0.0000 -0.9952
vn -0.3827 -0.0000 -0.9239
vn -0.3828 -0.0000 -0.9239
vn -0.5556 -0.0000 -0.8314
vn -0.7071 -0.0000 -0.7071
vn -0.8315 -0.0000 -0.5556
vn -0.9239 -0.0000 -0.3827
vn -0.9952 -0.0000 -0.0980
vn -0.0000 0.0980 -0.9952
vn -0.0000 0.3827 -0.9239
vn -0.0000 0.7071 -0.7071
vn -0.0000 0.9239 -0.3827
vn -0.0000 0.9952 -0.0980
vn -0.0000 -0.0000 1.0000
vn 1.0000 -0.0000 -0.0000
vn 0.7071 -0.0000 0.7071
vn 1.0000 0.0001 -0.0000
vn -0.6303 0.2971 -0.7173
vn -0.6303 0.7173 -0.2971
vn -0.0000 -0.3827 -0.9239
vn -0.0000 -0.9239 -0.3827
vn -0.0000 -0.9239 0.3827
vn -0.0000 0.2153 0.9765
vn -0.0000 -0.2153 0.9765
vn -0.0000 -0.3827 0.9239
vn -0.3015 0.9045 0.3015
vn -0.2811 0.6786 -0.6786
vn 1.0000 -0.0001 -0.0000
vn -0.6303 0.7173 0.2971
vn -0.6303 0.2971 0.7173
vn -0.3827 -0.9239 -0.0000
vn -0.9239 -0.3827 -0.0000
vn 0.0980 -0.0000 0.9952
vn 0.3827 -0.0000 0.9239
vn 0.9239 -0.0000 0.3827
vn 0.9952 -0.0000 0.0980
vn 0.0980 -0.0000 -0.9952
vn 0.3828 -0.0000 -0.9239
vn 0.3827 -0.0000 -0.9239
vn 0.5556 -0.0000 -0.8314
vn 0.7071 -0.0000 -0.7071
vn 0.9239 -0.0000 -0.3827
vn 0.8315 -0.0000 -0.5556
vn 0.9952 -0.0000 -0.0980
vn -1.0000 0.0001 -0.0000
vn 0.6303 0.7173 -0.2971
vn 0.6303 0.2971 -0.7173
vn 0.3015 0.9045 0.3015
vn 0.2811 0.6786 -0.6786
vn -1.0000 -0.0001 -0.0000
vn 0.6303 0.2971 0.7173
vn 0.6303 0.7173 0.2971
vn 0.3827 0.9239 -0.0000
vn 0.9239 0.3827 -0.0000
vn -0.0000 -0.0980 0.9952
vn -0.0000 -0.7071 0.7071
vn -0.0000 -0.9952 0.0980
vn -0.0000 -0.0980 -0.9952
vn -0.0000 -0.7071 -0.7071
vn -0.0000 -0.9952 -0.0980
vn -0.6303 -0.7173 -0.2971
vn -0.6303 -0.2971 -0.7173
vn -0.3015 -0.9045 0.3015
vn -0.2811 -0.6786 -0.6786
vn -0.6303 -0.2971 0.7173
vn -0.6303 -0.7173 0.2971
vn -0.3827 0.9239 -0.0000
vn -0.9239 0.3827 -0.0000
vn 0.6303 -0.2971 -0.7173
vn 0.6303 -0.7173 -0.2971
vn 0.3015 -0.9045 0.3015
vn 0.2811 -0.6786 -0.6786
vn 0.6303 -0.7173 0.2971
vn 0.6303 -0.2971 0.7173
vn -0.3826 -0.0000 -0.9239
vn -0.3821 -0.0000 -0.9241
vn -0.5552 -0.0000 -0.8317
vn 0.3821 -0.0000 -0.9241
vn 0.3826 -0.0000 -0.9239
vn 0.5552 -0.0000 -0.8317
vn -0.3825 -0.0000 -0.9240
vn -0.3813 -0.0000 -0.9244
vn -0.5547 -0.0000 -0.8321
vn 0.7070 -0.0000 0.7072
vn 0.0001 -0.0000 1.0000
vn -0.0000 0.9239 -0.3826
vn 0.3813 -0.0000 -0.9244
vn 0.3825 -0.0000 -0.9240
vn 0.5547 -0.0000 -0.8321
vn -0.7070 -0.0000 0.7072
vn -0.0000 -0.9239 -0.3826
vn -0.0001 -0.0000 1.0000
vn 0.0001 -0.0000 -1.0000
vn -0.3830 -0.0000 -0.9238
vn -0.5557 -0.0000 -0.8314
vn -0.8315 -0.0000 -0.5555
vn -0.0000 -0.9239 0.3826
vn 0.3826 -0.9239 -0.0000
vn -0.0001 -0.0000 -1.0000
vn 0.3830 -0.0000 -0.9238
vn 0.5557 -0.0000 -0.8314
vn 0.8315 -0.0000 -0.5555
vn -0.0001 -0.2153 0.9765
vn -0.0001 0.2153 0.9765
vn -0.3826 -0.9239 -0.0000
vn -0.0000 0.9239 0.3826
vn 0.0001 0.2153 0.9765
vn 0.0001 -0.2153 0.9765
vn 0.3826 0.9239 -0.0000
vn -0.3826 0.9239 -0.0000
vt 0.796281 0.947386
vt 0.796402 0.959153
vt 0.791720 0.959218
vt 0.791539 0.947459
vt 0.790664 0.923718
vt 0.795706 0.922346
vt 0.790510 0.923085
vt 0.795257 0.921658
vt 0.945141 0.426283
vt 0.945141 0.403016
vt 0.945528 0.403016
vt 0.945528 0.426283
vt 0.980024 0.534249
vt 0.990515 0.557376
vt 0.979057 0.535200
vt 0.979424 0.534650
vt 0.945528 0.437917
vt 0.945141 0.437935
vt 0.806617 0.925823
vt 0.806012 0.925562
vt 0.806599 0.925806
vt 0.944716 0.437917
vt 0.944716 0.426283
vt 0.944716 0.403016
vt 0.795552 0.921423
vt 0.795889 0.921429
vt 0.796176 0.921674
vt 0.805894 0.970676
vt 0.805720 0.970030
vt 0.806316 0.969830
vt 0.806612 0.970431
vt 0.806825 0.969491
vt 0.807285 0.969988
vt 0.807159 0.968975
vt 0.807778 0.969321
vt 0.807349 0.968358
vt 0.808057 0.968549
vt 0.784491 0.970595
vt 0.784308 0.971318
vt 0.783515 0.971034
vt 0.783871 0.970435
vt 0.782880 0.970497
vt 0.783405 0.970074
vt 0.782494 0.969797
vt 0.783112 0.969565
vt 0.782318 0.969054
vt 0.782994 0.968928
vt 0.806276 0.924937
vt 0.806950 0.925249
vt 0.806629 0.925763
vt 0.807112 0.926189
vt 0.807598 0.925722
vt 0.808041 0.926349
vt 0.808069 0.926411
vt 0.807420 0.926709
vt 0.808261 0.927183
vt 0.807584 0.927314
vt 0.783435 0.924463
vt 0.783657 0.925117
vt 0.783033 0.925358
vt 0.782706 0.924749
vt 0.782512 0.925717
vt 0.782029 0.925221
vt 0.782181 0.926245
vt 0.781544 0.925919
vt 0.782031 0.926873
vt 0.781305 0.926722
vt 0.796592 0.970970
vt 0.808032 0.958962
vt 0.808716 0.958986
vt 0.796660 0.971629
vt 0.990515 0.569009
vt 0.978882 0.569009
vt 0.978882 0.557376
vt 0.781262 0.947769
vt 0.781966 0.947758
vt 0.782313 0.959460
vt 0.781621 0.959494
vt 0.808716 0.947514
vt 0.808042 0.947520
vt 0.980733 0.534108
vt 0.990515 0.534108
vt 0.946182 0.426283
vt 0.945952 0.426513
vt 0.945722 0.426283
vt 0.945952 0.426053
vt 0.945952 0.449320
vt 0.946267 0.449405
vt 0.946036 0.449635
vt 0.945722 0.449551
vt 0.950291 0.449405
vt 0.950606 0.449320
vt 0.950836 0.449551
vt 0.950521 0.449635
vt 0.950606 0.426513
vt 0.950375 0.426283
vt 0.950606 0.426053
vt 0.950836 0.426283
vt 0.600851 0.435566
vt 0.601276 0.435566
vt 0.601901 0.860308
vt 0.601519 0.860307
vt 0.959913 0.404867
vt 0.959913 0.426283
vt 0.959772 0.404158
vt 0.871586 0.446485
vt 0.870778 0.446485
vt 0.870778 0.014138
vt 0.871586 0.014138
vt 0.959913 0.447700
vt 0.959772 0.448408
vt 0.950606 0.437917
vt 0.959913 0.437917
vt 0.958770 0.449410
vt 0.959370 0.449008
vt 0.568297 0.860460
vt 0.569343 0.435567
vt 0.573464 0.435567
vt 0.572769 0.860436
vt 0.573154 0.860438
vt 0.584952 0.860447
vt 0.584955 0.861132
vt 0.573150 0.861160
vt 0.596741 0.860319
vt 0.596755 0.861039
vt 0.945952 0.403016
vt 0.950606 0.403016
vt 0.795956 0.971256
vt 0.796151 0.971016
vt 0.796259 0.971671
vt 0.795975 0.971439
vt 0.601535 0.861029
vt 0.597116 0.861039
vt 0.597123 0.860319
vt 0.792061 0.971674
vt 0.791831 0.971435
vt 0.791840 0.970959
vt 0.796591 0.971449
vt 0.796355 0.971685
vt 0.791590 0.971666
vt 0.958062 0.449551
vt 0.613665 0.860361
vt 0.613664 0.861044
vt 0.601896 0.861026
vt 0.958770 0.403156
vt 0.958062 0.403016
vt 0.567901 0.860459
vt 0.567926 0.861223
vt 0.554765 0.861649
vt 0.554740 0.860884
vt 0.979023 0.579501
vt 0.978882 0.578792
vt 0.945141 0.449551
vt 0.944716 0.449551
vt 0.945528 0.449551
vt 0.945952 0.437917
vt 0.612481 0.435566
vt 0.596731 0.435566
vt 0.585098 0.435567
vt 0.596306 0.435567
vt 0.573888 0.435567
vt 0.568302 0.861211
vt 0.572788 0.861166
vt 0.959370 0.403558
vt 0.882655 0.446485
vt 0.881847 0.446485
vt 0.881847 0.014138
vt 0.882655 0.014138
vt 0.866696 0.446485
vt 0.866696 0.014138
vt 0.871014 0.009485
vt 0.882418 0.009485
vt 0.882418 0.013567
vt 0.871014 0.013567
vt 0.166113 0.957526
vt 0.166113 0.946123
vt 0.170195 0.946123
vt 0.170766 0.946694
vt 0.170766 0.956955
vt 0.170195 0.957526
vt 0.886737 0.014138
vt 0.886737 0.446485
vt 0.978882 0.535959
vt 0.979023 0.535251
vt 0.980024 0.580502
vt 0.979424 0.580101
vt 0.990515 0.580643
vt 0.980733 0.580643
vt 0.568918 0.435567
vt 0.598955 0.907177
vt 0.603341 0.907208
vt 0.603458 0.918757
vt 0.598869 0.918763
vt 0.598871 0.881570
vt 0.604136 0.883059
vt 0.599330 0.880857
vt 0.604298 0.882407
vt 0.959488 0.491872
vt 0.959101 0.491872
vt 0.959101 0.468604
vt 0.959488 0.468604
vt 0.989373 0.599753
vt 0.989973 0.600154
vt 0.990340 0.600704
vt 0.978882 0.622880
vt 0.959101 0.503505
vt 0.959488 0.503523
vt 0.587825 0.885424
vt 0.587843 0.885407
vt 0.588435 0.885141
vt 0.959913 0.491872
vt 0.959913 0.503505
vt 0.959913 0.468604
vt 0.598377 0.880887
vt 0.598671 0.880629
vt 0.599021 0.880618
vt 0.589715 0.930324
vt 0.589001 0.930098
vt 0.589281 0.929499
vt 0.589873 0.929684
vt 0.588329 0.929674
vt 0.588772 0.929175
vt 0.587829 0.929027
vt 0.588432 0.928673
vt 0.587537 0.928271
vt 0.588232 0.928068
vt 0.610754 0.929865
vt 0.611357 0.929690
vt 0.611720 0.930273
vt 0.610950 0.930570
vt 0.611809 0.929319
vt 0.612332 0.929738
vt 0.612113 0.928827
vt 0.612716 0.929048
vt 0.612208 0.928205
vt 0.612874 0.928317
vt 0.587811 0.885364
vt 0.587468 0.884849
vt 0.588148 0.884511
vt 0.587331 0.885812
vt 0.587031 0.886352
vt 0.586360 0.886066
vt 0.586387 0.886002
vt 0.586820 0.885350
vt 0.586880 0.886973
vt 0.586187 0.886860
vt 0.611504 0.883844
vt 0.612244 0.884135
vt 0.611912 0.884754
vt 0.611277 0.884509
vt 0.612930 0.884615
vt 0.612441 0.885117
vt 0.613422 0.885322
vt 0.612777 0.885652
vt 0.613665 0.886134
vt 0.612931 0.886288
vt 0.598874 0.930418
vt 0.586679 0.918855
vt 0.587355 0.918816
vt 0.598820 0.931068
vt 0.990515 0.622880
vt 0.990515 0.634514
vt 0.978882 0.634514
vt 0.613665 0.907340
vt 0.613423 0.918916
vt 0.612741 0.918890
vt 0.612962 0.907332
vt 0.586399 0.907468
vt 0.587076 0.907455
vt 0.978882 0.599612
vt 0.988664 0.599612
vt 0.958447 0.491872
vt 0.958677 0.491641
vt 0.958907 0.491872
vt 0.958677 0.492102
vt 0.958677 0.514909
vt 0.958907 0.515139
vt 0.958593 0.515223
vt 0.958362 0.514993
vt 0.954338 0.514993
vt 0.954108 0.515223
vt 0.953793 0.515139
vt 0.954023 0.514909
vt 0.954023 0.492102
vt 0.953793 0.491872
vt 0.954023 0.491641
vt 0.954254 0.491872
vt 0.601519 0.010826
vt 0.601901 0.010824
vt 0.944716 0.470455
vt 0.944857 0.469747
vt 0.944716 0.491872
vt 0.842836 0.446485
vt 0.842836 0.014138
vt 0.843644 0.014138
vt 0.843644 0.446485
vt 0.944716 0.513288
vt 0.944716 0.503505
vt 0.954023 0.503505
vt 0.944857 0.513996
vt 0.945859 0.514998
vt 0.945259 0.514597
vt 0.568297 0.010673
vt 0.572769 0.010697
vt 0.573154 0.010695
vt 0.573150 0.009973
vt 0.584955 0.010001
vt 0.584952 0.010687
vt 0.596755 0.010094
vt 0.596741 0.010814
vt 0.954023 0.468604
vt 0.958677 0.468604
vt 0.599506 0.930686
vt 0.599491 0.930866
vt 0.599216 0.931100
vt 0.599309 0.930454
vt 0.597123 0.010814
vt 0.597116 0.010094
vt 0.601535 0.010103
vt 0.603334 0.931034
vt 0.599118 0.931116
vt 0.598882 0.930889
vt 0.603540 0.930328
vt 0.603557 0.930796
vt 0.603797 0.931019
vt 0.946567 0.515139
vt 0.613665 0.010771
vt 0.601896 0.010107
vt 0.613664 0.010088
vt 0.945859 0.468745
vt 0.946567 0.468604
vt 0.567901 0.010674
vt 0.554740 0.010249
vt 0.554765 0.009485
vt 0.567926 0.009910
vt 0.990515 0.644296
vt 0.990375 0.645005
vt 0.959913 0.515139
vt 0.959488 0.515139
vt 0.958677 0.503505
vt 0.959101 0.515139
vt 0.568302 0.009922
vt 0.572788 0.009968
vt 0.945258 0.469146
vt 0.831768 0.446485
vt 0.831767 0.014138
vt 0.832575 0.014138
vt 0.832575 0.446485
vt 0.847727 0.446485
vt 0.847727 0.014138
vt 0.843408 0.009484
vt 0.843408 0.013567
vt 0.832004 0.013567
vt 0.832004 0.009484
vt 0.827685 0.014138
vt 0.827685 0.446485
vt 0.990375 0.600755
vt 0.990515 0.601463
vt 0.989973 0.645605
vt 0.989373 0.646006
vt 0.988664 0.646147
vt 0.978882 0.646147
vt 0.552509 0.907177
vt 0.556895 0.907208
vt 0.557012 0.918757
vt 0.552423 0.918763
vt 0.552424 0.881570
vt 0.557689 0.883059
vt 0.552884 0.880857
vt 0.557852 0.882407
vt 0.959488 0.557460
vt 0.959101 0.557460
vt 0.959101 0.534192
vt 0.959488 0.534192
vt 0.989373 0.206391
vt 0.989973 0.206792
vt 0.990340 0.207342
vt 0.978882 0.229518
vt 0.959101 0.569094
vt 0.959488 0.569111
vt 0.541379 0.885424
vt 0.541396 0.885407
vt 0.541989 0.885141
vt 0.959913 0.557460
vt 0.959913 0.569094
vt 0.959913 0.534192
vt 0.551931 0.880887
vt 0.552225 0.880629
vt 0.552575 0.880618
vt 0.543269 0.930324
vt 0.542555 0.930098
vt 0.542835 0.929499
vt 0.543427 0.929684
vt 0.541883 0.929674
vt 0.542326 0.929175
vt 0.541382 0.929027
vt 0.541986 0.928673
vt 0.541091 0.928271
vt 0.541786 0.928068
vt 0.564308 0.929865
vt 0.564911 0.929690
vt 0.565274 0.930273
vt 0.564504 0.930570
vt 0.565363 0.929319
vt 0.565886 0.929738
vt 0.565667 0.928827
vt 0.566270 0.929048
vt 0.565762 0.928205
vt 0.566428 0.928317
vt 0.541365 0.885364
vt 0.541022 0.884849
vt 0.541702 0.884511
vt 0.540884 0.885812
vt 0.540584 0.886352
vt 0.539914 0.886066
vt 0.539941 0.886002
vt 0.540374 0.885350
vt 0.540433 0.886973
vt 0.539741 0.886860
vt 0.565058 0.883844
vt 0.565798 0.884135
vt 0.565466 0.884754
vt 0.564831 0.884509
vt 0.566484 0.884615
vt 0.565995 0.885117
vt 0.566976 0.885322
vt 0.566330 0.885652
vt 0.567218 0.886134
vt 0.566485 0.886288
vt 0.552427 0.930418
vt 0.540233 0.918855
vt 0.540909 0.918816
vt 0.552374 0.931068
vt 0.990515 0.229518
vt 0.990515 0.241151
vt 0.978882 0.241151
vt 0.567218 0.907340
vt 0.566977 0.918916
vt 0.566295 0.918890
vt 0.566516 0.907332
vt 0.539953 0.907468
vt 0.540630 0.907455
vt 0.978882 0.206250
vt 0.988664 0.206250
vt 0.958447 0.557460
vt 0.958677 0.557230
vt 0.958907 0.557460
vt 0.958677 0.557690
vt 0.958677 0.580497
vt 0.958907 0.580728
vt 0.958593 0.580812
vt 0.958362 0.580582
vt 0.954338 0.580582
vt 0.954108 0.580812
vt 0.953793 0.580728
vt 0.954023 0.580497
vt 0.954023 0.557690
vt 0.953793 0.557460
vt 0.954023 0.557230
vt 0.954254 0.557460
vt 0.522957 0.435567
vt 0.523625 0.010826
vt 0.524007 0.010824
vt 0.523382 0.435567
vt 0.944716 0.536044
vt 0.944857 0.535335
vt 0.944716 0.557460
vt 0.803826 0.446485
vt 0.803826 0.014138
vt 0.804634 0.014138
vt 0.804634 0.446485
vt 0.944716 0.578876
vt 0.944716 0.569094
vt 0.954023 0.569094
vt 0.944857 0.579585
vt 0.945859 0.580587
vt 0.945258 0.580185
vt 0.490403 0.010673
vt 0.494875 0.010697
vt 0.495570 0.435567
vt 0.491449 0.435567
vt 0.495260 0.010695
vt 0.495256 0.009973
vt 0.507061 0.010001
vt 0.507058 0.010687
vt 0.518861 0.010094
vt 0.518847 0.010814
vt 0.954023 0.534192
vt 0.958677 0.534192
vt 0.553060 0.930686
vt 0.553045 0.930866
vt 0.552769 0.931100
vt 0.552863 0.930454
vt 0.519229 0.010814
vt 0.519223 0.010094
vt 0.523642 0.010103
vt 0.556888 0.931034
vt 0.552672 0.931116
vt 0.552436 0.930888
vt 0.557093 0.930328
vt 0.557110 0.930796
vt 0.557351 0.931019
vt 0.946567 0.580728
vt 0.535771 0.010771
vt 0.524002 0.010107
vt 0.535770 0.010088
vt 0.945859 0.534333
vt 0.946567 0.534192
vt 0.490007 0.010674
vt 0.476846 0.010249
vt 0.476871 0.009485
vt 0.490032 0.009910
vt 0.990515 0.250934
vt 0.990375 0.251642
vt 0.959913 0.580728
vt 0.959488 0.580728
vt 0.958677 0.569094
vt 0.959101 0.580728
vt 0.534587 0.435567
vt 0.518837 0.435567
vt 0.507204 0.435567
vt 0.518413 0.435567
vt 0.495995 0.435567
vt 0.490408 0.009922
vt 0.494894 0.009968
vt 0.945258 0.534735
vt 0.792757 0.446485
vt 0.792757 0.014138
vt 0.793565 0.014138
vt 0.793565 0.446485
vt 0.808716 0.446485
vt 0.808716 0.014138
vt 0.804397 0.009485
vt 0.804397 0.013567
vt 0.792994 0.013567
vt 0.792994 0.009485
vt 0.342147 0.961485
vt 0.338064 0.961485
vt 0.337493 0.960913
vt 0.337493 0.950653
vt 0.338064 0.950081
vt 0.342147 0.950081
vt 0.788675 0.014138
vt 0.788675 0.446485
vt 0.990375 0.207393
vt 0.990515 0.208101
vt 0.989973 0.252243
vt 0.989373 0.252644
vt 0.988664 0.252785
vt 0.978882 0.252785
vt 0.491024 0.435567
vt 0.749858 0.947386
vt 0.749978 0.959153
vt 0.745296 0.959218
vt 0.745116 0.947459
vt 0.744240 0.923718
vt 0.749282 0.922346
vt 0.744086 0.923085
vt 0.748833 0.921657
vt 0.945141 0.623048
vt 0.945141 0.599781
vt 0.945528 0.599781
vt 0.945528 0.623048
vt 0.980024 0.009625
vt 0.990515 0.032752
vt 0.979057 0.010576
vt 0.979424 0.010027
vt 0.945528 0.634682
vt 0.945141 0.634700
vt 0.760193 0.925822
vt 0.759589 0.925562
vt 0.760176 0.925806
vt 0.944716 0.634682
vt 0.944716 0.623048
vt 0.944716 0.599781
vt 0.749128 0.921423
vt 0.749465 0.921429
vt 0.749753 0.921674
vt 0.759470 0.970676
vt 0.759296 0.970029
vt 0.759893 0.969830
vt 0.760189 0.970431
vt 0.760401 0.969491
vt 0.760861 0.969988
vt 0.760735 0.968975
vt 0.761354 0.969321
vt 0.760925 0.968358
vt 0.761633 0.968549
vt 0.738067 0.970595
vt 0.737884 0.971318
vt 0.737091 0.971034
vt 0.737448 0.970435
vt 0.736456 0.970497
vt 0.736981 0.970074
vt 0.736071 0.969796
vt 0.736688 0.969564
vt 0.735894 0.969054
vt 0.736570 0.968927
vt 0.759852 0.924937
vt 0.760526 0.925249
vt 0.760205 0.925763
vt 0.760688 0.926189
vt 0.761175 0.925722
vt 0.761617 0.926348
vt 0.761645 0.926411
vt 0.760996 0.926709
vt 0.761837 0.927183
vt 0.761160 0.927314
vt 0.737012 0.924463
vt 0.737234 0.925117
vt 0.736609 0.925358
vt 0.736282 0.924748
vt 0.736088 0.925716
vt 0.735605 0.925221
vt 0.735758 0.926245
vt 0.735120 0.925919
vt 0.735607 0.926873
vt 0.734881 0.926721
vt 0.750168 0.970970
vt 0.761608 0.958962
vt 0.762292 0.958986
vt 0.750236 0.971629
vt 0.990515 0.044386
vt 0.978882 0.044386
vt 0.978882 0.032752
vt 0.734838 0.947769
vt 0.735542 0.947758
vt 0.735889 0.959459
vt 0.735197 0.959494
vt 0.762292 0.947514
vt 0.761618 0.947520
vt 0.980733 0.009484
vt 0.990515 0.009484
vt 0.946182 0.623048
vt 0.945952 0.623279
vt 0.945722 0.623048
vt 0.945952 0.622818
vt 0.945952 0.646086
vt 0.946267 0.646170
vt 0.946036 0.646400
vt 0.945722 0.646316
vt 0.950291 0.646170
vt 0.950606 0.646086
vt 0.950836 0.646316
vt 0.950521 0.646400
vt 0.950606 0.623279
vt 0.950375 0.623048
vt 0.950606 0.622818
vt 0.950836 0.623048
vt 0.524008 0.860309
vt 0.523625 0.860307
vt 0.959913 0.601632
vt 0.959913 0.623048
vt 0.959772 0.600924
vt 0.871586 0.902454
vt 0.870778 0.902454
vt 0.870778 0.470108
vt 0.871586 0.470108
vt 0.959913 0.644465
vt 0.959772 0.645173
vt 0.950606 0.634682
vt 0.959913 0.634682
vt 0.958770 0.646175
vt 0.959370 0.645774
vt 0.490403 0.860460
vt 0.494875 0.860436
vt 0.495260 0.860438
vt 0.507058 0.860447
vt 0.507061 0.861132
vt 0.495257 0.861160
vt 0.518847 0.860319
vt 0.518861 0.861039
vt 0.945952 0.599781
vt 0.950606 0.599781
vt 0.749532 0.971256
vt 0.749727 0.971016
vt 0.749836 0.971671
vt 0.749551 0.971439
vt 0.523642 0.861029
vt 0.519223 0.861039
vt 0.519229 0.860319
vt 0.745638 0.971674
vt 0.745407 0.971435
vt 0.745416 0.970959
vt 0.750167 0.971449
vt 0.749931 0.971684
vt 0.745166 0.971666
vt 0.958062 0.646316
vt 0.535771 0.860361
vt 0.535770 0.861045
vt 0.524002 0.861026
vt 0.958770 0.599922
vt 0.958062 0.599781
vt 0.490007 0.860459
vt 0.490032 0.861223
vt 0.476871 0.861649
vt 0.476846 0.860885
vt 0.979023 0.054877
vt 0.978882 0.054169
vt 0.945141 0.646316
vt 0.944716 0.646316
vt 0.945528 0.646316
vt 0.945952 0.634682
vt 0.490408 0.861211
vt 0.494894 0.861166
vt 0.959371 0.600323
vt 0.882655 0.902454
vt 0.881847 0.902454
vt 0.881847 0.470108
vt 0.882655 0.470108
vt 0.866696 0.902454
vt 0.866696 0.470107
vt 0.871015 0.465454
vt 0.882418 0.465454
vt 0.882418 0.469536
vt 0.871015 0.469536
vt 0.886737 0.470108
vt 0.886737 0.902454
vt 0.978882 0.011336
vt 0.979023 0.010627
vt 0.980024 0.055879
vt 0.979424 0.055477
vt 0.990515 0.056020
vt 0.980733 0.056020
vt 0.445106 0.907182
vt 0.445193 0.918770
vt 0.440603 0.918759
vt 0.440720 0.907213
vt 0.439925 0.883060
vt 0.445191 0.881570
vt 0.439762 0.882407
vt 0.444732 0.880857
vt 0.945141 0.360695
vt 0.945141 0.337427
vt 0.945528 0.337427
vt 0.945528 0.360695
vt 0.980024 0.665257
vt 0.990515 0.688384
vt 0.979057 0.666208
vt 0.979424 0.665659
vt 0.945528 0.372328
vt 0.945141 0.372346
vt 0.456239 0.885427
vt 0.455629 0.885143
vt 0.456221 0.885409
vt 0.944716 0.372328
vt 0.944716 0.360695
vt 0.944716 0.337427
vt 0.445041 0.880618
vt 0.445391 0.880629
vt 0.445685 0.880888
vt 0.454342 0.930327
vt 0.454184 0.929687
vt 0.454776 0.929502
vt 0.455056 0.930101
vt 0.455285 0.929178
vt 0.455728 0.929678
vt 0.455624 0.928677
vt 0.456228 0.929031
vt 0.455824 0.928072
vt 0.456519 0.928275
vt 0.433327 0.929879
vt 0.433138 0.930585
vt 0.432363 0.930297
vt 0.432721 0.929713
vt 0.431747 0.929761
vt 0.432268 0.929352
vt 0.431377 0.929068
vt 0.431987 0.928848
vt 0.431213 0.928337
vt 0.431880 0.928221
vt 0.455916 0.884512
vt 0.456596 0.884851
vt 0.456253 0.885366
vt 0.456734 0.885815
vt 0.457244 0.885352
vt 0.457677 0.886004
vt 0.457704 0.886069
vt 0.457034 0.886355
vt 0.457877 0.886862
vt 0.457185 0.886976
vt 0.432554 0.883844
vt 0.432781 0.884510
vt 0.432146 0.884754
vt 0.431814 0.884135
vt 0.431617 0.885118
vt 0.431128 0.884615
vt 0.431281 0.885653
vt 0.430636 0.885323
vt 0.431127 0.886289
vt 0.430393 0.886135
vt 0.445187 0.930418
vt 0.456704 0.918823
vt 0.457380 0.918862
vt 0.445239 0.931067
vt 0.990515 0.700018
vt 0.978882 0.700018
vt 0.978882 0.688384
vt 0.430393 0.907346
vt 0.431096 0.907339
vt 0.431324 0.918901
vt 0.430642 0.918928
vt 0.457662 0.907475
vt 0.456985 0.907462
vt 0.980733 0.665116
vt 0.990515 0.665116
vt 0.946182 0.360695
vt 0.945952 0.360925
vt 0.945722 0.360695
vt 0.945952 0.360464
vt 0.945952 0.383732
vt 0.946267 0.383816
vt 0.946036 0.384046
vt 0.945722 0.383962
vt 0.950291 0.383816
vt 0.950606 0.383732
vt 0.950836 0.383962
vt 0.950521 0.384046
vt 0.950606 0.360925
vt 0.950375 0.360695
vt 0.950606 0.360464
vt 0.950836 0.360695
vt 0.178080 0.435567
vt 0.177655 0.435567
vt 0.177035 0.010824
vt 0.177418 0.010826
vt 0.959913 0.339278
vt 0.959913 0.360695
vt 0.959772 0.338570
vt 0.793565 0.902454
vt 0.792757 0.902454
vt 0.792757 0.470108
vt 0.793565 0.470108
vt 0.959913 0.382111
vt 0.959772 0.382820
vt 0.950606 0.372328
vt 0.959913 0.372328
vt 0.958770 0.383821
vt 0.959370 0.383420
vt 0.210639 0.010673
vt 0.209587 0.435567
vt 0.205467 0.435567
vt 0.206167 0.010697
vt 0.205782 0.010695
vt 0.193984 0.010686
vt 0.193981 0.010001
vt 0.205786 0.009973
vt 0.182196 0.010814
vt 0.182181 0.010094
vt 0.945952 0.337427
vt 0.950606 0.337427
vt 0.444555 0.930685
vt 0.444751 0.930453
vt 0.444845 0.931099
vt 0.444569 0.930866
vt 0.177401 0.010103
vt 0.181820 0.010094
vt 0.181814 0.010814
vt 0.440741 0.931039
vt 0.440519 0.930801
vt 0.440535 0.930335
vt 0.445179 0.930887
vt 0.444944 0.931113
vt 0.440279 0.931025
vt 0.958062 0.383962
vt 0.165272 0.010772
vt 0.165273 0.010088
vt 0.177041 0.010107
vt 0.958770 0.337568
vt 0.958062 0.337427
vt 0.211035 0.010674
vt 0.211011 0.009910
vt 0.224172 0.009485
vt 0.224197 0.010249
vt 0.979023 0.710509
vt 0.978882 0.709800
vt 0.945141 0.383962
vt 0.944716 0.383962
vt 0.945528 0.383962
vt 0.945952 0.372328
vt 0.166449 0.435567
vt 0.182199 0.435567
vt 0.193833 0.435567
vt 0.182624 0.435567
vt 0.205042 0.435567
vt 0.210635 0.009922
vt 0.206148 0.009968
vt 0.959370 0.337969
vt 0.804634 0.902454
vt 0.803826 0.902454
vt 0.803826 0.470108
vt 0.804634 0.470108
vt 0.788675 0.902454
vt 0.788675 0.470108
vt 0.792994 0.465454
vt 0.804397 0.465454
vt 0.804397 0.469536
vt 0.792994 0.469536
vt 0.220338 0.961485
vt 0.220338 0.950081
vt 0.224420 0.950081
vt 0.224992 0.950653
vt 0.224992 0.960914
vt 0.224420 0.961485
vt 0.808716 0.470108
vt 0.808716 0.902454
vt 0.978882 0.666968
vt 0.979023 0.666259
vt 0.980024 0.711511
vt 0.979424 0.711109
vt 0.990515 0.711652
vt 0.980733 0.711652
vt 0.210012 0.435567
vt 0.840455 0.947986
vt 0.844841 0.948017
vt 0.844958 0.959562
vt 0.840368 0.959573
vt 0.840370 0.922376
vt 0.845636 0.923865
vt 0.840829 0.921663
vt 0.845799 0.923213
vt 0.925323 0.944691
vt 0.924936 0.944691
vt 0.924936 0.921423
vt 0.925323 0.921423
vt 0.989373 0.730762
vt 0.989973 0.731163
vt 0.990340 0.731712
vt 0.978882 0.753888
vt 0.924936 0.956325
vt 0.925323 0.956342
vt 0.829323 0.926232
vt 0.829341 0.926214
vt 0.829933 0.925948
vt 0.925747 0.944691
vt 0.925747 0.956325
vt 0.925747 0.921423
vt 0.839876 0.921693
vt 0.840171 0.921434
vt 0.840520 0.921423
vt 0.831218 0.971130
vt 0.830504 0.970904
vt 0.830784 0.970305
vt 0.831376 0.970490
vt 0.829832 0.970480
vt 0.830275 0.969981
vt 0.829332 0.969834
vt 0.829936 0.969480
vt 0.829041 0.969078
vt 0.829736 0.968875
vt 0.852241 0.970681
vt 0.852844 0.970507
vt 0.853206 0.971090
vt 0.852435 0.971387
vt 0.853296 0.970136
vt 0.853819 0.970556
vt 0.853601 0.969644
vt 0.854203 0.969866
vt 0.853696 0.969022
vt 0.854362 0.969135
vt 0.829309 0.926171
vt 0.828966 0.925656
vt 0.829646 0.925317
vt 0.828829 0.926620
vt 0.828529 0.927159
vt 0.827858 0.926874
vt 0.827885 0.926809
vt 0.828318 0.926157
vt 0.828378 0.927781
vt 0.827685 0.927667
vt 0.853006 0.924649
vt 0.853746 0.924940
vt 0.853414 0.925559
vt 0.852779 0.925315
vt 0.854432 0.925420
vt 0.853942 0.925923
vt 0.854924 0.926128
vt 0.854278 0.926458
vt 0.855167 0.926940
vt 0.854433 0.927094
vt 0.840373 0.971222
vt 0.828181 0.959665
vt 0.828857 0.959626
vt 0.840320 0.971871
vt 0.990515 0.753888
vt 0.990515 0.765522
vt 0.978882 0.765522
vt 0.855167 0.948150
vt 0.854921 0.959730
vt 0.854239 0.959704
vt 0.854464 0.948142
vt 0.827899 0.948277
vt 0.828576 0.948265
vt 0.978882 0.730621
vt 0.988664 0.730621
vt 0.924281 0.944691
vt 0.924511 0.944461
vt 0.924742 0.944691
vt 0.924511 0.944921
vt 0.924512 0.967728
vt 0.924742 0.967958
vt 0.924427 0.968043
vt 0.924197 0.967812
vt 0.920172 0.967812
vt 0.919942 0.968043
vt 0.919628 0.967958
vt 0.919858 0.967728
vt 0.919858 0.944921
vt 0.919628 0.944691
vt 0.919858 0.944461
vt 0.920088 0.944691
vt 0.177418 0.860308
vt 0.177035 0.860310
vt 0.910551 0.923274
vt 0.910692 0.922566
vt 0.910551 0.944691
vt 0.764816 0.446485
vt 0.764816 0.014138
vt 0.765624 0.014138
vt 0.765624 0.446485
vt 0.910551 0.966107
vt 0.910551 0.956325
vt 0.919858 0.956325
vt 0.910692 0.966816
vt 0.911694 0.967817
vt 0.911093 0.967416
vt 0.210639 0.860461
vt 0.206167 0.860437
vt 0.205782 0.860439
vt 0.205786 0.861161
vt 0.193981 0.861133
vt 0.193985 0.860447
vt 0.182182 0.861040
vt 0.182196 0.860320
vt 0.919858 0.921423
vt 0.924511 0.921423
vt 0.841005 0.971489
vt 0.840990 0.971670
vt 0.840715 0.971903
vt 0.840808 0.971257
vt 0.181814 0.860320
vt 0.181820 0.861040
vt 0.177401 0.861030
vt 0.844819 0.971843
vt 0.840616 0.971917
vt 0.840381 0.971691
vt 0.845026 0.971138
vt 0.845042 0.971605
vt 0.845282 0.971828
vt 0.912402 0.967958
vt 0.165272 0.860362
vt 0.177041 0.861027
vt 0.165273 0.861046
vt 0.911694 0.921564
vt 0.912402 0.921423
vt 0.211035 0.860460
vt 0.224197 0.860885
vt 0.224172 0.861649
vt 0.211011 0.861224
vt 0.990515 0.775305
vt 0.990375 0.776013
vt 0.925747 0.967958
vt 0.925323 0.967958
vt 0.924511 0.956325
vt 0.924936 0.967958
vt 0.210635 0.861212
vt 0.206148 0.861166
vt 0.911093 0.921965
vt 0.753747 0.446485
vt 0.753747 0.014138
vt 0.754555 0.014138
vt 0.754555 0.446485
vt 0.769706 0.446485
vt 0.769706 0.014138
vt 0.765387 0.009484
vt 0.765387 0.013567
vt 0.753984 0.013567
vt 0.753984 0.009484
vt 0.749665 0.014138
vt 0.749665 0.446485
vt 0.990375 0.731763
vt 0.990515 0.732472
vt 0.989973 0.776613
vt 0.989373 0.777015
vt 0.988664 0.777156
vt 0.978882 0.777156
vt 0.068704 0.907182
vt 0.073090 0.907213
vt 0.073208 0.918758
vt 0.068618 0.918769
vt 0.068620 0.881572
vt 0.073886 0.883061
vt 0.069079 0.880859
vt 0.074048 0.882409
vt 0.959488 0.688637
vt 0.959101 0.688637
vt 0.959101 0.665369
vt 0.959488 0.665369
vt 0.989373 0.337568
vt 0.989973 0.337969
vt 0.990340 0.338519
vt 0.978882 0.360695
vt 0.959101 0.700271
vt 0.959488 0.700288
vt 0.057573 0.885428
vt 0.057590 0.885410
vt 0.058183 0.885144
vt 0.959913 0.688637
vt 0.959913 0.700271
vt 0.959913 0.665369
vt 0.068126 0.880889
vt 0.068420 0.880630
vt 0.068770 0.880620
vt 0.059468 0.930326
vt 0.058754 0.930100
vt 0.059033 0.929501
vt 0.059626 0.929686
vt 0.058082 0.929677
vt 0.058525 0.929177
vt 0.057582 0.929030
vt 0.058185 0.928676
vt 0.057291 0.928275
vt 0.057985 0.928071
vt 0.080490 0.929878
vt 0.081093 0.929703
vt 0.081456 0.930286
vt 0.080685 0.930583
vt 0.081546 0.929332
vt 0.082069 0.929752
vt 0.081850 0.928841
vt 0.082453 0.929062
vt 0.081946 0.928219
vt 0.082612 0.928331
vt 0.057559 0.885368
vt 0.057216 0.884852
vt 0.057896 0.884514
vt 0.057078 0.885816
vt 0.056778 0.886356
vt 0.056108 0.886070
vt 0.056135 0.886006
vt 0.056568 0.885354
vt 0.056627 0.886977
vt 0.055935 0.886863
vt 0.081255 0.883846
vt 0.081995 0.884137
vt 0.081664 0.884756
vt 0.081028 0.884511
vt 0.082682 0.884617
vt 0.082192 0.885119
vt 0.083174 0.885324
vt 0.082528 0.885654
vt 0.083416 0.886136
vt 0.082682 0.886290
vt 0.068623 0.930418
vt 0.056430 0.918861
vt 0.057107 0.918822
vt 0.068570 0.931068
vt 0.990516 0.360695
vt 0.990516 0.372328
vt 0.978882 0.372328
vt 0.083416 0.907346
vt 0.083170 0.918926
vt 0.082488 0.918900
vt 0.082713 0.907338
vt 0.056149 0.907474
vt 0.056826 0.907462
vt 0.978882 0.337427
vt 0.988664 0.337427
vt 0.958447 0.688637
vt 0.958677 0.688407
vt 0.958907 0.688637
vt 0.958677 0.688867
vt 0.958677 0.711674
vt 0.958907 0.711904
vt 0.958593 0.711989
vt 0.958362 0.711758
vt 0.954338 0.711758
vt 0.954108 0.711989
vt 0.953793 0.711904
vt 0.954023 0.711674
vt 0.954023 0.688867
vt 0.953793 0.688637
vt 0.954023 0.688407
vt 0.954254 0.688637
vt 0.367176 0.435567
vt 0.367838 0.010826
vt 0.368220 0.010824
vt 0.367601 0.435567
vt 0.944716 0.667220
vt 0.944857 0.666512
vt 0.944716 0.688637
vt 0.725805 0.446485
vt 0.725805 0.014138
vt 0.726613 0.014138
vt 0.726613 0.446485
vt 0.944716 0.710053
vt 0.944716 0.700271
vt 0.954023 0.700271
vt 0.944857 0.710762
vt 0.945859 0.711764
vt 0.945258 0.711362
vt 0.334616 0.010673
vt 0.339089 0.010697
vt 0.339789 0.435567
vt 0.335668 0.435567
vt 0.339474 0.010695
vt 0.339470 0.009973
vt 0.351274 0.010001
vt 0.351271 0.010686
vt 0.363074 0.010094
vt 0.363059 0.010814
vt 0.954023 0.665369
vt 0.958677 0.665369
vt 0.069255 0.930685
vt 0.069240 0.930866
vt 0.068965 0.931100
vt 0.069058 0.930454
vt 0.363442 0.010814
vt 0.363435 0.010094
vt 0.367854 0.010103
vt 0.073069 0.931039
vt 0.068866 0.931114
vt 0.068631 0.930887
vt 0.073276 0.930335
vt 0.073292 0.930801
vt 0.073532 0.931025
vt 0.946567 0.711904
vt 0.379984 0.010772
vt 0.368215 0.010107
vt 0.379983 0.010088
vt 0.945859 0.665510
vt 0.946567 0.665369
vt 0.334220 0.010674
vt 0.321059 0.010249
vt 0.321084 0.009485
vt 0.334245 0.009910
vt 0.990516 0.382111
vt 0.990375 0.382819
vt 0.959913 0.711904
vt 0.959488 0.711904
vt 0.958677 0.700271
vt 0.959101 0.711904
vt 0.378806 0.435567
vt 0.363056 0.435567
vt 0.351423 0.435567
vt 0.362632 0.435567
vt 0.340214 0.435567
vt 0.334621 0.009922
vt 0.339107 0.009968
vt 0.945258 0.665911
vt 0.714737 0.446485
vt 0.714737 0.014138
vt 0.715545 0.014138
vt 0.715545 0.446485
vt 0.730696 0.446485
vt 0.730696 0.014138
vt 0.726377 0.009485
vt 0.726377 0.013567
vt 0.714973 0.013567
vt 0.714973 0.009485
vt 0.146303 0.961486
vt 0.142221 0.961486
vt 0.141649 0.960915
vt 0.141649 0.950654
vt 0.142221 0.950082
vt 0.146303 0.950082
vt 0.710654 0.014138
vt 0.710654 0.446485
vt 0.990375 0.338570
vt 0.990516 0.339278
vt 0.989973 0.383420
vt 0.989373 0.383821
vt 0.988664 0.383962
vt 0.978882 0.383962
vt 0.335243 0.435567
vt 0.508001 0.907182
vt 0.508088 0.918769
vt 0.503498 0.918759
vt 0.503615 0.907213
vt 0.502820 0.883060
vt 0.508086 0.881570
vt 0.502657 0.882407
vt 0.507627 0.880857
vt 0.876810 0.944691
vt 0.876810 0.921423
vt 0.877197 0.921423
vt 0.877197 0.944691
vt 0.167256 0.880759
vt 0.177747 0.903886
vt 0.166288 0.881710
vt 0.166655 0.881160
vt 0.877197 0.956325
vt 0.876810 0.956342
vt 0.519134 0.885426
vt 0.518524 0.885143
vt 0.519117 0.885409
vt 0.876386 0.956325
vt 0.876386 0.944691
vt 0.876386 0.921423
vt 0.507936 0.880618
vt 0.508286 0.880629
vt 0.508580 0.880887
vt 0.517237 0.930327
vt 0.517079 0.929687
vt 0.517671 0.929502
vt 0.517951 0.930101
vt 0.518180 0.929178
vt 0.518623 0.929677
vt 0.518519 0.928677
vt 0.519123 0.929031
vt 0.518719 0.928072
vt 0.519414 0.928275
vt 0.496222 0.929878
vt 0.496033 0.930585
vt 0.495258 0.930296
vt 0.495616 0.929713
vt 0.494642 0.929761
vt 0.495163 0.929352
vt 0.494273 0.929068
vt 0.494883 0.928848
vt 0.494108 0.928337
vt 0.494775 0.928221
vt 0.518811 0.884512
vt 0.519491 0.884850
vt 0.519148 0.885366
vt 0.519629 0.885814
vt 0.520139 0.885352
vt 0.520572 0.886004
vt 0.520599 0.886068
vt 0.519929 0.886354
vt 0.520772 0.886862
vt 0.520080 0.886975
vt 0.495450 0.883844
vt 0.495676 0.884510
vt 0.495041 0.884754
vt 0.494710 0.884135
vt 0.494513 0.885117
vt 0.494023 0.884615
vt 0.494177 0.885653
vt 0.493531 0.885323
vt 0.494023 0.886289
vt 0.493289 0.886135
vt 0.508082 0.930418
vt 0.519599 0.918823
vt 0.520275 0.918862
vt 0.508135 0.931067
vt 0.177747 0.915520
vt 0.166113 0.915520
vt 0.166113 0.903886
vt 0.493289 0.907346
vt 0.493992 0.907338
vt 0.494219 0.918901
vt 0.493537 0.918928
vt 0.520557 0.907474
vt 0.519880 0.907462
vt 0.167964 0.880618
vt 0.177747 0.880618
vt 0.877852 0.944691
vt 0.877621 0.944921
vt 0.877391 0.944691
vt 0.877621 0.944461
vt 0.877621 0.967728
vt 0.877936 0.967812
vt 0.877706 0.968043
vt 0.877391 0.967958
vt 0.881960 0.967812
vt 0.882275 0.967728
vt 0.882505 0.967958
vt 0.882191 0.968043
vt 0.882275 0.944921
vt 0.882045 0.944691
vt 0.882275 0.944461
vt 0.882505 0.944691
vt 0.368220 0.860309
vt 0.367838 0.860308
vt 0.891582 0.923274
vt 0.891582 0.944691
vt 0.891441 0.922566
vt 0.676534 0.446485
vt 0.675726 0.446485
vt 0.675726 0.014138
vt 0.676534 0.014138
vt 0.891582 0.966107
vt 0.891441 0.966816
vt 0.882275 0.956325
vt 0.891582 0.956325
vt 0.890439 0.967817
vt 0.891040 0.967416
vt 0.334616 0.860461
vt 0.339089 0.860437
vt 0.339474 0.860439
vt 0.351271 0.860447
vt 0.351274 0.861133
vt 0.339470 0.861161
vt 0.363059 0.860320
vt 0.363074 0.861040
vt 0.877621 0.921423
vt 0.882275 0.921423
vt 0.507450 0.930685
vt 0.507647 0.930453
vt 0.507740 0.931099
vt 0.507464 0.930865
vt 0.367855 0.861030
vt 0.363435 0.861040
vt 0.363442 0.860320
vt 0.503637 0.931039
vt 0.503414 0.930801
vt 0.503430 0.930335
vt 0.508074 0.930887
vt 0.507839 0.931113
vt 0.503174 0.931024
vt 0.889731 0.967958
vt 0.379984 0.860362
vt 0.379983 0.861046
vt 0.368215 0.861027
vt 0.890439 0.921564
vt 0.889731 0.921423
vt 0.334220 0.860459
vt 0.334245 0.861224
vt 0.321084 0.861649
vt 0.321059 0.860885
vt 0.166254 0.926011
vt 0.166113 0.925302
vt 0.876810 0.967958
vt 0.876386 0.967958
vt 0.877197 0.967958
vt 0.877621 0.956325
vt 0.334621 0.861212
vt 0.339107 0.861166
vt 0.891040 0.921965
vt 0.687603 0.446485
vt 0.686795 0.446485
vt 0.686795 0.014138
vt 0.687603 0.014138
vt 0.671644 0.446485
vt 0.671644 0.014138
vt 0.675963 0.009485
vt 0.687366 0.009485
vt 0.687366 0.013567
vt 0.675963 0.013567
vt 0.691685 0.014138
vt 0.691685 0.446485
vt 0.166113 0.882469
vt 0.166254 0.881761
vt 0.167256 0.927013
vt 0.166655 0.926611
vt 0.177747 0.927153
vt 0.167964 0.927153
vt 0.211427 0.907180
vt 0.211514 0.918768
vt 0.206924 0.918757
vt 0.207041 0.907212
vt 0.206246 0.883060
vt 0.211512 0.881571
vt 0.206083 0.882407
vt 0.211053 0.880858
vt 0.945141 0.754225
vt 0.945141 0.730958
vt 0.945528 0.730958
vt 0.945528 0.754225
vt 0.980024 0.271895
vt 0.990515 0.295022
vt 0.979057 0.272846
vt 0.979424 0.272296
vt 0.945528 0.765859
vt 0.945141 0.765877
vt 0.222559 0.885427
vt 0.221949 0.885143
vt 0.222541 0.885409
vt 0.944716 0.765859
vt 0.944716 0.754225
vt 0.944716 0.730958
vt 0.211362 0.880618
vt 0.211712 0.880629
vt 0.212006 0.880888
vt 0.220664 0.930325
vt 0.220506 0.929685
vt 0.221099 0.929500
vt 0.221378 0.930099
vt 0.221607 0.929176
vt 0.222050 0.929675
vt 0.221947 0.928675
vt 0.222550 0.929029
vt 0.222147 0.928070
vt 0.222841 0.928273
vt 0.199642 0.929876
vt 0.199447 0.930582
vt 0.198676 0.930285
vt 0.199039 0.929702
vt 0.198063 0.929751
vt 0.198586 0.929331
vt 0.197679 0.929061
vt 0.198282 0.928839
vt 0.197520 0.928330
vt 0.198186 0.928217
vt 0.222236 0.884513
vt 0.222916 0.884851
vt 0.222573 0.885366
vt 0.223053 0.885815
vt 0.223564 0.885352
vt 0.223997 0.886004
vt 0.224024 0.886069
vt 0.223353 0.886354
vt 0.224197 0.886862
vt 0.223505 0.886976
vt 0.198877 0.883844
vt 0.199103 0.884510
vt 0.198468 0.884754
vt 0.198137 0.884135
vt 0.197940 0.885117
vt 0.197450 0.884615
vt 0.197604 0.885653
vt 0.196958 0.885322
vt 0.197450 0.886288
vt 0.196716 0.886135
vt 0.211509 0.930417
vt 0.223025 0.918821
vt 0.223702 0.918860
vt 0.211562 0.931066
vt 0.990515 0.306656
vt 0.978882 0.306656
vt 0.978882 0.295022
vt 0.196716 0.907345
vt 0.197419 0.907337
vt 0.197643 0.918899
vt 0.196961 0.918925
vt 0.223983 0.907472
vt 0.223306 0.907460
vt 0.980733 0.271754
vt 0.990515 0.271754
vt 0.946182 0.754225
vt 0.945952 0.754455
vt 0.945722 0.754225
vt 0.945952 0.753995
vt 0.945952 0.777263
vt 0.946267 0.777347
vt 0.946036 0.777577
vt 0.945722 0.777493
vt 0.950291 0.777347
vt 0.950606 0.777263
vt 0.950836 0.777493
vt 0.950521 0.777577
vt 0.950606 0.754455
vt 0.950375 0.754225
vt 0.950606 0.753995
vt 0.950836 0.754225
vt 0.255974 0.435567
vt 0.255549 0.435567
vt 0.254929 0.010824
vt 0.255312 0.010826
vt 0.959913 0.732809
vt 0.959913 0.754225
vt 0.959772 0.732100
vt 0.910596 0.446485
vt 0.909788 0.446485
vt 0.909788 0.014138
vt 0.910596 0.014138
vt 0.959913 0.775642
vt 0.959772 0.776350
vt 0.950606 0.765859
vt 0.959913 0.765859
vt 0.958770 0.777352
vt 0.959370 0.776951
vt 0.288533 0.010673
vt 0.287481 0.435567
vt 0.283361 0.435567
vt 0.284061 0.010697
vt 0.283676 0.010695
vt 0.271878 0.010686
vt 0.271875 0.010001
vt 0.283680 0.009973
vt 0.260090 0.010814
vt 0.260075 0.010093
vt 0.945952 0.730958
vt 0.950606 0.730958
vt 0.210877 0.930684
vt 0.211074 0.930452
vt 0.211167 0.931098
vt 0.210892 0.930865
vt 0.255295 0.010103
vt 0.259714 0.010093
vt 0.259708 0.010813
vt 0.207063 0.931038
vt 0.206840 0.930800
vt 0.206856 0.930333
vt 0.211501 0.930886
vt 0.211266 0.931112
vt 0.206600 0.931023
vt 0.958062 0.777493
vt 0.243166 0.010771
vt 0.243166 0.010088
vt 0.254935 0.010107
vt 0.958770 0.731099
vt 0.958062 0.730958
vt 0.288929 0.010674
vt 0.288905 0.009910
vt 0.302065 0.009485
vt 0.302090 0.010249
vt 0.979023 0.317147
vt 0.978882 0.316438
vt 0.945141 0.777493
vt 0.944716 0.777493
vt 0.945528 0.777493
vt 0.945952 0.765859
vt 0.244343 0.435567
vt 0.260093 0.435567
vt 0.271727 0.435567
vt 0.260518 0.435567
vt 0.282936 0.435567
vt 0.288529 0.009922
vt 0.284042 0.009967
vt 0.959370 0.731500
vt 0.921665 0.446485
vt 0.920857 0.446485
vt 0.920857 0.014138
vt 0.921665 0.014138
vt 0.905706 0.446485
vt 0.905706 0.014138
vt 0.910025 0.009485
vt 0.921428 0.009485
vt 0.921428 0.013567
vt 0.910025 0.013567
vt 0.196716 0.961485
vt 0.196716 0.950081
vt 0.200798 0.950081
vt 0.201369 0.950653
vt 0.201369 0.960914
vt 0.200798 0.961485
vt 0.925747 0.014138
vt 0.925747 0.446485
vt 0.978882 0.273605
vt 0.979023 0.272897
vt 0.980024 0.318148
vt 0.979424 0.317747
vt 0.990515 0.318289
vt 0.980733 0.318289
vt 0.287906 0.435567
vt 0.396713 0.907180
vt 0.401099 0.907211
vt 0.401216 0.918757
vt 0.396626 0.918768
vt 0.396628 0.881570
vt 0.401894 0.883060
vt 0.397087 0.880857
vt 0.402057 0.882407
vt 0.959488 0.295106
vt 0.959101 0.295106
vt 0.959101 0.271839
vt 0.959488 0.271839
vt 0.643125 0.921565
vt 0.643725 0.921966
vt 0.644092 0.922516
vt 0.632634 0.944692
vt 0.959101 0.306740
vt 0.959488 0.306758
vt 0.385581 0.885426
vt 0.385599 0.885409
vt 0.386191 0.885143
vt 0.959913 0.295106
vt 0.959913 0.306740
vt 0.959913 0.271839
vt 0.396134 0.880888
vt 0.396428 0.880629
vt 0.396778 0.880618
vt 0.387476 0.930325
vt 0.386762 0.930098
vt 0.387041 0.929500
vt 0.387634 0.929685
vt 0.386090 0.929675
vt 0.386533 0.929176
vt 0.385590 0.929028
vt 0.386193 0.928674
vt 0.385299 0.928273
vt 0.385993 0.928070
vt 0.408498 0.929876
vt 0.409101 0.929702
vt 0.409464 0.930285
vt 0.408693 0.930582
vt 0.409554 0.929331
vt 0.410077 0.929751
vt 0.409859 0.928839
vt 0.410461 0.929061
vt 0.409954 0.928217
vt 0.410620 0.928330
vt 0.385567 0.885366
vt 0.385224 0.884851
vt 0.385904 0.884512
vt 0.385087 0.885814
vt 0.384787 0.886354
vt 0.384116 0.886068
vt 0.384143 0.886004
vt 0.384576 0.885352
vt 0.384636 0.886975
vt 0.383943 0.886862
vt 0.409263 0.883844
vt 0.410003 0.884135
vt 0.409672 0.884754
vt 0.409037 0.884510
vt 0.410690 0.884615
vt 0.410200 0.885117
vt 0.411182 0.885322
vt 0.410536 0.885653
vt 0.411424 0.886135
vt 0.410690 0.886288
vt 0.396631 0.930417
vt 0.384439 0.918859
vt 0.385115 0.918821
vt 0.396578 0.931066
vt 0.644267 0.944692
vt 0.644267 0.956325
vt 0.632634 0.956325
vt 0.411424 0.907344
vt 0.411179 0.918925
vt 0.410497 0.918898
vt 0.410721 0.907337
vt 0.384157 0.907472
vt 0.384834 0.907460
vt 0.632634 0.921424
vt 0.642416 0.921424
vt 0.958447 0.295106
vt 0.958677 0.294876
vt 0.958907 0.295106
vt 0.958677 0.295336
vt 0.958677 0.318144
vt 0.958907 0.318374
vt 0.958593 0.318458
vt 0.958362 0.318228
vt 0.954338 0.318228
vt 0.954108 0.318458
vt 0.953793 0.318374
vt 0.954023 0.318144
vt 0.954023 0.295336
vt 0.953793 0.295106
vt 0.954023 0.294876
vt 0.954254 0.295106
vt 0.255312 0.860308
vt 0.254929 0.860310
vt 0.944716 0.273690
vt 0.944857 0.272981
vt 0.944716 0.295106
vt 0.715545 0.465454
vt 0.715545 0.897801
vt 0.714737 0.897801
vt 0.714737 0.465454
vt 0.944716 0.316523
vt 0.944716 0.306740
vt 0.954023 0.306740
vt 0.944857 0.317231
vt 0.945859 0.318233
vt 0.945258 0.317832
vt 0.288533 0.860461
vt 0.284061 0.860437
vt 0.283676 0.860439
vt 0.283680 0.861161
vt 0.271875 0.861133
vt 0.271878 0.860448
vt 0.260075 0.861040
vt 0.260090 0.860320
vt 0.954023 0.271839
vt 0.958677 0.271839
vt 0.397263 0.930684
vt 0.397248 0.930865
vt 0.396973 0.931098
vt 0.397066 0.930452
vt 0.259708 0.860320
vt 0.259714 0.861040
vt 0.255295 0.861031
vt 0.401077 0.931037
vt 0.396874 0.931112
vt 0.396639 0.930886
vt 0.401284 0.930333
vt 0.401300 0.930800
vt 0.401540 0.931023
vt 0.946567 0.318374
vt 0.243166 0.860362
vt 0.254935 0.861027
vt 0.243166 0.861046
vt 0.945859 0.271980
vt 0.946567 0.271839
vt 0.288929 0.860460
vt 0.302090 0.860885
vt 0.302065 0.861649
vt 0.288904 0.861224
vt 0.644267 0.966108
vt 0.644127 0.966816
vt 0.959913 0.318374
vt 0.959488 0.318374
vt 0.958677 0.306740
vt 0.959101 0.318374
vt 0.288529 0.861212
vt 0.284042 0.861166
vt 0.945258 0.272381
vt 0.726614 0.465454
vt 0.726613 0.897801
vt 0.725805 0.897801
vt 0.725806 0.465454
vt 0.710654 0.465454
vt 0.710654 0.897801
vt 0.714973 0.902454
vt 0.714973 0.898372
vt 0.726377 0.898372
vt 0.726377 0.902454
vt 0.730696 0.897801
vt 0.730696 0.465454
vt 0.644127 0.922567
vt 0.644267 0.923275
vt 0.643725 0.967417
vt 0.643125 0.967818
vt 0.642416 0.967959
vt 0.632634 0.967959
vt 0.684413 0.947986
vt 0.688799 0.948017
vt 0.688917 0.959562
vt 0.684327 0.959573
vt 0.684329 0.922376
vt 0.689595 0.923865
vt 0.684788 0.921663
vt 0.689757 0.923213
vt 0.959488 0.229518
vt 0.959101 0.229518
vt 0.959101 0.206250
vt 0.959488 0.206250
vt 0.955207 0.927864
vt 0.955808 0.928265
vt 0.956175 0.928815
vt 0.944716 0.950991
vt 0.959101 0.241151
vt 0.959488 0.241169
vt 0.673282 0.926232
vt 0.673299 0.926214
vt 0.673892 0.925948
vt 0.959913 0.229518
vt 0.959913 0.241151
vt 0.959913 0.206250
vt 0.683835 0.921693
vt 0.684129 0.921434
vt 0.684479 0.921423
vt 0.675177 0.971130
vt 0.674463 0.970904
vt 0.674742 0.970305
vt 0.675335 0.970490
vt 0.673791 0.970481
vt 0.674234 0.969981
vt 0.673291 0.969834
vt 0.673894 0.969480
vt 0.673000 0.969078
vt 0.673694 0.968875
vt 0.696199 0.970682
vt 0.696802 0.970507
vt 0.697165 0.971090
vt 0.696394 0.971387
vt 0.697255 0.970136
vt 0.697778 0.970556
vt 0.697559 0.969644
vt 0.698162 0.969866
vt 0.697655 0.969023
vt 0.698321 0.969135
vt 0.673268 0.926172
vt 0.672925 0.925656
vt 0.673605 0.925318
vt 0.672787 0.926620
vt 0.672487 0.927160
vt 0.671817 0.926874
vt 0.671844 0.926809
vt 0.672277 0.926158
vt 0.672336 0.927781
vt 0.671644 0.927667
vt 0.696964 0.924649
vt 0.697704 0.924940
vt 0.697373 0.925559
vt 0.696737 0.925315
vt 0.698391 0.925420
vt 0.697901 0.925923
vt 0.698883 0.926128
vt 0.698237 0.926458
vt 0.699125 0.926940
vt 0.698391 0.927094
vt 0.684332 0.971222
vt 0.672139 0.959665
vt 0.672815 0.959626
vt 0.684279 0.971871
vt 0.956350 0.950991
vt 0.956350 0.962624
vt 0.944716 0.962624
vt 0.699125 0.948150
vt 0.698879 0.959730
vt 0.698197 0.959704
vt 0.698422 0.948142
vt 0.671858 0.948278
vt 0.672535 0.948265
vt 0.944716 0.927723
vt 0.954499 0.927723
vt 0.958447 0.229518
vt 0.958677 0.229287
vt 0.958907 0.229518
vt 0.958677 0.229748
vt 0.958677 0.252555
vt 0.958907 0.252785
vt 0.958593 0.252870
vt 0.958362 0.252639
vt 0.954338 0.252639
vt 0.954108 0.252870
vt 0.953793 0.252785
vt 0.954023 0.252555
vt 0.954023 0.229748
vt 0.953793 0.229518
vt 0.954023 0.229287
vt 0.954253 0.229518
vt 0.445069 0.435567
vt 0.445731 0.010826
vt 0.446113 0.010824
vt 0.445494 0.435567
vt 0.944716 0.208101
vt 0.944857 0.207393
vt 0.944716 0.229518
vt 0.676534 0.465455
vt 0.676534 0.897802
vt 0.675726 0.897802
vt 0.675726 0.465455
vt 0.944716 0.250934
vt 0.944716 0.241151
vt 0.954023 0.241151
vt 0.944857 0.251643
vt 0.945859 0.252644
vt 0.945258 0.252243
vt 0.412509 0.010673
vt 0.416982 0.010697
vt 0.417682 0.435567
vt 0.413561 0.435567
vt 0.417367 0.010694
vt 0.417363 0.009973
vt 0.429167 0.010001
vt 0.429164 0.010686
vt 0.440967 0.010093
vt 0.440953 0.010814
vt 0.954023 0.206250
vt 0.958677 0.206250
vt 0.684964 0.971489
vt 0.684949 0.971670
vt 0.684674 0.971904
vt 0.684767 0.971257
vt 0.441335 0.010813
vt 0.441328 0.010093
vt 0.445748 0.010103
vt 0.688778 0.971843
vt 0.684575 0.971918
vt 0.684340 0.971691
vt 0.688985 0.971138
vt 0.689001 0.971605
vt 0.689241 0.971828
vt 0.946567 0.252785
vt 0.457877 0.010771
vt 0.446108 0.010107
vt 0.457876 0.010088
vt 0.945859 0.206391
vt 0.946567 0.206250
vt 0.412113 0.010674
vt 0.398953 0.010249
vt 0.398977 0.009485
vt 0.412138 0.009910
vt 0.956350 0.972407
vt 0.956209 0.973115
vt 0.959913 0.252785
vt 0.959488 0.252785
vt 0.958677 0.241151
vt 0.959101 0.252785
vt 0.456700 0.435567
vt 0.440950 0.435567
vt 0.429316 0.435567
vt 0.440525 0.435567
vt 0.418107 0.435567
vt 0.412514 0.009922
vt 0.417000 0.009967
vt 0.945258 0.206792
vt 0.687603 0.465455
vt 0.687603 0.897802
vt 0.686795 0.897802
vt 0.686795 0.465455
vt 0.671644 0.465455
vt 0.671644 0.897802
vt 0.675963 0.902455
vt 0.675963 0.898373
vt 0.687366 0.898373
vt 0.687366 0.902455
vt 0.248614 0.961485
vt 0.244532 0.961485
vt 0.243961 0.960914
vt 0.243961 0.950653
vt 0.244532 0.950081
vt 0.248614 0.950081
vt 0.691685 0.897802
vt 0.691685 0.465455
vt 0.956209 0.928866
vt 0.956350 0.929574
vt 0.955808 0.973716
vt 0.955207 0.974117
vt 0.954499 0.974258
vt 0.944716 0.974258
vt 0.413136 0.435567
vt 0.352205 0.907180
vt 0.352292 0.918767
vt 0.347701 0.918757
vt 0.347819 0.907211
vt 0.347024 0.883060
vt 0.352290 0.881570
vt 0.346861 0.882407
vt 0.351830 0.880857
vt 0.945141 0.163929
vt 0.945141 0.140662
vt 0.945528 0.140662
vt 0.945528 0.163929
vt 0.980025 0.403156
vt 0.990516 0.426283
vt 0.979057 0.404107
vt 0.979424 0.403558
vt 0.945528 0.175563
vt 0.945141 0.175581
vt 0.363336 0.885426
vt 0.362727 0.885143
vt 0.363319 0.885409
vt 0.944716 0.175563
vt 0.944716 0.163929
vt 0.944716 0.140662
vt 0.352139 0.880618
vt 0.352489 0.880629
vt 0.352783 0.880888
vt 0.361442 0.930325
vt 0.361284 0.929685
vt 0.361876 0.929500
vt 0.362155 0.930098
vt 0.362385 0.929176
vt 0.362828 0.929675
vt 0.362724 0.928674
vt 0.363328 0.929028
vt 0.362924 0.928070
vt 0.363619 0.928273
vt 0.340419 0.929876
vt 0.340225 0.930582
vt 0.339454 0.930285
vt 0.339816 0.929702
vt 0.338841 0.929750
vt 0.339364 0.929331
vt 0.338456 0.929061
vt 0.339059 0.928839
vt 0.338298 0.928330
vt 0.338964 0.928217
vt 0.363013 0.884512
vt 0.363693 0.884851
vt 0.363350 0.885366
vt 0.363831 0.885814
vt 0.364341 0.885352
vt 0.364774 0.886004
vt 0.364802 0.886068
vt 0.364131 0.886354
vt 0.364974 0.886862
vt 0.364282 0.886975
vt 0.339654 0.883844
vt 0.339881 0.884510
vt 0.339246 0.884754
vt 0.338914 0.884135
vt 0.338717 0.885117
vt 0.338228 0.884615
vt 0.338381 0.885653
vt 0.337736 0.885322
vt 0.338227 0.886288
vt 0.337493 0.886135
vt 0.352287 0.930417
vt 0.363803 0.918821
vt 0.364479 0.918859
vt 0.352340 0.931066
vt 0.990516 0.437917
vt 0.978882 0.437917
vt 0.978882 0.426283
vt 0.337493 0.907344
vt 0.338196 0.907337
vt 0.338421 0.918898
vt 0.337739 0.918925
vt 0.364761 0.907472
vt 0.364083 0.907460
vt 0.980733 0.403016
vt 0.990516 0.403016
vt 0.946182 0.163929
vt 0.945952 0.164159
vt 0.945722 0.163929
vt 0.945952 0.163699
vt 0.945952 0.186966
vt 0.946267 0.187051
vt 0.946036 0.187281
vt 0.945722 0.187197
vt 0.950291 0.187051
vt 0.950606 0.186967
vt 0.950836 0.187197
vt 0.950521 0.187281
vt 0.950606 0.164159
vt 0.950375 0.163929
vt 0.950606 0.163699
vt 0.950836 0.163929
vt 0.446114 0.860310
vt 0.445731 0.860308
vt 0.959913 0.142513
vt 0.959913 0.163929
vt 0.959772 0.141804
vt 0.754555 0.902454
vt 0.753747 0.902454
vt 0.753747 0.470108
vt 0.754555 0.470108
vt 0.959913 0.185346
vt 0.959772 0.186054
vt 0.950606 0.175563
vt 0.959913 0.175563
vt 0.958770 0.187056
vt 0.959370 0.186655
vt 0.412509 0.860461
vt 0.416982 0.860437
vt 0.417367 0.860439
vt 0.429164 0.860447
vt 0.429168 0.861133
vt 0.417363 0.861161
vt 0.440953 0.860320
vt 0.440967 0.861040
vt 0.945952 0.140662
vt 0.950606 0.140662
vt 0.351655 0.930684
vt 0.351851 0.930452
vt 0.351945 0.931098
vt 0.351669 0.930864
vt 0.445748 0.861030
vt 0.441328 0.861040
vt 0.441335 0.860320
vt 0.347840 0.931037
vt 0.347618 0.930800
vt 0.347634 0.930333
vt 0.352279 0.930885
vt 0.352044 0.931112
vt 0.347378 0.931023
vt 0.958062 0.187197
vt 0.457877 0.860362
vt 0.457876 0.861046
vt 0.446108 0.861027
vt 0.958770 0.140802
vt 0.958062 0.140662
vt 0.412114 0.860460
vt 0.412138 0.861224
vt 0.398978 0.861649
vt 0.398953 0.860885
vt 0.979023 0.448408
vt 0.978882 0.447699
vt 0.945141 0.187197
vt 0.944716 0.187197
vt 0.945528 0.187197
vt 0.945952 0.175563
vt 0.412514 0.861212
vt 0.417000 0.861166
vt 0.959370 0.141204
vt 0.765624 0.902454
vt 0.764816 0.902454
vt 0.764816 0.470108
vt 0.765624 0.470108
vt 0.749665 0.902454
vt 0.749665 0.470108
vt 0.753984 0.465454
vt 0.765387 0.465454
vt 0.765387 0.469536
vt 0.753984 0.469536
vt 0.769706 0.470108
vt 0.769706 0.902454
vt 0.978882 0.404867
vt 0.979023 0.404158
vt 0.980024 0.449410
vt 0.979424 0.449008
vt 0.990516 0.449551
vt 0.980733 0.449551
vt 0.133533 0.907182
vt 0.133620 0.918769
vt 0.129029 0.918758
vt 0.129147 0.907213
vt 0.128352 0.883061
vt 0.133618 0.881572
vt 0.128189 0.882408
vt 0.133159 0.880859
vt 0.945141 0.819814
vt 0.945141 0.796546
vt 0.945528 0.796546
vt 0.945528 0.819814
vt 0.980024 0.075130
vt 0.990515 0.098256
vt 0.979057 0.076080
vt 0.979424 0.075531
vt 0.945528 0.831447
vt 0.945141 0.831465
vt 0.144665 0.885427
vt 0.144055 0.885144
vt 0.144648 0.885409
vt 0.944716 0.831447
vt 0.944716 0.819814
vt 0.944716 0.796546
vt 0.133468 0.880619
vt 0.133817 0.880630
vt 0.134112 0.880889
vt 0.142770 0.930326
vt 0.142612 0.929686
vt 0.143204 0.929501
vt 0.143483 0.930099
vt 0.143713 0.929177
vt 0.144156 0.929676
vt 0.144052 0.928676
vt 0.144656 0.929030
vt 0.144252 0.928071
vt 0.144947 0.928274
vt 0.121747 0.929877
vt 0.121553 0.930583
vt 0.120782 0.930286
vt 0.121144 0.929703
vt 0.120169 0.929752
vt 0.120692 0.929332
vt 0.119785 0.929062
vt 0.120387 0.928840
vt 0.119626 0.928331
vt 0.120292 0.928218
vt 0.144342 0.884513
vt 0.145022 0.884851
vt 0.144679 0.885367
vt 0.145160 0.885815
vt 0.145670 0.885353
vt 0.146103 0.886005
vt 0.146130 0.886069
vt 0.145460 0.886355
vt 0.146303 0.886863
vt 0.145611 0.886976
vt 0.120982 0.883845
vt 0.121209 0.884511
vt 0.120574 0.884755
vt 0.120242 0.884136
vt 0.120046 0.885118
vt 0.119556 0.884616
vt 0.119710 0.885654
vt 0.119064 0.885324
vt 0.119555 0.886289
vt 0.118821 0.886136
vt 0.133615 0.930418
vt 0.145131 0.918822
vt 0.145807 0.918861
vt 0.133668 0.931067
vt 0.990515 0.109890
vt 0.978882 0.109890
vt 0.978882 0.098256
vt 0.118821 0.907345
vt 0.119524 0.907338
vt 0.119749 0.918899
vt 0.119067 0.918926
vt 0.146089 0.907474
vt 0.145412 0.907461
vt 0.980733 0.074989
vt 0.990515 0.074989
vt 0.946182 0.819814
vt 0.945952 0.820044
vt 0.945722 0.819814
vt 0.945952 0.819583
vt 0.945952 0.842851
vt 0.946267 0.842935
vt 0.946036 0.843165
vt 0.945722 0.843081
vt 0.950291 0.842935
vt 0.950606 0.842851
vt 0.950836 0.843081
vt 0.950521 0.843165
vt 0.950606 0.820044
vt 0.950375 0.819814
vt 0.950606 0.819583
vt 0.950836 0.819814
vt 0.100186 0.435567
vt 0.099761 0.435567
vt 0.099142 0.010824
vt 0.099524 0.010826
vt 0.959913 0.798397
vt 0.959913 0.819814
vt 0.959772 0.797689
vt 0.647785 0.009485
vt 0.648593 0.009485
vt 0.648593 0.441832
vt 0.647785 0.441832
vt 0.959913 0.841230
vt 0.959772 0.841938
vt 0.950606 0.831447
vt 0.959913 0.831447
vt 0.958770 0.842940
vt 0.959370 0.842539
vt 0.132745 0.010673
vt 0.131694 0.435567
vt 0.127573 0.435567
vt 0.128273 0.010697
vt 0.127888 0.010695
vt 0.116090 0.010686
vt 0.116087 0.010001
vt 0.127892 0.009973
vt 0.104302 0.010814
vt 0.104288 0.010094
vt 0.945952 0.796546
vt 0.950606 0.796546
vt 0.132983 0.930685
vt 0.133179 0.930453
vt 0.133273 0.931099
vt 0.132998 0.930866
vt 0.099508 0.010103
vt 0.103927 0.010094
vt 0.103920 0.010814
vt 0.129169 0.931038
vt 0.128946 0.930801
vt 0.128962 0.930334
vt 0.133607 0.930887
vt 0.133372 0.931113
vt 0.128706 0.931024
vt 0.958062 0.843081
vt 0.087378 0.010772
vt 0.087379 0.010088
vt 0.099147 0.010107
vt 0.958770 0.796687
vt 0.958062 0.796546
vt 0.133141 0.010674
vt 0.133117 0.009910
vt 0.146278 0.009485
vt 0.146303 0.010249
vt 0.979023 0.120381
vt 0.978882 0.119673
vt 0.945141 0.843081
vt 0.944716 0.843081
vt 0.945528 0.843081
vt 0.945952 0.831447
vt 0.088555 0.435567
vt 0.104305 0.435567
vt 0.115939 0.435567
vt 0.104730 0.435567
vt 0.127148 0.435567
vt 0.132741 0.009922
vt 0.128254 0.009968
vt 0.959370 0.797088
vt 0.636716 0.009485
vt 0.637524 0.009485
vt 0.637524 0.441832
vt 0.636716 0.441832
vt 0.652675 0.009485
vt 0.652675 0.441832
vt 0.648356 0.446486
vt 0.636953 0.446486
vt 0.636953 0.442404
vt 0.648356 0.442404
vt 0.313871 0.961485
vt 0.313871 0.950081
vt 0.317953 0.950081
vt 0.318524 0.950653
vt 0.318524 0.960914
vt 0.317953 0.961485
vt 0.632634 0.441832
vt 0.632634 0.009485
vt 0.978882 0.076840
vt 0.979023 0.076131
vt 0.980024 0.121383
vt 0.979424 0.120982
vt 0.990515 0.121524
vt 0.980733 0.121524
vt 0.132119 0.435567
vt 0.255935 0.907181
vt 0.260321 0.907212
vt 0.260439 0.918757
vt 0.255849 0.918768
vt 0.255851 0.881571
vt 0.261117 0.883060
vt 0.256310 0.880858
vt 0.261279 0.882408
vt 0.959488 0.032752
vt 0.959101 0.032752
vt 0.959101 0.009485
vt 0.959488 0.009485
vt 0.989373 0.140634
vt 0.989973 0.141035
vt 0.990340 0.141584
vt 0.978882 0.163760
vt 0.959101 0.044386
vt 0.959488 0.044404
vt 0.244804 0.885426
vt 0.244821 0.885409
vt 0.245413 0.885143
vt 0.959913 0.032752
vt 0.959913 0.044386
vt 0.959913 0.009485
vt 0.255357 0.880888
vt 0.255651 0.880629
vt 0.256001 0.880618
vt 0.246699 0.930325
vt 0.245985 0.930099
vt 0.246265 0.929500
vt 0.246857 0.929685
vt 0.245313 0.929675
vt 0.245756 0.929176
vt 0.244813 0.929029
vt 0.245417 0.928675
vt 0.244522 0.928273
vt 0.245217 0.928070
vt 0.267721 0.929876
vt 0.268324 0.929702
vt 0.268687 0.930285
vt 0.267916 0.930582
vt 0.268777 0.929331
vt 0.269300 0.929751
vt 0.269082 0.928839
vt 0.269684 0.929061
vt 0.269177 0.928217
vt 0.269843 0.928330
vt 0.244790 0.885366
vt 0.244447 0.884850
vt 0.245127 0.884512
vt 0.244309 0.885814
vt 0.244009 0.886354
vt 0.243338 0.886069
vt 0.243366 0.886004
vt 0.243799 0.885352
vt 0.243858 0.886976
vt 0.243166 0.886862
vt 0.268486 0.883844
vt 0.269226 0.884135
vt 0.268895 0.884754
vt 0.268259 0.884510
vt 0.269913 0.884615
vt 0.269423 0.885118
vt 0.270405 0.885323
vt 0.269759 0.885653
vt 0.270647 0.886135
vt 0.269913 0.886288
vt 0.255854 0.930417
vt 0.243662 0.918860
vt 0.244338 0.918821
vt 0.255801 0.931066
vt 0.990515 0.163760
vt 0.990515 0.175394
vt 0.978882 0.175394
vt 0.270647 0.907345
vt 0.270401 0.918925
vt 0.269720 0.918899
vt 0.269944 0.907337
vt 0.243380 0.907473
vt 0.244057 0.907460
vt 0.978882 0.140493
vt 0.988664 0.140493
vt 0.958447 0.032752
vt 0.958677 0.032522
vt 0.958907 0.032752
vt 0.958677 0.032982
vt 0.958677 0.055789
vt 0.958907 0.056020
vt 0.958593 0.056104
vt 0.958362 0.055874
vt 0.954338 0.055874
vt 0.954108 0.056104
vt 0.953793 0.056020
vt 0.954023 0.055789
vt 0.954023 0.032982
vt 0.953793 0.032752
vt 0.954023 0.032522
vt 0.954253 0.032752
vt 0.099524 0.860309
vt 0.099142 0.860310
vt 0.944716 0.011336
vt 0.944857 0.010627
vt 0.944716 0.032752
vt 0.920857 0.902454
vt 0.920857 0.470107
vt 0.921665 0.470107
vt 0.921665 0.902454
vt 0.944716 0.054169
vt 0.944716 0.044386
vt 0.954023 0.044386
vt 0.944857 0.054877
vt 0.945859 0.055879
vt 0.945258 0.055477
vt 0.132745 0.860462
vt 0.128273 0.860438
vt 0.127888 0.860440
vt 0.127892 0.861162
vt 0.116087 0.861134
vt 0.116090 0.860448
vt 0.104288 0.861041
vt 0.104302 0.860321
vt 0.954023 0.009485
vt 0.958677 0.009485
vt 0.256486 0.930684
vt 0.256471 0.930865
vt 0.256196 0.931098
vt 0.256289 0.930452
vt 0.103920 0.860321
vt 0.103927 0.861041
vt 0.099507 0.861031
vt 0.260300 0.931038
vt 0.256097 0.931112
vt 0.255862 0.930886
vt 0.260507 0.930333
vt 0.260523 0.930800
vt 0.260763 0.931023
vt 0.946567 0.056020
vt 0.087378 0.860363
vt 0.099147 0.861028
vt 0.087379 0.861047
vt 0.945859 0.009625
vt 0.946567 0.009485
vt 0.133141 0.860460
vt 0.146303 0.860886
vt 0.146278 0.861650
vt 0.133117 0.861225
vt 0.990515 0.185177
vt 0.990375 0.185885
vt 0.959913 0.056020
vt 0.959488 0.056020
vt 0.958677 0.044386
vt 0.959101 0.056020
vt 0.132741 0.861213
vt 0.128255 0.861167
vt 0.945258 0.010027
vt 0.909788 0.902454
vt 0.909788 0.470107
vt 0.910596 0.470107
vt 0.910596 0.902454
vt 0.925747 0.902454
vt 0.925747 0.470107
vt 0.921429 0.465454
vt 0.921429 0.469536
vt 0.910025 0.469536
vt 0.910025 0.465454
vt 0.905706 0.470107
vt 0.905706 0.902454
vt 0.990375 0.141636
vt 0.990515 0.142344
vt 0.989973 0.186486
vt 0.989373 0.186887
vt 0.988664 0.187028
vt 0.978882 0.187028
vt 0.022254 0.907182
vt 0.026640 0.907213
vt 0.026758 0.918758
vt 0.022167 0.918769
vt 0.022169 0.881572
vt 0.027435 0.883061
vt 0.022629 0.880859
vt 0.027598 0.882409
vt 0.959488 0.098341
vt 0.959101 0.098341
vt 0.959101 0.075073
vt 0.959488 0.075073
vt 0.989373 0.468745
vt 0.989973 0.469146
vt 0.990340 0.469696
vt 0.978882 0.491871
vt 0.959101 0.109975
vt 0.959488 0.109992
vt 0.011122 0.885428
vt 0.011140 0.885410
vt 0.011732 0.885144
vt 0.959913 0.098341
vt 0.959913 0.109974
vt 0.959913 0.075073
vt 0.021676 0.880889
vt 0.021970 0.880630
vt 0.022320 0.880620
vt 0.013018 0.930326
vt 0.012304 0.930100
vt 0.012583 0.929501
vt 0.013176 0.929686
vt 0.011632 0.929677
vt 0.012075 0.929177
vt 0.011132 0.929030
vt 0.011735 0.928676
vt 0.010841 0.928275
vt 0.011535 0.928071
vt 0.034040 0.929878
vt 0.034643 0.929703
vt 0.035005 0.930286
vt 0.034235 0.930583
vt 0.035096 0.929333
vt 0.035619 0.929752
vt 0.035400 0.928840
vt 0.036003 0.929062
vt 0.035495 0.928218
vt 0.036162 0.928331
vt 0.011108 0.885367
vt 0.010766 0.884852
vt 0.011446 0.884514
vt 0.010628 0.885816
vt 0.010328 0.886356
vt 0.009657 0.886070
vt 0.009684 0.886005
vt 0.010117 0.885354
vt 0.010177 0.886977
vt 0.009485 0.886863
vt 0.034805 0.883846
vt 0.035545 0.884137
vt 0.035213 0.884756
vt 0.034578 0.884511
vt 0.036232 0.884617
vt 0.035742 0.885119
vt 0.036723 0.885324
vt 0.036078 0.885654
vt 0.036966 0.886136
vt 0.036232 0.886290
vt 0.022173 0.930418
vt 0.009980 0.918861
vt 0.010656 0.918822
vt 0.022120 0.931068
vt 0.990515 0.491871
vt 0.990515 0.503505
vt 0.978882 0.503505
vt 0.036966 0.907346
vt 0.036720 0.918926
vt 0.036038 0.918900
vt 0.036263 0.907338
vt 0.009699 0.907474
vt 0.010376 0.907462
vt 0.978882 0.468604
vt 0.988664 0.468604
vt 0.958447 0.098341
vt 0.958677 0.098110
vt 0.958907 0.098341
vt 0.958677 0.098571
vt 0.958677 0.121378
vt 0.958907 0.121608
vt 0.958593 0.121693
vt 0.958362 0.121462
vt 0.954338 0.121462
vt 0.954108 0.121693
vt 0.953793 0.121608
vt 0.954023 0.121378
vt 0.954023 0.098571
vt 0.953793 0.098341
vt 0.954023 0.098110
vt 0.954254 0.098341
vt 0.022292 0.435568
vt 0.021630 0.860309
vt 0.021248 0.860311
vt 0.021867 0.435568
vt 0.944716 0.076924
vt 0.944857 0.076216
vt 0.944716 0.098341
vt 0.647785 0.902455
vt 0.647785 0.470108
vt 0.648593 0.470108
vt 0.648593 0.902455
vt 0.944716 0.119757
vt 0.944716 0.109975
vt 0.954023 0.109974
vt 0.944857 0.120465
vt 0.945859 0.121467
vt 0.945258 0.121066
vt 0.054852 0.860462
vt 0.050380 0.860438
vt 0.049679 0.435568
vt 0.053800 0.435568
vt 0.049995 0.860440
vt 0.049998 0.861162
vt 0.038194 0.861134
vt 0.038197 0.860449
vt 0.026394 0.861042
vt 0.026409 0.860321
vt 0.954023 0.075073
vt 0.958677 0.075073
vt 0.022805 0.930685
vt 0.022790 0.930866
vt 0.022515 0.931100
vt 0.022608 0.930454
vt 0.026026 0.860322
vt 0.026033 0.861042
vt 0.021614 0.861032
vt 0.026619 0.931039
vt 0.022416 0.931114
vt 0.022181 0.930887
vt 0.026826 0.930335
vt 0.026842 0.930801
vt 0.027082 0.931024
vt 0.946567 0.121608
vt 0.009485 0.860364
vt 0.021253 0.861028
vt 0.009485 0.861047
vt 0.945859 0.075214
vt 0.946567 0.075073
vt 0.055248 0.860461
vt 0.068409 0.860886
vt 0.068384 0.861651
vt 0.055223 0.861225
vt 0.990515 0.513288
vt 0.990375 0.513996
vt 0.959913 0.121608
vt 0.959488 0.121608
vt 0.958677 0.109974
vt 0.959101 0.121608
vt 0.010662 0.435568
vt 0.026412 0.435568
vt 0.038045 0.435568
vt 0.026836 0.435568
vt 0.049254 0.435568
vt 0.054847 0.861213
vt 0.050361 0.861168
vt 0.945258 0.075615
vt 0.636716 0.902455
vt 0.636716 0.470108
vt 0.637524 0.470108
vt 0.637524 0.902455
vt 0.652675 0.902455
vt 0.652675 0.470108
vt 0.648356 0.465455
vt 0.648356 0.469537
vt 0.636953 0.469537
vt 0.636953 0.465455
vt 0.294902 0.961485
vt 0.290819 0.961485
vt 0.290248 0.960914
vt 0.290248 0.950653
vt 0.290819 0.950081
vt 0.294902 0.950081
vt 0.632634 0.470108
vt 0.632634 0.902455
vt 0.990375 0.469747
vt 0.990515 0.470455
vt 0.989973 0.514597
vt 0.989373 0.514998
vt 0.988664 0.515139
vt 0.978882 0.515139
vt 0.054225 0.435568
vt 0.304328 0.907181
vt 0.304415 0.918768
vt 0.299824 0.918757
vt 0.299942 0.907212
vt 0.299147 0.883060
vt 0.304413 0.881571
vt 0.298984 0.882407
vt 0.303954 0.880858
vt 0.945141 0.885402
vt 0.945141 0.862135
vt 0.945528 0.862135
vt 0.945528 0.885402
vt 0.976462 0.927864
vt 0.986953 0.950990
vt 0.975494 0.928814
vt 0.975861 0.928265
vt 0.945528 0.897036
vt 0.945141 0.897054
vt 0.315460 0.885426
vt 0.314850 0.885143
vt 0.315442 0.885409
vt 0.944716 0.897036
vt 0.944716 0.885402
vt 0.944716 0.862135
vt 0.304262 0.880618
vt 0.304612 0.880629
vt 0.304906 0.880888
vt 0.313565 0.930325
vt 0.313407 0.929685
vt 0.313999 0.929500
vt 0.314278 0.930099
vt 0.314507 0.929176
vt 0.314950 0.929675
vt 0.314847 0.928675
vt 0.315450 0.929029
vt 0.315047 0.928070
vt 0.315742 0.928273
vt 0.292542 0.929876
vt 0.292348 0.930582
vt 0.291577 0.930285
vt 0.291939 0.929702
vt 0.290964 0.929750
vt 0.291487 0.929331
vt 0.290579 0.929061
vt 0.291182 0.928839
vt 0.290421 0.928330
vt 0.291087 0.928217
vt 0.315137 0.884512
vt 0.315817 0.884850
vt 0.315474 0.885366
vt 0.315954 0.885814
vt 0.316465 0.885352
vt 0.316898 0.886004
vt 0.316925 0.886068
vt 0.316254 0.886354
vt 0.317098 0.886862
vt 0.316405 0.886976
vt 0.291777 0.883844
vt 0.292004 0.884510
vt 0.291369 0.884754
vt 0.291037 0.884135
vt 0.290840 0.885118
vt 0.290351 0.884615
vt 0.290504 0.885653
vt 0.289859 0.885323
vt 0.290350 0.886289
vt 0.289616 0.886135
vt 0.304410 0.930417
vt 0.315926 0.918821
vt 0.316602 0.918860
vt 0.304462 0.931066
vt 0.986953 0.962624
vt 0.975319 0.962624
vt 0.975319 0.950990
vt 0.289616 0.907344
vt 0.290319 0.907337
vt 0.290544 0.918899
vt 0.289862 0.918925
vt 0.316884 0.907473
vt 0.316206 0.907460
vt 0.977170 0.927723
vt 0.986953 0.927723
vt 0.946182 0.885402
vt 0.945952 0.885632
vt 0.945722 0.885402
vt 0.945952 0.885172
vt 0.945952 0.908439
vt 0.946267 0.908524
vt 0.946036 0.908754
vt 0.945722 0.908670
vt 0.950291 0.908524
vt 0.950606 0.908439
vt 0.950836 0.908670
vt 0.950521 0.908754
vt 0.950606 0.885632
vt 0.950375 0.885402
vt 0.950606 0.885172
vt 0.950836 0.885402
vt 0.021248 0.010824
vt 0.021630 0.010826
vt 0.959913 0.863986
vt 0.959913 0.885402
vt 0.959772 0.863277
vt 0.832576 0.902454
vt 0.831768 0.902454
vt 0.831768 0.470108
vt 0.832576 0.470108
vt 0.959913 0.906818
vt 0.959772 0.907527
vt 0.950606 0.897036
vt 0.959913 0.897036
vt 0.958770 0.908529
vt 0.959370 0.908127
vt 0.054852 0.010673
vt 0.050379 0.010697
vt 0.049994 0.010695
vt 0.038197 0.010686
vt 0.038194 0.010001
vt 0.049998 0.009973
vt 0.026409 0.010814
vt 0.026394 0.010094
vt 0.945952 0.862135
vt 0.950606 0.862135
vt 0.303778 0.930684
vt 0.303974 0.930452
vt 0.304067 0.931098
vt 0.303792 0.930865
vt 0.021614 0.010103
vt 0.026033 0.010094
vt 0.026026 0.010814
vt 0.299963 0.931037
vt 0.299741 0.930800
vt 0.299757 0.930333
vt 0.304401 0.930886
vt 0.304167 0.931112
vt 0.299500 0.931023
vt 0.958062 0.908670
vt 0.009485 0.010771
vt 0.009485 0.010088
vt 0.021253 0.010107
vt 0.958770 0.862275
vt 0.958062 0.862135
vt 0.055248 0.010674
vt 0.055223 0.009910
vt 0.068384 0.009485
vt 0.068409 0.010249
vt 0.975460 0.973115
vt 0.975319 0.972407
vt 0.945141 0.908670
vt 0.944716 0.908670
vt 0.945528 0.908670
vt 0.945952 0.897036
vt 0.054847 0.009922
vt 0.050361 0.009968
vt 0.959370 0.862677
vt 0.843644 0.902454
vt 0.842836 0.902454
vt 0.842836 0.470108
vt 0.843644 0.470108
vt 0.827685 0.902454
vt 0.827685 0.470107
vt 0.832004 0.465454
vt 0.843408 0.465454
vt 0.843408 0.469536
vt 0.832004 0.469536
vt 0.847727 0.470108
vt 0.847727 0.902454
vt 0.975319 0.929574
vt 0.975460 0.928866
vt 0.976462 0.974117
vt 0.975861 0.973716
vt 0.986953 0.974258
vt 0.977170 0.974258
s 1
f 1/1/1 93/2/1 95/3/1 3/4/1
f 1/1/1 3/4/1 11/5/1 12/6/1
f 11/5/2 13/7/2 14/8/2 12/6/2
f 18/9/3 22/10/3 21/11/4 19/12/4
f 53/13/5 5/14/5 20/15/5 52/16/5
f 100/17/4 92/18/3 18/9/3 19/12/4
f 94/19/6 1/1/6 12/6/6 44/20/6 46/21/6
f 18/9/3 92/18/3 98/22/5 5/23/5
f 18/9/3 5/23/5 15/24/5 22/10/3
f 12/6/2 14/8/2 21/25/2 22/26/2 15/27/2
f 29/28/7 25/29/7 28/30/8 31/31/8
f 31/31/8 28/30/8 27/32/9 32/33/9
f 32/33/9 27/32/9 26/34/10 33/35/10
f 33/35/10 26/34/10 24/36/11 30/37/11
f 39/38/12 35/39/12 38/40/13 41/41/13
f 41/41/13 38/40/13 37/42/14 42/43/14
f 42/43/14 37/42/14 36/44/15 43/45/15
f 43/45/15 36/44/15 34/46/16 40/47/16
f 44/20/17 50/48/17 53/49/18 23/50/18 46/21/19
f 46/21/19 23/50/18 94/19/20
f 47/51/21 52/52/21 20/53/22 51/54/23 48/55/23
f 48/55/23 51/54/23 49/56/24 45/57/24
f 54/58/25 60/59/25 63/60/26 56/61/26
f 56/61/26 63/60/26 62/62/27 57/63/27
f 57/63/27 62/62/27 61/64/28 58/65/28
f 58/65/28 61/64/28 59/66/29 55/67/29
f 2/68/6 93/2/6 28/30/6 25/29/6
f 24/36/11 97/69/1 99/70/1 30/37/11
f 6/71/30 2/68/30 25/29/7 29/28/7
f 5/14/5 98/72/5 99/73/5 8/74/5
f 10/75/6 9/76/6 90/77/6 91/78/6
f 3/4/1 95/3/1 90/77/1 9/76/1
f 8/79/1 7/80/1 45/57/24 49/56/24
f 15/27/2 50/48/17 44/20/17 12/6/2
f 7/80/6 1/1/6 48/55/6 45/57/6
f 5/14/5 53/13/5 50/81/5 15/82/5
f 13/7/2 11/5/2 60/59/25 54/58/25
f 9/76/6 10/75/6 55/67/29 59/66/29
f 64/83/31 65/84/31 66/85/31 67/86/31
f 68/87/32 69/88/32 70/89/32 71/90/32
f 72/91/32 73/92/32 74/93/32 75/94/32
f 76/95/31 77/96/31 78/97/31 79/98/31
f 87/99/13 86/100/15 109/101/15 108/102/13
f 55/103/31 10/104/31 79/98/31 58/105/33
f 115/106/28 114/107/26 113/108/34 112/109/35
f 34/110/31 36/111/31 88/112/31 91/113/31
f 38/114/31 88/112/31 36/111/31 37/115/31
f 104/116/26 82/117/26 85/118/36 106/119/36
f 107/120/37 111/121/5 101/122/5 65/123/37
f 111/121/5 103/124/38 68/125/38 101/122/5
f 78/97/31 77/96/31 64/83/31 67/86/31 14/126/31 13/127/31
f 67/86/31 66/85/31 19/12/4 21/11/4 14/126/31
f 71/128/30 70/129/30 2/68/30 6/71/30 16/130/30 17/131/30
f 108/102/13 72/132/39 69/133/40 102/134/41
f 72/135/39 75/136/30 4/137/30 2/68/30 70/138/30 69/139/40
f 4/137/30 75/136/30 74/140/30 35/39/12 39/38/12
f 38/114/31 35/141/31 74/93/31 73/92/31 88/112/31
f 110/142/42 88/143/6 73/144/15 109/101/15
f 56/145/31 78/97/31 13/127/31 54/146/31
f 105/147/43 76/148/28 88/149/6 110/150/42
f 91/78/6 90/77/6 40/47/16 34/46/16
f 91/113/31 88/112/31 76/95/31 79/98/31 10/104/31
f 97/69/6 93/2/6 1/1/6 7/80/6
f 99/70/1 97/69/1 7/80/1 8/79/1
f 95/3/1 93/2/1 2/68/1 4/137/1
f 99/73/5 98/72/5 33/151/5 30/152/5
f 90/77/1 95/3/1 4/137/1 39/38/1 41/41/1 42/43/1 43/45/1 40/47/1
f 48/55/6 1/1/6 94/19/6 47/51/6
f 98/22/5 92/18/3 16/153/3 6/154/5
f 68/87/44 71/90/44 17/155/4 100/17/4 101/156/31
f 101/156/31 100/17/4 19/12/4 66/85/31 65/84/31
f 89/157/14 110/142/42 109/101/15 86/100/15
f 87/99/13 108/102/13 102/134/41 80/158/41
f 96/159/5 81/160/38 103/124/38 111/121/5
f 84/161/37 96/159/5 111/121/5 107/120/37
f 77/162/26 104/116/26 106/119/36 64/163/36
f 68/125/38 103/124/38 102/134/41 69/133/40
f 56/145/31 57/164/31 78/97/31
f 85/118/36 84/161/37 107/120/37 106/119/36
f 76/148/28 105/147/43 104/116/26 77/162/26
f 72/132/39 108/102/13 109/101/15 73/144/15
f 58/105/33 79/98/31 78/97/31 57/164/31
f 117/165/13 116/166/15 119/167/45 118/168/46
f 83/169/26 105/170/43 113/108/34 114/107/26
f 115/106/28 112/109/35 119/167/45 116/166/15
f 105/171/43 110/172/42 118/173/46 119/167/45 112/109/35 113/174/34
s 0
f 89/175/31 83/176/31 114/177/31 115/178/31 116/179/31 117/180/31
s 1
f 110/181/42 89/182/14 117/165/13 118/168/46
f 92/18/3 100/17/4 17/155/4 16/153/3
f 20/15/5 5/14/5 8/74/5 49/183/5 51/184/5
f 28/30/6 93/2/6 26/34/6 27/32/6
f 26/34/6 93/2/6 97/69/6 24/36/6
f 33/151/5 98/72/5 31/185/5 32/186/5
f 31/185/5 98/72/5 6/187/5 29/188/5
f 94/19/20 23/50/18 53/49/18 52/52/21 47/51/21
f 3/4/1 63/60/1 60/59/1 11/5/1
f 63/60/1 3/4/1 61/64/1 62/62/1
f 9/76/1 59/66/1 61/64/1 3/4/1
f 82/117/26 104/116/26 105/147/43 83/189/26
f 80/158/41 102/134/41 103/124/38 81/160/38
f 64/163/36 106/119/36 107/120/37 65/123/37
f 120/190/31 122/191/31 205/192/31 203/193/31
f 120/190/31 131/194/31 130/195/31 122/191/31
f 130/195/2 131/194/2 133/196/2 132/197/2
f 137/198/47 138/199/48 140/200/48 141/201/47
f 172/202/5 171/203/5 139/204/5 124/205/5
f 209/206/48 138/199/48 137/198/47 202/207/47
f 204/208/6 165/209/6 163/210/6 131/194/6 120/190/6
f 137/198/47 124/211/5 207/212/5 202/207/47
f 137/198/47 141/201/47 134/213/5 124/211/5
f 131/194/2 134/214/2 141/215/2 140/216/2 133/196/2
f 148/217/49 150/218/50 147/219/50 144/220/49
f 150/218/50 151/221/32 146/222/32 147/219/50
f 151/221/32 152/223/51 145/224/51 146/222/32
f 152/223/51 149/225/52 143/226/52 145/224/51
f 158/227/12 160/228/13 157/229/13 154/230/12
f 160/228/13 161/231/14 156/232/14 157/229/13
f 161/231/14 162/233/15 155/234/15 156/232/14
f 162/233/15 159/235/16 153/236/16 155/234/15
f 163/210/53 165/209/54 142/237/55 172/238/55 169/239/53
f 165/209/54 204/208/56 142/237/55
f 166/240/57 167/241/58 170/242/58 139/243/59 171/244/57
f 167/241/58 164/245/60 168/246/60 170/242/58
f 173/247/25 175/248/26 182/249/26 179/250/25
f 175/248/26 176/251/27 181/252/27 182/249/26
f 176/251/27 177/253/28 180/254/28 181/252/27
f 177/253/28 174/255/29 178/256/29 180/254/28
f 121/257/6 144/220/6 147/219/6 203/193/6
f 143/226/52 149/225/52 208/258/31 206/259/31
f 125/260/30 148/217/49 144/220/49 121/257/30
f 124/205/5 127/261/5 208/262/5 207/263/5
f 129/264/6 201/265/6 200/266/6 128/267/6
f 122/191/31 128/267/31 200/266/31 205/192/31
f 127/268/31 168/246/60 164/245/60 126/269/31
f 134/214/2 131/194/2 163/210/53 169/239/53
f 126/269/6 164/245/6 167/241/6 120/190/6
f 124/205/5 134/270/5 169/271/5 172/202/5
f 132/197/2 173/247/25 179/250/25 130/195/2
f 128/267/6 178/256/29 174/255/29 129/264/6
f 183/272/1 186/273/1 185/274/1 184/275/1
f 187/276/9 190/277/9 189/278/9 188/279/9
f 191/280/9 194/281/9 193/282/9 192/283/9
f 195/284/1 198/285/1 197/286/1 196/287/1
f 87/99/13 217/288/13 218/289/15 86/100/15
f 174/290/1 177/291/61 198/285/1 129/292/1
f 115/293/28 221/294/62 222/295/63 114/296/26
f 153/297/1 201/298/1 199/299/1 155/300/1
f 157/301/1 156/302/1 155/300/1 199/299/1
f 213/303/26 215/304/36 85/118/36 82/117/26
f 216/305/37 184/306/37 210/307/5 220/308/5
f 220/308/5 210/307/5 187/309/38 212/310/38
f 197/286/1 132/311/1 133/312/1 186/273/1 183/272/1 196/287/1
f 186/273/1 133/312/1 140/200/48 138/199/48 185/274/1
f 190/313/30 136/314/30 135/315/30 125/260/30 121/257/30 189/316/30
f 217/288/13 211/317/41 188/318/40 191/319/39
f 191/320/39 188/321/40 189/322/30 121/257/30 123/323/30 194/324/30
f 123/323/30 158/227/12 154/230/12 193/325/30 194/324/30
f 157/301/1 199/299/1 192/283/1 193/282/1 154/326/1
f 219/327/64 218/289/15 192/328/15 199/329/6
f 175/330/1 173/331/1 132/311/1 197/286/1
f 214/332/65 219/333/64 199/334/6 195/335/28
f 201/265/6 153/236/16 159/235/16 200/266/6
f 201/298/1 129/292/1 198/285/1 195/284/1 199/299/1
f 206/259/6 126/269/6 120/190/6 203/193/6
f 208/258/31 127/268/31 126/269/31 206/259/31
f 205/192/31 123/323/31 121/257/31 203/193/31
f 208/262/5 149/336/5 152/337/5 207/263/5
f 200/266/31 159/235/31 162/233/31 161/231/31 160/228/31 158/227/31 123/323/31 205/192/31
f 167/241/6 166/240/6 204/208/6 120/190/6
f 207/212/5 125/338/5 135/339/47 202/207/47
f 187/276/66 210/340/1 209/206/48 136/341/48 190/277/66
f 210/340/1 184/275/1 185/274/1 138/199/48 209/206/48
f 89/157/14 86/100/15 218/289/15 219/327/64
f 87/99/13 80/158/41 211/317/41 217/288/13
f 96/159/5 220/308/5 212/310/38 81/160/38
f 84/161/37 216/305/37 220/308/5 96/159/5
f 196/342/26 183/343/36 215/304/36 213/303/26
f 187/309/38 188/318/40 211/317/41 212/310/38
f 175/330/1 197/286/1 176/344/1
f 85/118/36 215/304/36 216/305/37 84/161/37
f 195/335/28 196/342/26 213/303/26 214/332/65
f 191/319/39 192/328/15 218/289/15 217/288/13
f 177/291/61 176/344/1 197/286/1 198/285/1
f 117/345/13 223/346/67 224/347/68 116/348/15
f 83/349/26 114/296/26 222/295/63 214/350/65
f 115/293/28 116/348/15 224/347/68 221/294/62
f 214/351/65 222/352/63 221/294/62 224/347/68 223/353/67 219/354/64
f 219/355/64 223/346/67 117/345/13 89/356/14
f 202/207/47 135/339/47 136/341/48 209/206/48
f 139/204/5 170/357/5 168/358/5 127/261/5 124/205/5
f 147/219/6 146/222/6 145/224/6 203/193/6
f 145/224/6 143/226/6 206/259/6 203/193/6
f 152/337/5 151/359/5 150/360/5 207/263/5
f 150/360/5 148/361/5 125/362/5 207/263/5
f 204/208/56 166/240/57 171/244/57 172/238/55 142/237/55
f 122/191/31 130/195/31 179/250/31 182/249/31
f 182/249/31 181/252/44 180/254/31 122/191/31
f 128/267/31 122/191/31 180/254/31 178/256/31
f 82/117/26 83/189/26 214/332/65 213/303/26
f 80/158/41 81/160/38 212/310/38 211/317/41
f 183/343/36 184/306/37 216/305/37 215/304/36
f 225/363/1 227/364/1 319/365/1 317/366/1
f 225/363/1 236/367/1 235/368/1 227/364/1
f 235/368/2 236/367/2 238/369/2 237/370/2
f 242/371/69 243/372/70 245/373/70 246/374/69
f 277/375/6 276/376/6 244/377/6 229/378/6
f 324/379/70 243/372/70 242/371/69 316/380/69
f 318/381/5 270/382/5 268/383/5 236/367/5 225/363/5
f 242/371/69 229/384/6 322/385/6 316/380/69
f 242/371/69 246/374/69 239/386/6 229/384/6
f 236/367/2 239/387/2 246/388/2 245/389/2 238/369/2
f 253/390/7 255/391/8 252/392/8 249/393/7
f 255/391/8 256/394/9 251/395/9 252/392/8
f 256/394/9 257/396/10 250/397/10 251/395/9
f 257/396/10 254/398/11 248/399/11 250/397/10
f 263/400/71 265/401/41 262/402/41 259/403/71
f 265/401/41 266/404/72 261/405/72 262/402/41
f 266/404/72 267/406/38 260/407/38 261/405/72
f 267/406/38 264/408/73 258/409/73 260/407/38
f 268/383/17 270/382/19 247/410/18 277/411/18 274/412/17
f 270/382/19 318/381/20 247/410/18
f 271/413/21 272/414/23 275/415/23 244/416/22 276/417/21
f 272/414/23 269/418/24 273/419/24 275/415/23
f 278/420/74 280/421/36 287/422/36 284/423/74
f 280/421/36 281/424/75 286/425/75 287/422/36
f 281/424/75 282/426/37 285/427/37 286/425/75
f 282/426/37 279/428/76 283/429/76 285/427/37
f 226/430/5 249/393/5 252/392/5 317/366/5
f 248/399/11 254/398/11 323/431/1 321/432/1
f 230/433/30 253/390/7 249/393/7 226/430/30
f 229/378/6 232/434/6 323/435/6 322/436/6
f 234/437/5 315/438/5 314/439/5 233/440/5
f 227/364/1 233/440/1 314/439/1 319/365/1
f 232/441/1 273/419/24 269/418/24 231/442/1
f 239/387/2 236/367/2 268/383/17 274/412/17
f 231/442/5 269/418/5 272/414/5 225/363/5
f 229/378/6 239/443/6 274/444/6 277/375/6
f 237/370/2 278/420/74 284/423/74 235/368/2
f 233/440/5 283/429/76 279/428/76 234/437/5
f 288/445/31 291/446/31 290/447/31 289/448/31
f 292/449/32 295/450/32 294/451/32 293/452/32
f 296/453/32 299/454/32 298/455/32 297/456/32
f 300/457/31 303/458/31 302/459/31 301/460/31
f 311/461/41 332/462/41 333/463/38 310/464/38
f 279/465/31 282/466/44 303/458/31 234/467/31
f 339/468/37 336/469/77 337/470/78 338/471/36
f 258/472/31 315/473/31 312/474/31 260/475/31
f 262/476/31 261/477/31 260/475/31 312/474/31
f 328/478/36 330/479/26 309/480/26 306/481/36
f 331/482/28 289/483/28 325/484/6 335/485/6
f 335/485/6 325/484/6 292/486/15 327/487/15
f 302/459/31 237/488/31 238/489/31 291/446/31 288/445/31 301/460/31
f 291/446/31 238/489/31 245/373/70 243/372/70 290/447/31
f 295/490/30 241/491/30 240/492/30 230/433/30 226/430/30 294/493/30
f 332/462/41 326/494/13 293/495/39 296/496/40
f 296/497/40 293/498/39 294/499/30 226/430/30 228/500/30 299/501/30
f 228/500/30 263/400/71 259/403/71 298/502/30 299/501/30
f 262/476/31 312/474/31 297/456/31 298/455/31 259/503/31
f 334/504/79 333/463/38 297/505/38 312/506/5
f 280/507/31 278/508/31 237/488/31 302/459/31
f 329/509/80 334/510/79 312/511/5 300/512/37
f 315/438/5 258/409/73 264/408/73 314/439/5
f 315/473/31 234/467/31 303/458/31 300/457/31 312/474/31
f 321/432/5 231/442/5 225/363/5 317/366/5
f 323/431/1 232/441/1 231/442/1 321/432/1
f 319/365/1 228/500/1 226/430/1 317/366/1
f 323/435/6 254/513/6 257/514/6 322/436/6
f 314/439/1 264/408/1 267/406/1 266/404/1 265/401/1 263/400/1 228/500/1 319/365/1
f 272/414/5 271/413/5 318/381/5 225/363/5
f 322/385/6 230/515/6 240/516/69 316/380/69
f 292/449/33 325/517/31 324/379/70 241/518/70 295/450/33
f 325/517/31 289/448/31 290/447/31 243/372/70 324/379/70
f 313/519/72 310/464/38 333/463/38 334/504/79
f 311/461/41 304/520/13 326/494/13 332/462/41
f 320/521/6 335/485/6 327/487/15 305/522/15
f 308/523/28 331/482/28 335/485/6 320/521/6
f 301/524/36 288/525/26 330/479/26 328/478/36
f 292/486/15 293/495/39 326/494/13 327/487/15
f 280/507/31 302/459/31 281/526/31
f 309/480/26 330/479/26 331/482/28 308/523/28
f 300/512/37 301/524/36 328/478/36 329/509/80
f 296/496/40 297/505/38 333/463/38 332/462/41
f 282/466/44 281/526/31 302/459/31 303/458/31
f 341/527/41 342/528/81 343/529/82 340/530/38
f 307/531/36 338/471/36 337/470/78 329/532/80
f 339/468/37 340/530/38 343/529/82 336/469/77
f 329/533/80 337/534/78 336/469/77 343/529/82 342/535/81 334/536/79
s 0
f 313/537/31 341/538/31 340/539/31 339/540/31 338/541/31 307/542/31
s 1
f 334/543/79 342/528/81 341/527/41 313/544/72
f 316/380/69 240/516/69 241/518/70 324/379/70
f 244/377/6 275/545/6 273/546/6 232/434/6 229/378/6
f 252/392/5 251/395/5 250/397/5 317/366/5
f 250/397/5 248/399/5 321/432/5 317/366/5
f 257/514/6 256/547/6 255/548/6 322/436/6
f 255/548/6 253/549/6 230/550/6 322/436/6
f 318/381/20 271/413/21 276/417/21 277/411/18 247/410/18
f 227/364/1 235/368/1 284/423/1 287/422/1
f 287/422/1 286/425/61 285/427/1 227/364/1
f 233/440/1 227/364/1 285/427/1 283/429/1
f 306/481/36 307/551/36 329/509/80 328/478/36
f 304/520/13 305/522/15 327/487/15 326/494/13
f 288/525/26 289/483/28 331/482/28 330/479/26
f 344/552/31 427/553/31 429/554/31 346/555/31
f 344/552/31 346/555/31 354/556/31 355/557/31
f 354/556/2 356/558/2 357/559/2 355/557/2
f 361/560/83 365/561/83 364/562/84 362/563/84
f 396/564/6 348/565/6 363/566/6 395/567/6
f 433/568/84 426/569/83 361/560/83 362/563/84
f 428/570/5 344/552/5 355/557/5 387/571/5 389/572/5
f 361/560/83 426/569/83 431/573/6 348/574/6
f 361/560/83 348/574/6 358/575/6 365/561/83
f 355/557/2 357/559/2 364/576/2 365/577/2 358/578/2
f 372/579/49 368/580/49 371/581/50 374/582/50
f 374/582/50 371/581/50 370/583/32 375/584/32
f 375/584/32 370/583/32 369/585/51 376/586/51
f 376/586/51 369/585/51 367/587/52 373/588/52
f 382/589/71 378/590/71 381/591/41 384/592/41
f 384/592/41 381/591/41 380/593/72 385/594/72
f 385/594/72 380/593/72 379/595/38 386/596/38
f 386/596/38 379/595/38 377/597/73 383/598/73
f 387/571/53 393/599/53 396/600/55 366/601/55 389/572/54
f 389/572/54 366/601/55 428/570/56
f 390/602/57 395/603/57 363/604/59 394/605/58 391/606/58
f 391/606/58 394/605/58 392/607/60 388/608/60
f 397/609/74 403/610/74 406/611/36 399/612/36
f 399/612/36 406/611/36 405/613/75 400/614/75
f 400/614/75 405/613/75 404/615/37 401/616/37
f 401/616/37 404/615/37 402/617/76 398/618/76
f 345/619/5 427/553/5 371/581/5 368/580/5
f 367/587/52 430/620/31 432/621/31 373/588/52
f 349/622/30 345/619/30 368/580/49 372/579/49
f 348/565/6 431/623/6 432/624/6 351/625/6
f 353/626/5 352/627/5 424/628/5 425/629/5
f 346/555/31 429/554/31 424/628/31 352/627/31
f 351/630/31 350/631/31 388/608/60 392/607/60
f 358/578/2 393/599/53 387/571/53 355/557/2
f 350/631/5 344/552/5 391/606/5 388/608/5
f 348/565/6 396/564/6 393/632/6 358/633/6
f 356/558/2 354/556/2 403/610/74 397/609/74
f 352/627/5 353/626/5 398/618/76 402/617/76
f 407/634/1 408/635/1 409/636/1 410/637/1
f 411/638/9 412/639/9 413/640/9 414/641/9
f 415/642/9 416/643/9 417/644/9 418/645/9
f 419/646/1 420/647/1 421/648/1 422/649/1
f 311/461/41 310/464/38 442/650/38 441/651/41
f 398/652/1 353/653/1 422/649/1 401/654/66
f 339/655/37 338/656/36 446/657/85 445/658/86
f 377/659/1 379/660/1 423/661/1 425/662/1
f 381/663/1 423/661/1 379/660/1 380/664/1
f 437/665/36 306/481/36 309/480/26 439/666/26
f 440/667/28 444/668/6 434/669/6 408/670/28
f 444/668/6 436/671/15 411/672/15 434/669/6
f 421/648/1 420/647/1 407/634/1 410/637/1 357/673/1 356/674/1
f 410/637/1 409/636/1 362/563/84 364/562/84 357/673/1
f 414/675/30 413/676/30 345/619/30 349/622/30 359/677/30 360/678/30
f 441/651/41 415/679/40 412/680/39 435/681/13
f 415/682/40 418/683/30 347/684/30 345/619/30 413/685/30 412/686/39
f 347/684/30 418/683/30 417/687/30 378/590/71 382/589/71
f 381/663/1 378/688/1 417/644/1 416/643/1 423/661/1
f 443/689/87 423/690/5 416/691/38 442/650/38
f 399/692/1 421/648/1 356/674/1 397/693/1
f 438/694/88 419/695/37 423/696/5 443/697/87
f 425/629/5 424/628/5 383/598/73 377/597/73
f 425/662/1 423/661/1 419/646/1 422/649/1 353/653/1
f 430/620/5 427/553/5 344/552/5 350/631/5
f 432/621/31 430/620/31 350/631/31 351/630/31
f 429/554/31 427/553/31 345/619/31 347/684/31
f 432/624/6 431/623/6 376/698/6 373/699/6
f 424/628/31 429/554/31 347/684/31 382/589/31 384/592/31 385/594/31 386/596/31 383/598/31
f 391/606/5 344/552/5 428/570/5 390/602/5
f 431/573/6 426/569/83 359/700/83 349/701/6
f 411/638/61 414/641/61 360/702/84 433/568/84 434/703/1
f 434/703/1 433/568/84 362/563/84 409/636/1 408/635/1
f 313/519/72 443/689/87 442/650/38 310/464/38
f 311/461/41 441/651/41 435/681/13 304/520/13
f 320/521/6 305/522/15 436/671/15 444/668/6
f 308/523/28 320/521/6 444/668/6 440/667/28
f 420/704/36 437/665/36 439/666/26 407/705/26
f 411/672/15 436/671/15 435/681/13 412/680/39
f 399/692/1 400/706/1 421/648/1
f 309/480/26 308/523/28 440/667/28 439/666/26
f 419/695/37 438/694/88 437/665/36 420/704/36
f 415/679/40 441/651/41 442/650/38 416/691/38
f 401/654/66 422/649/1 421/648/1 400/706/1
f 341/707/41 340/708/38 448/709/89 447/710/90
f 307/711/36 438/712/88 446/657/85 338/656/36
f 339/655/37 445/658/86 448/709/89 340/708/38
f 438/713/88 443/714/87 447/715/90 448/709/89 445/658/86 446/716/85
f 443/717/87 313/718/72 341/707/41 447/710/90
f 426/569/83 433/568/84 360/702/84 359/700/83
f 363/566/6 348/565/6 351/625/6 392/719/6 394/720/6
f 371/581/5 427/553/5 369/585/5 370/583/5
f 369/585/5 427/553/5 430/620/5 367/587/5
f 376/698/6 431/623/6 374/721/6 375/722/6
f 374/721/6 431/623/6 349/723/6 372/724/6
f 428/570/56 366/601/55 396/600/55 395/603/57 390/602/57
f 346/555/31 406/611/31 403/610/31 354/556/31
f 406/611/31 346/555/31 404/615/31 405/613/31
f 352/627/31 402/617/31 404/615/31 346/555/31
f 306/481/36 437/665/36 438/694/88 307/551/36
f 304/520/13 435/681/13 436/671/15 305/522/15
f 407/705/26 439/666/26 440/667/28 408/670/28
f 449/725/1 541/726/1 543/727/1 451/728/1
f 449/725/1 451/728/1 459/729/1 460/730/1
f 459/729/2 461/731/2 462/732/2 460/730/2
f 466/733/3 470/734/3 469/735/4 467/736/4
f 501/737/5 453/738/5 468/739/5 500/740/5
f 548/741/4 540/742/3 466/733/3 467/736/4
f 542/743/6 449/725/6 460/730/6 492/744/6 494/745/6
f 466/733/3 540/742/3 546/746/5 453/747/5
f 466/733/3 453/747/5 463/748/5 470/734/3
f 460/730/2 462/732/2 469/749/2 470/750/2 463/751/2
f 477/752/7 473/753/7 476/754/8 479/755/8
f 479/755/8 476/754/8 475/756/9 480/757/9
f 480/757/9 475/756/9 474/758/10 481/759/10
f 481/759/10 474/758/10 472/760/11 478/761/11
f 487/762/12 483/763/12 486/764/13 489/765/13
f 489/765/13 486/764/13 485/766/14 490/767/14
f 490/767/14 485/766/14 484/768/15 491/769/15
f 491/769/15 484/768/15 482/770/16 488/771/16
f 492/744/17 498/772/17 501/773/18 471/774/91 494/745/92
f 494/745/92 471/774/91 542/743/93
f 495/775/21 500/776/21 468/777/22 499/778/23 496/779/23
f 496/779/23 499/778/23 497/780/24 493/781/24
f 502/782/25 508/783/25 511/784/26 504/785/26
f 504/785/26 511/784/26 510/786/27 505/787/27
f 505/787/27 510/786/27 509/788/28 506/789/28
f 506/789/28 509/788/28 507/790/29 503/791/29
f 450/792/6 541/726/6 476/754/6 473/753/6
f 472/760/11 545/793/1 547/794/1 478/761/11
f 454/795/30 450/792/30 473/753/7 477/752/7
f 453/738/5 546/796/5 547/797/5 456/798/5
f 458/799/6 457/800/6 538/801/6 539/802/6
f 451/728/1 543/727/1 538/801/1 457/800/1
f 456/803/1 455/804/1 493/781/24 497/780/24
f 463/751/2 498/772/17 492/744/17 460/730/2
f 455/804/6 449/725/6 496/779/6 493/781/6
f 453/738/5 501/737/5 498/805/5 463/806/5
f 461/731/2 459/729/2 508/783/25 502/782/25
f 457/800/6 458/799/6 503/791/29 507/790/29
f 512/807/31 513/808/31 514/809/31 515/810/31
f 516/811/32 517/812/32 518/813/32 519/814/32
f 520/815/32 521/816/32 522/817/32 523/818/32
f 524/819/31 525/820/31 526/821/31 527/822/31
f 535/823/13 534/824/15 557/825/15 556/826/13
f 503/827/31 458/828/31 527/822/31 506/829/31
f 563/830/28 562/831/26 561/832/34 560/833/35
f 482/834/31 484/835/31 536/836/31 539/837/31
f 486/838/31 536/836/31 484/835/31 485/839/31
f 552/840/26 530/841/26 533/842/36 554/843/36
f 555/844/37 559/845/5 549/846/5 513/847/37
f 559/845/5 551/848/38 516/849/38 549/846/5
f 526/821/31 525/820/31 512/807/31 515/810/31 462/850/31 461/851/31
f 515/810/31 514/809/31 467/736/4 469/735/4 462/850/31
f 519/852/30 518/853/30 450/792/30 454/795/30 464/854/30 465/855/30
f 556/826/13 520/856/39 517/857/40 550/858/41
f 520/859/39 523/860/30 452/861/30 450/792/30 518/862/30 517/863/40
f 452/861/30 523/860/30 522/864/30 483/763/12 487/762/12
f 486/838/31 483/865/31 522/817/31 521/816/31 536/836/31
f 558/866/42 536/867/6 521/868/15 557/825/15
f 504/869/31 526/821/31 461/851/31 502/870/31
f 553/871/43 524/872/28 536/873/6 558/874/42
f 539/802/6 538/801/6 488/771/16 482/770/16
f 539/837/31 536/836/31 524/819/31 527/822/31 458/828/31
f 545/793/6 541/726/6 449/725/6 455/804/6
f 547/794/1 545/793/1 455/804/1 456/803/1
f 543/727/1 541/726/1 450/792/1 452/861/1
f 547/797/5 546/796/5 481/875/5 478/876/5
f 538/801/1 543/727/1 452/861/1 487/762/1 489/765/1 490/767/1 491/769/1 488/771/1
f 496/779/6 449/725/6 542/743/6 495/775/6
f 546/746/5 540/742/3 464/877/3 454/878/5
f 516/811/31 519/814/31 465/879/4 548/741/4 549/880/31
f 549/880/31 548/741/4 467/736/4 514/809/31 513/808/31
f 537/881/14 558/866/42 557/825/15 534/824/15
f 535/823/13 556/826/13 550/858/41 528/882/41
f 544/883/5 529/884/38 551/848/38 559/845/5
f 532/885/37 544/883/5 559/845/5 555/844/37
f 525/886/26 552/840/26 554/843/36 512/887/36
f 516/849/38 551/848/38 550/858/41 517/857/40
f 504/869/31 505/888/31 526/821/31
f 533/842/36 532/885/37 555/844/37 554/843/36
f 524/872/28 553/871/43 552/840/26 525/886/26
f 520/856/39 556/826/13 557/825/15 521/868/15
f 506/829/31 527/822/31 526/821/31 505/888/31
f 565/889/13 564/890/15 567/891/45 566/892/46
f 531/893/26 553/894/43 561/832/34 562/831/26
f 563/830/28 560/833/35 567/891/45 564/890/15
f 553/895/43 558/896/42 566/897/46 567/891/45 560/833/35 561/898/34
s 0
f 537/899/31 531/900/31 562/901/31 563/902/31 564/903/31 565/904/31
s 1
f 558/905/42 537/906/14 565/889/13 566/892/46
f 540/742/3 548/741/4 465/879/4 464/877/3
f 468/739/5 453/738/5 456/798/5 497/907/5 499/908/5
f 476/754/6 541/726/6 474/758/6 475/756/6
f 474/758/6 541/726/6 545/793/6 472/760/6
f 481/875/5 546/796/5 479/909/5 480/910/5
f 479/909/5 546/796/5 454/911/5 477/912/5
f 542/743/93 471/774/91 501/773/18 500/776/21 495/775/21
f 451/728/1 511/784/1 508/783/1 459/729/1
f 511/784/1 451/728/1 509/788/1 510/786/1
f 457/800/1 507/790/1 509/788/1 451/728/1
f 530/841/26 552/840/26 553/871/43 531/913/26
f 528/882/41 550/858/41 551/848/38 529/884/38
f 512/887/36 554/843/36 555/844/37 513/847/37
f 568/914/31 570/915/31 653/916/31 651/917/31
f 568/914/31 579/918/31 578/919/31 570/915/31
f 578/919/2 579/918/2 581/920/2 580/921/2
f 585/922/47 586/923/48 588/924/48 589/925/47
f 620/926/5 619/927/5 587/928/5 572/929/5
f 657/930/48 586/923/48 585/922/47 650/931/47
f 652/932/6 613/933/6 611/934/6 579/918/6 568/914/6
f 585/922/47 572/935/5 655/936/5 650/931/47
f 585/922/47 589/925/47 582/937/5 572/935/5
f 579/918/2 582/938/2 589/939/2 588/940/2 581/920/2
f 596/941/49 598/942/50 595/943/50 592/944/49
f 598/942/50 599/945/32 594/946/32 595/943/50
f 599/945/32 600/947/51 593/948/51 594/946/32
f 600/947/51 597/949/52 591/950/52 593/948/51
f 606/951/12 608/952/13 605/953/13 602/954/12
f 608/952/13 609/955/14 604/956/14 605/953/13
f 609/955/14 610/957/15 603/958/15 604/956/14
f 610/957/15 607/959/16 601/960/16 603/958/15
f 611/934/53 613/933/94 590/961/95 620/962/55 617/963/53
f 613/933/94 652/932/96 590/961/95
f 614/964/57 615/965/58 618/966/58 587/967/59 619/968/57
f 615/965/58 612/969/60 616/970/60 618/966/58
f 621/971/25 623/972/26 630/973/26 627/974/25
f 623/972/26 624/975/27 629/976/27 630/973/26
f 624/975/27 625/977/28 628/978/28 629/976/27
f 625/977/28 622/979/29 626/980/29 628/978/28
f 569/981/6 592/944/6 595/943/6 651/917/6
f 591/950/52 597/949/52 656/982/31 654/983/31
f 573/984/30 596/941/49 592/944/49 569/981/30
f 572/929/5 575/985/5 656/986/5 655/987/5
f 577/988/6 649/989/6 648/990/6 576/991/6
f 570/915/31 576/991/31 648/990/31 653/916/31
f 575/992/31 616/970/60 612/969/60 574/993/31
f 582/938/2 579/918/2 611/934/53 617/963/53
f 574/993/6 612/969/6 615/965/6 568/914/6
f 572/929/5 582/994/5 617/995/5 620/926/5
f 580/921/2 621/971/25 627/974/25 578/919/2
f 576/991/6 626/980/29 622/979/29 577/988/6
f 631/996/1 634/997/1 633/998/1 632/999/1
f 635/1000/9 638/1001/9 637/1002/9 636/1003/9
f 639/1004/9 642/1005/9 641/1006/9 640/1007/9
f 643/1008/1 646/1009/1 645/1010/1 644/1011/1
f 535/823/13 665/1012/13 666/1013/15 534/824/15
f 622/1014/1 625/1015/1 646/1009/1 577/1016/1
f 563/1017/28 669/1018/62 670/1019/63 562/1020/26
f 601/1021/1 649/1022/1 647/1023/1 603/1024/1
f 605/1025/1 604/1026/1 603/1024/1 647/1023/1
f 661/1027/26 663/1028/36 533/842/36 530/841/26
f 664/1029/37 632/1030/37 658/1031/5 668/1032/5
f 668/1032/5 658/1031/5 635/1033/38 660/1034/38
f 645/1010/1 580/1035/1 581/1036/1 634/997/1 631/996/1 644/1011/1
f 634/997/1 581/1036/1 588/924/48 586/923/48 633/998/1
f 638/1037/30 584/1038/30 583/1039/30 573/984/30 569/981/30 637/1040/30
f 665/1012/13 659/1041/41 636/1042/40 639/1043/39
f 639/1044/39 636/1045/40 637/1046/30 569/981/30 571/1047/30 642/1048/30
f 571/1047/30 606/951/12 602/954/12 641/1049/30 642/1048/30
f 605/1025/1 647/1023/1 640/1007/1 641/1006/1 602/1050/1
f 667/1051/64 666/1013/15 640/1052/15 647/1053/6
f 623/1054/1 621/1055/1 580/1035/1 645/1010/1
f 662/1056/65 667/1057/64 647/1058/6 643/1059/28
f 649/989/6 601/960/16 607/959/16 648/990/6
f 649/1022/1 577/1016/1 646/1009/1 643/1008/1 647/1023/1
f 654/983/6 574/993/6 568/914/6 651/917/6
f 656/982/31 575/992/31 574/993/31 654/983/31
f 653/916/31 571/1047/31 569/981/31 651/917/31
f 656/986/5 597/1060/5 600/1061/5 655/987/5
f 648/990/31 607/959/31 610/957/31 609/955/31 608/952/31 606/951/31 571/1047/31 653/916/31
f 615/965/6 614/964/6 652/932/6 568/914/6
f 655/936/5 573/1062/5 583/1063/47 650/931/47
f 635/1000/1 658/1064/1 657/930/48 584/1065/48 638/1001/1
f 658/1064/1 632/999/1 633/998/1 586/923/48 657/930/48
f 537/881/14 534/824/15 666/1013/15 667/1051/64
f 535/823/13 528/882/41 659/1041/41 665/1012/13
f 544/883/5 668/1032/5 660/1034/38 529/884/38
f 532/885/37 664/1029/37 668/1032/5 544/883/5
f 644/1066/26 631/1067/36 663/1028/36 661/1027/26
f 635/1033/38 636/1042/40 659/1041/41 660/1034/38
f 623/1054/1 645/1010/1 624/1068/1
f 533/842/36 663/1028/36 664/1029/37 532/885/37
f 643/1059/28 644/1066/26 661/1027/26 662/1056/65
f 639/1043/39 640/1052/15 666/1013/15 665/1012/13
f 625/1015/1 624/1068/1 645/1010/1 646/1009/1
f 565/1069/13 671/1070/67 672/1071/68 564/1072/15
f 531/1073/26 562/1020/26 670/1019/63 662/1074/65
f 563/1017/28 564/1072/15 672/1071/68 669/1018/62
f 662/1075/65 670/1076/63 669/1018/62 672/1071/68 671/1077/67 667/1078/64
f 667/1079/64 671/1070/67 565/1069/13 537/1080/14
f 650/931/47 583/1063/47 584/1065/48 657/930/48
f 587/928/5 618/1081/5 616/1082/5 575/985/5 572/929/5
f 595/943/6 594/946/6 593/948/6 651/917/6
f 593/948/6 591/950/6 654/983/6 651/917/6
f 600/1061/5 599/1083/5 598/1084/5 655/987/5
f 598/1084/5 596/1085/5 573/1086/5 655/987/5
f 652/932/96 614/964/57 619/968/57 620/962/55 590/961/95
f 570/915/31 578/919/31 627/974/31 630/973/31
f 630/973/31 629/976/31 628/978/31 570/915/31
f 576/991/31 570/915/31 628/978/31 626/980/31
f 530/841/26 531/913/26 662/1056/65 661/1027/26
f 528/882/41 529/884/38 660/1034/38 659/1041/41
f 631/1067/36 632/1030/37 664/1029/37 663/1028/36
f 673/1087/1 675/1088/1 767/1089/1 765/1090/1
f 673/1087/1 684/1091/1 683/1092/1 675/1088/1
f 683/1092/2 684/1091/2 686/1093/2 685/1094/2
f 690/1095/69 691/1096/70 693/1097/70 694/1098/69
f 725/1099/6 724/1100/6 692/1101/6 677/1102/6
f 772/1103/70 691/1096/70 690/1095/69 764/1104/69
f 766/1105/5 718/1106/5 716/1107/5 684/1091/5 673/1087/5
f 690/1095/69 677/1108/6 770/1109/6 764/1104/69
f 690/1095/69 694/1098/69 687/1110/6 677/1108/6
f 684/1091/2 687/1111/2 694/1112/2 693/1113/2 686/1093/2
f 701/1114/7 703/1115/8 700/1116/8 697/1117/7
f 703/1115/8 704/1118/9 699/1119/9 700/1116/8
f 704/1118/9 705/1120/10 698/1121/10 699/1119/9
f 705/1120/10 702/1122/11 696/1123/11 698/1121/10
f 711/1124/71 713/1125/41 710/1126/41 707/1127/71
f 713/1125/41 714/1128/72 709/1129/72 710/1126/41
f 714/1128/72 715/1130/38 708/1131/38 709/1129/72
f 715/1130/38 712/1132/73 706/1133/73 708/1131/38
f 716/1107/17 718/1106/92 695/1134/91 725/1135/18 722/1136/17
f 718/1106/92 766/1105/93 695/1134/91
f 719/1137/21 720/1138/23 723/1139/23 692/1140/22 724/1141/21
f 720/1138/23 717/1142/24 721/1143/24 723/1139/23
f 726/1144/74 728/1145/36 735/1146/36 732/1147/74
f 728/1145/36 729/1148/75 734/1149/75 735/1146/36
f 729/1148/75 730/1150/37 733/1151/37 734/1149/75
f 730/1150/37 727/1152/76 731/1153/76 733/1151/37
f 674/1154/5 697/1117/5 700/1116/5 765/1090/5
f 696/1123/11 702/1122/11 771/1155/1 769/1156/1
f 678/1157/30 701/1114/7 697/1117/7 674/1154/30
f 677/1102/6 680/1158/6 771/1159/6 770/1160/6
f 682/1161/5 763/1162/5 762/1163/5 681/1164/5
f 675/1088/1 681/1164/1 762/1163/1 767/1089/1
f 680/1165/1 721/1143/24 717/1142/24 679/1166/1
f 687/1111/2 684/1091/2 716/1107/17 722/1136/17
f 679/1166/5 717/1142/5 720/1138/5 673/1087/5
f 677/1102/6 687/1167/6 722/1168/6 725/1099/6
f 685/1094/2 726/1144/74 732/1147/74 683/1092/2
f 681/1164/5 731/1153/76 727/1152/76 682/1161/5
f 736/1169/31 739/1170/31 738/1171/31 737/1172/31
f 740/1173/32 743/1174/32 742/1175/32 741/1176/32
f 744/1177/32 747/1178/32 746/1179/32 745/1180/32
f 748/1181/31 751/1182/31 750/1183/31 749/1184/31
f 759/1185/41 780/1186/41 781/1187/38 758/1188/38
f 727/1189/31 730/1190/31 751/1182/31 682/1191/31
f 787/1192/37 784/1193/77 785/1194/78 786/1195/36
f 706/1196/31 763/1197/31 760/1198/31 708/1199/31
f 710/1200/31 709/1201/31 708/1199/31 760/1198/31
f 776/1202/36 778/1203/26 757/1204/26 754/1205/36
f 779/1206/28 737/1207/28 773/1208/6 783/1209/6
f 783/1209/6 773/1208/6 740/1210/15 775/1211/15
f 750/1183/31 685/1212/31 686/1213/31 739/1170/31 736/1169/31 749/1184/31
f 739/1170/31 686/1213/31 693/1097/70 691/1096/70 738/1171/31
f 743/1214/30 689/1215/30 688/1216/30 678/1157/30 674/1154/30 742/1217/30
f 780/1186/41 774/1218/13 741/1219/39 744/1220/40
f 744/1221/40 741/1222/39 742/1223/30 674/1154/30 676/1224/30 747/1225/30
f 676/1224/30 711/1124/71 707/1127/71 746/1226/30 747/1225/30
f 710/1200/31 760/1198/31 745/1180/31 746/1179/31 707/1227/31
f 782/1228/79 781/1187/38 745/1229/38 760/1230/5
f 728/1231/31 726/1232/31 685/1212/31 750/1183/31
f 777/1233/80 782/1234/79 760/1235/5 748/1236/37
f 763/1162/5 706/1133/73 712/1132/73 762/1163/5
f 763/1197/31 682/1191/31 751/1182/31 748/1181/31 760/1198/31
f 769/1156/5 679/1166/5 673/1087/5 765/1090/5
f 771/1155/1 680/1165/1 679/1166/1 769/1156/1
f 767/1089/1 676/1224/1 674/1154/1 765/1090/1
f 771/1159/6 702/1237/6 705/1238/6 770/1160/6
f 762/1163/1 712/1132/1 715/1130/1 714/1128/1 713/1125/1 711/1124/1 676/1224/1 767/1089/1
f 720/1138/5 719/1137/5 766/1105/5 673/1087/5
f 770/1109/6 678/1239/6 688/1240/69 764/1104/69
f 740/1173/31 773/1241/31 772/1103/70 689/1242/70 743/1174/31
f 773/1241/31 737/1172/31 738/1171/31 691/1096/70 772/1103/70
f 761/1243/72 758/1188/38 781/1187/38 782/1228/79
f 759/1185/41 752/1244/13 774/1218/13 780/1186/41
f 768/1245/6 783/1209/6 775/1211/15 753/1246/15
f 756/1247/28 779/1206/28 783/1209/6 768/1245/6
f 749/1248/36 736/1249/26 778/1203/26 776/1202/36
f 740/1210/15 741/1219/39 774/1218/13 775/1211/15
f 728/1231/31 750/1183/31 729/1250/31
f 757/1204/26 778/1203/26 779/1206/28 756/1247/28
f 748/1236/37 749/1248/36 776/1202/36 777/1233/80
f 744/1220/40 745/1229/38 781/1187/38 780/1186/41
f 730/1190/31 729/1250/31 750/1183/31 751/1182/31
f 789/1251/41 790/1252/81 791/1253/82 788/1254/38
f 755/1255/36 786/1195/36 785/1194/78 777/1256/80
f 787/1192/37 788/1254/38 791/1253/82 784/1193/77
f 777/1257/80 785/1258/78 784/1193/77 791/1253/82 790/1259/81 782/1260/79
s 0
f 761/1261/31 789/1262/31 788/1263/31 787/1264/31 786/1265/31 755/1266/31
s 1
f 782/1267/79 790/1252/81 789/1251/41 761/1268/72
f 764/1104/69 688/1240/69 689/1242/70 772/1103/70
f 692/1101/6 723/1269/6 721/1270/6 680/1158/6 677/1102/6
f 700/1116/5 699/1119/5 698/1121/5 765/1090/5
f 698/1121/5 696/1123/5 769/1156/5 765/1090/5
f 705/1238/6 704/1271/6 703/1272/6 770/1160/6
f 703/1272/6 701/1273/6 678/1274/6 770/1160/6
f 766/1105/93 719/1137/21 724/1141/21 725/1135/18 695/1134/91
f 675/1088/1 683/1092/1 732/1147/1 735/1146/1
f 735/1146/1 734/1149/1 733/1151/1 675/1088/1
f 681/1164/1 675/1088/1 733/1151/1 731/1153/1
f 754/1205/36 755/1275/36 777/1233/80 776/1202/36
f 752/1244/13 753/1246/15 775/1211/15 774/1218/13
f 736/1249/26 737/1207/28 779/1206/28 778/1203/26
f 792/1276/31 875/1277/31 877/1278/31 794/1279/31
f 792/1276/31 794/1279/31 802/1280/31 803/1281/31
f 802/1280/2 804/1282/2 805/1283/2 803/1281/2
f 809/1284/83 813/1285/83 812/1286/84 810/1287/84
f 844/1288/6 796/1289/6 811/1290/6 843/1291/6
f 881/1292/84 874/1293/83 809/1284/83 810/1287/84
f 876/1294/5 792/1276/5 803/1281/5 835/1295/5 837/1296/5
f 809/1284/83 874/1293/83 879/1297/6 796/1298/6
f 809/1284/83 796/1298/6 806/1299/6 813/1285/83
f 803/1281/2 805/1283/2 812/1300/2 813/1301/2 806/1302/2
f 820/1303/49 816/1304/49 819/1305/50 822/1306/50
f 822/1306/50 819/1305/50 818/1307/32 823/1308/32
f 823/1308/32 818/1307/32 817/1309/51 824/1310/51
f 824/1310/51 817/1309/51 815/1311/52 821/1312/52
f 830/1313/71 826/1314/71 829/1315/41 832/1316/41
f 832/1316/41 829/1315/41 828/1317/72 833/1318/72
f 833/1318/72 828/1317/72 827/1319/38 834/1320/38
f 834/1320/38 827/1319/38 825/1321/73 831/1322/73
f 835/1295/53 841/1323/53 844/1324/55 814/1325/95 837/1296/94
f 837/1296/94 814/1325/95 876/1294/96
f 838/1326/57 843/1327/57 811/1328/59 842/1329/58 839/1330/58
f 839/1330/58 842/1329/58 840/1331/60 836/1332/60
f 845/1333/74 851/1334/74 854/1335/36 847/1336/36
f 847/1336/36 854/1335/36 853/1337/75 848/1338/75
f 848/1338/75 853/1337/75 852/1339/37 849/1340/37
f 849/1340/37 852/1339/37 850/1341/76 846/1342/76
f 793/1343/5 875/1277/5 819/1305/5 816/1304/5
f 815/1311/52 878/1344/31 880/1345/31 821/1312/52
f 797/1346/30 793/1343/30 816/1304/49 820/1303/49
f 796/1289/6 879/1347/6 880/1348/6 799/1349/6
f 801/1350/5 800/1351/5 872/1352/5 873/1353/5
f 794/1279/31 877/1278/31 872/1352/31 800/1351/31
f 799/1354/31 798/1355/31 836/1332/60 840/1331/60
f 806/1302/2 841/1323/53 835/1295/53 803/1281/2
f 798/1355/5 792/1276/5 839/1330/5 836/1332/5
f 796/1289/6 844/1288/6 841/1356/6 806/1357/6
f 804/1282/2 802/1280/2 851/1334/74 845/1333/74
f 800/1351/5 801/1350/5 846/1342/76 850/1341/76
f 855/1358/1 856/1359/1 857/1360/1 858/1361/1
f 859/1362/9 860/1363/9 861/1364/9 862/1365/9
f 863/1366/9 864/1367/9 865/1368/9 866/1369/9
f 867/1370/1 868/1371/1 869/1372/1 870/1373/1
f 759/1185/41 758/1188/38 890/1374/38 889/1375/41
f 846/1376/1 801/1377/1 870/1373/1 849/1378/1
f 787/1379/37 786/1380/36 894/1381/85 893/1382/86
f 825/1383/1 827/1384/1 871/1385/1 873/1386/1
f 829/1387/1 871/1385/1 827/1384/1 828/1388/1
f 885/1389/36 754/1205/36 757/1204/26 887/1390/26
f 888/1391/28 892/1392/6 882/1393/6 856/1394/28
f 892/1392/6 884/1395/15 859/1396/15 882/1393/6
f 869/1372/1 868/1371/1 855/1358/1 858/1361/1 805/1397/1 804/1398/1
f 858/1361/1 857/1360/1 810/1287/84 812/1286/84 805/1397/1
f 862/1399/30 861/1400/30 793/1343/30 797/1346/30 807/1401/30 808/1402/30
f 889/1375/41 863/1403/40 860/1404/39 883/1405/13
f 863/1406/40 866/1407/30 795/1408/30 793/1343/30 861/1409/30 860/1410/39
f 795/1408/30 866/1407/30 865/1411/30 826/1314/71 830/1313/71
f 829/1387/1 826/1412/1 865/1368/1 864/1367/1 871/1385/1
f 891/1413/87 871/1414/5 864/1415/38 890/1374/38
f 847/1416/1 869/1372/1 804/1398/1 845/1417/1
f 886/1418/88 867/1419/37 871/1420/5 891/1421/87
f 873/1353/5 872/1352/5 831/1322/73 825/1321/73
f 873/1386/1 871/1385/1 867/1370/1 870/1373/1 801/1377/1
f 878/1344/5 875/1277/5 792/1276/5 798/1355/5
f 880/1345/31 878/1344/31 798/1355/31 799/1354/31
f 877/1278/31 875/1277/31 793/1343/31 795/1408/31
f 880/1348/6 879/1347/6 824/1422/6 821/1423/6
f 872/1352/31 877/1278/31 795/1408/31 830/1313/31 832/1316/31 833/1318/31 834/1320/31 831/1322/31
f 839/1330/5 792/1276/5 876/1294/5 838/1326/5
f 879/1297/6 874/1293/83 807/1424/83 797/1425/6
f 859/1362/1 862/1365/1 808/1426/84 881/1292/84 882/1427/1
f 882/1427/1 881/1292/84 810/1287/84 857/1360/1 856/1359/1
f 761/1243/72 891/1413/87 890/1374/38 758/1188/38
f 759/1185/41 889/1375/41 883/1405/13 752/1244/13
f 768/1245/6 753/1246/15 884/1395/15 892/1392/6
f 756/1247/28 768/1245/6 892/1392/6 888/1391/28
f 868/1428/36 885/1389/36 887/1390/26 855/1429/26
f 859/1396/15 884/1395/15 883/1405/13 860/1404/39
f 847/1416/1 848/1430/1 869/1372/1
f 757/1204/26 756/1247/28 888/1391/28 887/1390/26
f 867/1419/37 886/1418/88 885/1389/36 868/1428/36
f 863/1403/40 889/1375/41 890/1374/38 864/1415/38
f 849/1378/1 870/1373/1 869/1372/1 848/1430/1
f 789/1431/41 788/1432/38 896/1433/89 895/1434/90
f 755/1435/36 886/1436/88 894/1381/85 786/1380/36
f 787/1379/37 893/1382/86 896/1433/89 788/1432/38
f 886/1437/88 891/1438/87 895/1439/90 896/1433/89 893/1382/86 894/1440/85
f 891/1441/87 761/1442/72 789/1431/41 895/1434/90
f 874/1293/83 881/1292/84 808/1426/84 807/1424/83
f 811/1290/6 796/1289/6 799/1349/6 840/1443/6 842/1444/6
f 819/1305/5 875/1277/5 817/1309/5 818/1307/5
f 817/1309/5 875/1277/5 878/1344/5 815/1311/5
f 824/1422/6 879/1347/6 822/1445/6 823/1446/6
f 822/1445/6 879/1347/6 797/1447/6 820/1448/6
f 876/1294/96 814/1325/95 844/1324/55 843/1327/57 838/1326/57
f 794/1279/31 854/1335/31 851/1334/31 802/1280/31
f 854/1335/31 794/1279/31 852/1339/31 853/1337/31
f 800/1351/31 850/1341/31 852/1339/31 794/1279/31
f 754/1205/36 885/1389/36 886/1418/88 755/1275/36
f 752/1244/13 883/1405/13 884/1395/15 753/1246/15
f 855/1429/26 887/1390/26 888/1391/28 856/1394/28
f 897/1449/1 989/1450/1 991/1451/1 899/1452/1
f 897/1449/1 899/1452/1 907/1453/1 908/1454/1
f 907/1453/2 909/1455/2 910/1456/2 908/1454/2
f 914/1457/3 918/1458/3 917/1459/4 915/1460/4
f 949/1461/5 901/1462/5 916/1463/5 948/1464/5
f 996/1465/4 988/1466/3 914/1457/3 915/1460/4
f 990/1467/6 897/1449/6 908/1454/6 940/1468/6 942/1469/6
f 914/1457/3 988/1466/3 994/1470/5 901/1471/5
f 914/1457/3 901/1471/5 911/1472/5 918/1458/3
f 908/1454/2 910/1456/2 917/1473/2 918/1474/2 911/1475/2
f 925/1476/7 921/1477/7 924/1478/8 927/1479/8
f 927/1479/8 924/1478/8 923/1480/9 928/1481/9
f 928/1481/9 923/1480/9 922/1482/10 929/1483/10
f 929/1483/10 922/1482/10 920/1484/11 926/1485/11
f 935/1486/12 931/1487/12 934/1488/13 937/1489/13
f 937/1489/13 934/1488/13 933/1490/14 938/1491/14
f 938/1491/14 933/1490/14 932/1492/15 939/1493/15
f 939/1493/15 932/1492/15 930/1494/16 936/1495/16
f 940/1468/17 946/1496/17 949/1497/18 919/1498/97 942/1469/98
f 942/1469/98 919/1498/97 990/1467/99
f 943/1499/21 948/1500/21 916/1501/22 947/1502/23 944/1503/23
f 944/1503/23 947/1502/23 945/1504/24 941/1505/24
f 950/1506/25 956/1507/25 959/1508/26 952/1509/26
f 952/1509/26 959/1508/26 958/1510/27 953/1511/27
f 953/1511/27 958/1510/27 957/1512/28 954/1513/28
f 954/1513/28 957/1512/28 955/1514/29 951/1515/29
f 898/1516/6 989/1450/6 924/1478/6 921/1477/6
f 920/1484/11 993/1517/1 995/1518/1 926/1485/11
f 902/1519/30 898/1516/30 921/1477/7 925/1476/7
f 901/1462/5 994/1520/5 995/1521/5 904/1522/5
f 906/1523/6 905/1524/6 986/1525/6 987/1526/6
f 899/1452/1 991/1451/1 986/1525/1 905/1524/1
f 904/1527/1 903/1528/1 941/1505/24 945/1504/24
f 911/1475/2 946/1496/17 940/1468/17 908/1454/2
f 903/1528/6 897/1449/6 944/1503/6 941/1505/6
f 901/1462/5 949/1461/5 946/1529/5 911/1530/5
f 909/1455/2 907/1453/2 956/1507/25 950/1506/25
f 905/1524/6 906/1523/6 951/1515/29 955/1514/29
f 960/1531/31 961/1532/31 962/1533/31 963/1534/31
f 964/1535/100 965/1536/100 966/1537/100 967/1538/100
f 968/1539/100 969/1540/100 970/1541/100 971/1542/100
f 972/1543/31 973/1544/31 974/1545/31 975/1546/31
f 983/1547/13 982/1548/15 1005/1549/15 1004/1550/13
f 951/1551/31 906/1552/31 975/1546/31 954/1553/31
f 1011/1554/28 1010/1555/26 1009/1556/34 1008/1557/35
f 930/1558/31 932/1559/31 984/1560/31 987/1561/31
f 934/1562/31 984/1560/31 932/1559/31 933/1563/31
f 1000/1564/26 978/1565/26 981/1566/36 1002/1567/36
f 1003/1568/37 1007/1569/5 997/1570/5 961/1571/37
f 1007/1569/5 999/1572/38 964/1573/38 997/1570/5
f 974/1545/31 973/1544/31 960/1531/31 963/1534/31 910/1574/31 909/1575/31
f 963/1534/31 962/1533/31 915/1460/4 917/1459/4 910/1574/31
f 967/1576/101 966/1577/30 898/1516/30 902/1519/30 912/1578/101 913/1579/101
f 1004/1550/13 968/1580/39 965/1581/40 998/1582/41
f 968/1583/39 971/1584/30 900/1585/30 898/1516/30 966/1586/30 965/1587/40
f 900/1585/30 971/1584/30 970/1588/30 931/1487/12 935/1486/12
f 934/1562/31 931/1589/31 970/1541/31 969/1540/31 984/1560/31
f 1006/1590/42 984/1591/6 969/1592/15 1005/1549/15
f 952/1593/31 974/1545/31 909/1575/31 950/1594/31
f 1001/1595/43 972/1596/102 984/1597/6 1006/1598/42
f 987/1526/6 986/1525/6 936/1495/16 930/1494/16
f 987/1561/31 984/1560/31 972/1543/31 975/1546/31 906/1552/31
f 993/1517/6 989/1450/6 897/1449/6 903/1528/6
f 995/1518/1 993/1517/1 903/1528/1 904/1527/1
f 991/1451/1 989/1450/1 898/1516/1 900/1585/1
f 995/1521/5 994/1520/5 929/1599/5 926/1600/5
f 986/1525/1 991/1451/1 900/1585/1 935/1486/1 937/1489/1 938/1491/1 939/1493/1 936/1495/1
f 944/1503/6 897/1449/6 990/1467/6 943/1499/6
f 994/1470/5 988/1466/3 912/1601/3 902/1602/5
f 964/1535/31 967/1538/31 913/1603/4 996/1465/4 997/1604/31
f 997/1604/31 996/1465/4 915/1460/4 962/1533/31 961/1532/31
f 985/1605/14 1006/1590/42 1005/1549/15 982/1548/15
f 983/1547/13 1004/1550/13 998/1582/41 976/1606/41
f 992/1607/5 977/1608/38 999/1572/38 1007/1569/5
f 980/1609/37 992/1607/5 1007/1569/5 1003/1568/37
f 973/1610/26 1000/1564/26 1002/1567/36 960/1611/36
f 964/1573/38 999/1572/38 998/1582/41 965/1581/40
f 952/1593/31 953/1612/31 974/1545/31
f 981/1566/36 980/1609/37 1003/1568/37 1002/1567/36
f 972/1596/102 1001/1595/43 1000/1564/26 973/1610/26
f 968/1580/39 1004/1550/13 1005/1549/15 969/1592/15
f 954/1553/31 975/1546/31 974/1545/31 953/1612/31
f 1013/1613/13 1012/1614/15 1015/1615/45 1014/1616/46
f 979/1617/26 1001/1618/43 1009/1556/34 1010/1555/26
f 1011/1554/28 1008/1557/35 1015/1615/45 1012/1614/15
f 1001/1619/43 1006/1620/42 1014/1621/46 1015/1615/45 1008/1557/35 1009/1622/34
s 0
f 985/1623/31 979/1624/31 1010/1625/31 1011/1626/31 1012/1627/31 1013/1628/31
s 1
f 1006/1629/42 985/1630/14 1013/1613/13 1014/1616/46
f 988/1466/3 996/1465/4 913/1603/4 912/1601/3
f 916/1463/5 901/1462/5 904/1522/5 945/1631/5 947/1632/5
f 924/1478/6 989/1450/6 922/1482/6 923/1480/6
f 922/1482/6 989/1450/6 993/1517/6 920/1484/6
f 929/1599/5 994/1520/5 927/1633/5 928/1634/5
f 927/1633/5 994/1520/5 902/1635/5 925/1636/5
f 990/1467/99 919/1498/97 949/1497/18 948/1500/21 943/1499/21
f 899/1452/1 959/1508/1 956/1507/1 907/1453/1
f 959/1508/1 899/1452/1 957/1512/1 958/1510/1
f 905/1524/1 955/1514/1 957/1512/1 899/1452/1
f 978/1565/26 1000/1564/26 1001/1595/43 979/1637/26
f 976/1606/41 998/1582/41 999/1572/38 977/1608/38
f 960/1611/36 1002/1567/36 1003/1568/37 961/1571/37
f 1016/1638/31 1018/1639/31 1101/1640/31 1099/1641/31
f 1016/1638/31 1027/1642/31 1026/1643/31 1018/1639/31
f 1026/1643/2 1027/1642/2 1029/1644/2 1028/1645/2
f 1033/1646/47 1034/1647/48 1036/1648/48 1037/1649/47
f 1068/1650/5 1067/1651/5 1035/1652/5 1020/1653/5
f 1105/1654/48 1034/1647/48 1033/1646/47 1098/1655/47
f 1100/1656/6 1061/1657/6 1059/1658/6 1027/1642/6 1016/1638/6
f 1033/1646/47 1020/1659/5 1103/1660/5 1098/1655/47
f 1033/1646/47 1037/1649/47 1030/1661/5 1020/1659/5
f 1027/1642/2 1030/1662/2 1037/1663/2 1036/1664/2 1029/1644/2
f 1044/1665/49 1046/1666/50 1043/1667/50 1040/1668/49
f 1046/1666/50 1047/1669/32 1042/1670/32 1043/1667/50
f 1047/1669/32 1048/1671/51 1041/1672/51 1042/1670/32
f 1048/1671/51 1045/1673/52 1039/1674/52 1041/1672/51
f 1054/1675/12 1056/1676/13 1053/1677/13 1050/1678/12
f 1056/1676/13 1057/1679/14 1052/1680/14 1053/1677/13
f 1057/1679/14 1058/1681/15 1051/1682/15 1052/1680/14
f 1058/1681/15 1055/1683/16 1049/1684/16 1051/1682/15
f 1059/1658/53 1061/1657/103 1038/1685/104 1068/1686/55 1065/1687/53
f 1061/1657/103 1100/1656/105 1038/1685/104
f 1062/1688/57 1063/1689/58 1066/1690/58 1035/1691/59 1067/1692/57
f 1063/1689/58 1060/1693/60 1064/1694/60 1066/1690/58
f 1069/1695/25 1071/1696/26 1078/1697/26 1075/1698/25
f 1071/1696/26 1072/1699/27 1077/1700/27 1078/1697/26
f 1072/1699/27 1073/1701/28 1076/1702/28 1077/1700/27
f 1073/1701/28 1070/1703/29 1074/1704/29 1076/1702/28
f 1017/1705/6 1040/1668/6 1043/1667/6 1099/1641/6
f 1039/1674/52 1045/1673/52 1104/1706/31 1102/1707/31
f 1021/1708/30 1044/1665/49 1040/1668/49 1017/1705/30
f 1020/1653/5 1023/1709/5 1104/1710/5 1103/1711/5
f 1025/1712/6 1097/1713/6 1096/1714/6 1024/1715/6
f 1018/1639/31 1024/1715/31 1096/1714/31 1101/1640/31
f 1023/1716/31 1064/1694/60 1060/1693/60 1022/1717/31
f 1030/1662/2 1027/1642/2 1059/1658/53 1065/1687/53
f 1022/1717/6 1060/1693/6 1063/1689/6 1016/1638/6
f 1020/1653/5 1030/1718/5 1065/1719/5 1068/1650/5
f 1028/1645/2 1069/1695/25 1075/1698/25 1026/1643/2
f 1024/1715/6 1074/1704/29 1070/1703/29 1025/1712/6
f 1079/1720/1 1082/1721/1 1081/1722/1 1080/1723/1
f 1083/1724/106 1086/1725/106 1085/1726/106 1084/1727/106
f 1087/1728/106 1090/1729/106 1089/1730/106 1088/1731/106
f 1091/1732/1 1094/1733/1 1093/1734/1 1092/1735/1
f 983/1547/13 1113/1736/13 1114/1737/15 982/1548/15
f 1070/1738/1 1073/1739/1 1094/1733/1 1025/1740/1
f 1011/1741/28 1117/1742/62 1118/1743/63 1010/1744/26
f 1049/1745/1 1097/1746/1 1095/1747/1 1051/1748/1
f 1053/1749/1 1052/1750/1 1051/1748/1 1095/1747/1
f 1109/1751/26 1111/1752/36 981/1566/36 978/1565/26
f 1112/1753/37 1080/1754/37 1106/1755/5 1116/1756/5
f 1116/1756/5 1106/1755/5 1083/1757/38 1108/1758/38
f 1093/1734/1 1028/1759/1 1029/1760/1 1082/1721/1 1079/1720/1 1092/1735/1
f 1082/1721/1 1029/1760/1 1036/1648/48 1034/1647/48 1081/1722/1
f 1086/1761/30 1032/1762/30 1031/1763/30 1021/1708/30 1017/1705/30 1085/1764/30
f 1113/1736/13 1107/1765/41 1084/1766/40 1087/1767/39
f 1087/1768/39 1084/1769/40 1085/1770/30 1017/1705/30 1019/1771/30 1090/1772/30
f 1019/1771/30 1054/1675/12 1050/1678/12 1089/1773/30 1090/1772/30
f 1053/1749/1 1095/1747/1 1088/1731/1 1089/1730/1 1050/1774/1
f 1115/1775/64 1114/1737/15 1088/1776/15 1095/1777/6
f 1071/1778/1 1069/1779/1 1028/1759/1 1093/1734/1
f 1110/1780/65 1115/1781/64 1095/1782/6 1091/1783/102
f 1097/1713/6 1049/1684/16 1055/1683/16 1096/1714/6
f 1097/1746/1 1025/1740/1 1094/1733/1 1091/1732/1 1095/1747/1
f 1102/1707/6 1022/1717/6 1016/1638/6 1099/1641/6
f 1104/1706/31 1023/1716/31 1022/1717/31 1102/1707/31
f 1101/1640/31 1019/1771/31 1017/1705/31 1099/1641/31
f 1104/1710/5 1045/1784/5 1048/1785/5 1103/1711/5
f 1096/1714/31 1055/1683/31 1058/1681/31 1057/1679/31 1056/1676/31 1054/1675/31 1019/1771/31 1101/1640/31
f 1063/1689/6 1062/1688/6 1100/1656/6 1016/1638/6
f 1103/1660/5 1021/1786/5 1031/1787/47 1098/1655/47
f 1083/1724/1 1106/1788/1 1105/1654/48 1032/1789/48 1086/1725/1
f 1106/1788/1 1080/1723/1 1081/1722/1 1034/1647/48 1105/1654/48
f 985/1605/14 982/1548/15 1114/1737/15 1115/1775/64
f 983/1547/13 976/1606/41 1107/1765/41 1113/1736/13
f 992/1607/5 1116/1756/5 1108/1758/38 977/1608/38
f 980/1609/37 1112/1753/37 1116/1756/5 992/1607/5
f 1092/1790/26 1079/1791/36 1111/1752/36 1109/1751/26
f 1083/1757/38 1084/1766/40 1107/1765/41 1108/1758/38
f 1071/1778/1 1093/1734/1 1072/1792/1
f 981/1566/36 1111/1752/36 1112/1753/37 980/1609/37
f 1091/1783/102 1092/1790/26 1109/1751/26 1110/1780/65
f 1087/1767/39 1088/1776/15 1114/1737/15 1113/1736/13
f 1073/1739/1 1072/1792/1 1093/1734/1 1094/1733/1
f 1013/1793/13 1119/1794/67 1120/1795/68 1012/1796/15
f 979/1797/26 1010/1744/26 1118/1743/63 1110/1798/65
f 1011/1741/28 1012/1796/15 1120/1795/68 1117/1742/62
f 1110/1799/65 1118/1800/63 1117/1742/62 1120/1795/68 1119/1801/67 1115/1802/64
f 1115/1803/64 1119/1794/67 1013/1793/13 985/1804/14
f 1098/1655/47 1031/1787/47 1032/1789/48 1105/1654/48
f 1035/1652/5 1066/1805/5 1064/1806/5 1023/1709/5 1020/1653/5
f 1043/1667/6 1042/1670/6 1041/1672/6 1099/1641/6
f 1041/1672/6 1039/1674/6 1102/1707/6 1099/1641/6
f 1048/1785/5 1047/1807/5 1046/1808/5 1103/1711/5
f 1046/1808/5 1044/1809/5 1021/1810/5 1103/1711/5
f 1100/1656/105 1062/1688/57 1067/1692/57 1068/1686/55 1038/1685/104
f 1018/1639/31 1026/1643/31 1075/1698/31 1078/1697/31
f 1078/1697/31 1077/1700/44 1076/1702/31 1018/1639/31
f 1024/1715/31 1018/1639/31 1076/1702/31 1074/1704/31
f 978/1565/26 979/1637/26 1110/1780/65 1109/1751/26
f 976/1606/41 977/1608/38 1108/1758/38 1107/1765/41
f 1079/1791/36 1080/1754/37 1112/1753/37 1111/1752/36
f 1121/1811/1 1123/1812/1 1215/1813/1 1213/1814/1
f 1121/1811/1 1132/1815/1 1131/1816/1 1123/1812/1
f 1131/1816/2 1132/1815/2 1134/1817/2 1133/1818/2
f 1138/1819/69 1139/1820/70 1141/1821/70 1142/1822/69
f 1173/1823/6 1172/1824/6 1140/1825/6 1125/1826/6
f 1220/1827/70 1139/1820/70 1138/1819/69 1212/1828/69
f 1214/1829/5 1166/1830/5 1164/1831/5 1132/1815/5 1121/1811/5
f 1138/1819/69 1125/1832/6 1218/1833/6 1212/1828/69
f 1138/1819/69 1142/1822/69 1135/1834/6 1125/1832/6
f 1132/1815/2 1135/1835/2 1142/1836/2 1141/1837/2 1134/1817/2
f 1149/1838/7 1151/1839/8 1148/1840/8 1145/1841/7
f 1151/1839/8 1152/1842/9 1147/1843/9 1148/1840/8
f 1152/1842/9 1153/1844/10 1146/1845/10 1147/1843/9
f 1153/1844/10 1150/1846/11 1144/1847/11 1146/1845/10
f 1159/1848/71 1161/1849/41 1158/1850/41 1155/1851/71
f 1161/1849/41 1162/1852/72 1157/1853/72 1158/1850/41
f 1162/1852/72 1163/1854/38 1156/1855/38 1157/1853/72
f 1163/1854/38 1160/1856/73 1154/1857/73 1156/1855/38
f 1164/1831/17 1166/1830/98 1143/1858/97 1173/1859/18 1170/1860/17
f 1166/1830/98 1214/1829/99 1143/1858/97
f 1167/1861/21 1168/1862/23 1171/1863/23 1140/1864/22 1172/1865/21
f 1168/1862/23 1165/1866/24 1169/1867/24 1171/1863/23
f 1174/1868/74 1176/1869/36 1183/1870/36 1180/1871/74
f 1176/1869/36 1177/1872/75 1182/1873/75 1183/1870/36
f 1177/1872/75 1178/1874/37 1181/1875/37 1182/1873/75
f 1178/1874/37 1175/1876/76 1179/1877/76 1181/1875/37
f 1122/1878/5 1145/1841/5 1148/1840/5 1213/1814/5
f 1144/1847/11 1150/1846/11 1219/1879/1 1217/1880/1
f 1126/1881/30 1149/1838/7 1145/1841/7 1122/1878/30
f 1125/1826/6 1128/1882/6 1219/1883/6 1218/1884/6
f 1130/1885/5 1211/1886/5 1210/1887/5 1129/1888/5
f 1123/1812/1 1129/1888/1 1210/1887/1 1215/1813/1
f 1128/1889/1 1169/1867/24 1165/1866/24 1127/1890/1
f 1135/1835/2 1132/1815/2 1164/1831/17 1170/1860/17
f 1127/1890/5 1165/1866/5 1168/1862/5 1121/1811/5
f 1125/1826/6 1135/1891/6 1170/1892/6 1173/1823/6
f 1133/1818/2 1174/1868/74 1180/1871/74 1131/1816/2
f 1129/1888/5 1179/1877/76 1175/1876/76 1130/1885/5
f 1184/1893/31 1187/1894/31 1186/1895/31 1185/1896/31
f 1188/1897/100 1191/1898/100 1190/1899/100 1189/1900/100
f 1192/1901/100 1195/1902/100 1194/1903/100 1193/1904/100
f 1196/1905/31 1199/1906/31 1198/1907/31 1197/1908/31
f 1207/1909/41 1228/1910/41 1229/1911/38 1206/1912/38
f 1175/1913/31 1178/1914/31 1199/1906/31 1130/1915/31
f 1235/1916/37 1232/1917/77 1233/1918/78 1234/1919/36
f 1154/1920/31 1211/1921/31 1208/1922/31 1156/1923/31
f 1158/1924/31 1157/1925/31 1156/1923/31 1208/1922/31
f 1224/1926/36 1226/1927/26 1205/1928/26 1202/1929/36
f 1227/1930/28 1185/1931/28 1221/1932/6 1231/1933/6
f 1231/1933/6 1221/1932/6 1188/1934/15 1223/1935/15
f 1198/1907/31 1133/1936/31 1134/1937/31 1187/1894/31 1184/1893/31 1197/1908/31
f 1187/1894/31 1134/1937/31 1141/1821/70 1139/1820/70 1186/1895/31
f 1191/1938/30 1137/1939/30 1136/1940/30 1126/1881/30 1122/1878/30 1190/1941/30
f 1228/1910/41 1222/1942/13 1189/1943/39 1192/1944/40
f 1192/1945/40 1189/1946/39 1190/1947/30 1122/1878/30 1124/1948/30 1195/1949/30
f 1124/1948/30 1159/1848/71 1155/1851/71 1194/1950/30 1195/1949/30
f 1158/1924/31 1208/1922/31 1193/1904/31 1194/1903/31 1155/1951/31
f 1230/1952/79 1229/1911/38 1193/1953/38 1208/1954/5
f 1176/1955/31 1174/1956/31 1133/1936/31 1198/1907/31
f 1225/1957/80 1230/1958/79 1208/1959/5 1196/1960/107
f 1211/1886/5 1154/1857/73 1160/1856/73 1210/1887/5
f 1211/1921/31 1130/1915/31 1199/1906/31 1196/1905/31 1208/1922/31
f 1217/1880/5 1127/1890/5 1121/1811/5 1213/1814/5
f 1219/1879/1 1128/1889/1 1127/1890/1 1217/1880/1
f 1215/1813/1 1124/1948/1 1122/1878/1 1213/1814/1
f 1219/1883/6 1150/1961/6 1153/1962/6 1218/1884/6
f 1210/1887/1 1160/1856/1 1163/1854/1 1162/1852/1 1161/1849/1 1159/1848/1 1124/1948/1 1215/1813/1
f 1168/1862/5 1167/1861/5 1214/1829/5 1121/1811/5
f 1218/1833/6 1126/1963/6 1136/1964/69 1212/1828/69
f 1188/1897/31 1221/1965/31 1220/1827/70 1137/1966/70 1191/1898/31
f 1221/1965/31 1185/1896/31 1186/1895/31 1139/1820/70 1220/1827/70
f 1209/1967/72 1206/1912/38 1229/1911/38 1230/1952/79
f 1207/1909/41 1200/1968/13 1222/1942/13 1228/1910/41
f 1216/1969/6 1231/1933/6 1223/1935/15 1201/1970/15
f 1204/1971/28 1227/1930/28 1231/1933/6 1216/1969/6
f 1197/1972/36 1184/1973/26 1226/1927/26 1224/1926/36
f 1188/1934/15 1189/1943/39 1222/1942/13 1223/1935/15
f 1176/1955/31 1198/1907/31 1177/1974/31
f 1205/1928/26 1226/1927/26 1227/1930/28 1204/1971/28
f 1196/1960/107 1197/1972/36 1224/1926/36 1225/1957/80
f 1192/1944/40 1193/1953/38 1229/1911/38 1228/1910/41
f 1178/1914/31 1177/1974/31 1198/1907/31 1199/1906/31
f 1237/1975/41 1238/1976/81 1239/1977/82 1236/1978/38
f 1203/1979/36 1234/1919/36 1233/1918/78 1225/1980/80
f 1235/1916/37 1236/1978/38 1239/1977/82 1232/1917/77
f 1225/1981/80 1233/1982/78 1232/1917/77 1239/1977/82 1238/1983/81 1230/1984/79
s 0
f 1209/1985/31 1237/1986/31 1236/1987/31 1235/1988/31 1234/1989/31 1203/1990/31
s 1
f 1230/1991/79 1238/1976/81 1237/1975/41 1209/1992/72
f 1212/1828/69 1136/1964/69 1137/1966/70 1220/1827/70
f 1140/1825/6 1171/1993/6 1169/1994/6 1128/1882/6 1125/1826/6
f 1148/1840/5 1147/1843/5 1146/1845/5 1213/1814/5
f 1146/1845/5 1144/1847/5 1217/1880/5 1213/1814/5
f 1153/1962/6 1152/1995/6 1151/1996/6 1218/1884/6
f 1151/1996/6 1149/1997/6 1126/1998/6 1218/1884/6
f 1214/1829/99 1167/1861/21 1172/1865/21 1173/1859/18 1143/1858/97
f 1123/1812/1 1131/1816/1 1180/1871/1 1183/1870/1
f 1183/1870/1 1182/1873/61 1181/1875/1 1123/1812/1
f 1129/1888/1 1123/1812/1 1181/1875/1 1179/1877/1
f 1202/1929/36 1203/1999/36 1225/1957/80 1224/1926/36
f 1200/1968/13 1201/1970/15 1223/1935/15 1222/1942/13
f 1184/1973/26 1185/1931/28 1227/1930/28 1226/1927/26
f 1240/2000/31 1323/2001/31 1325/2002/31 1242/2003/31
f 1240/2000/31 1242/2003/31 1250/2004/31 1251/2005/31
f 1250/2004/2 1252/2006/2 1253/2007/2 1251/2005/2
f 1257/2008/83 1261/2009/83 1260/2010/84 1258/2011/84
f 1292/2012/6 1244/2013/6 1259/2014/6 1291/2015/6
f 1329/2016/84 1322/2017/83 1257/2008/83 1258/2011/84
f 1324/2018/5 1240/2000/5 1251/2005/5 1283/2019/5 1285/2020/5
f 1257/2008/83 1322/2017/83 1327/2021/6 1244/2022/6
f 1257/2008/83 1244/2022/6 1254/2023/6 1261/2009/83
f 1251/2005/2 1253/2007/2 1260/2024/2 1261/2025/2 1254/2026/2
f 1268/2027/49 1264/2028/49 1267/2029/50 1270/2030/50
f 1270/2030/50 1267/2029/50 1266/2031/32 1271/2032/32
f 1271/2032/32 1266/2031/32 1265/2033/51 1272/2034/51
f 1272/2034/51 1265/2033/51 1263/2035/52 1269/2036/52
f 1278/2037/71 1274/2038/71 1277/2039/41 1280/2040/41
f 1280/2040/41 1277/2039/41 1276/2041/72 1281/2042/72
f 1281/2042/72 1276/2041/72 1275/2043/38 1282/2044/38
f 1282/2044/38 1275/2043/38 1273/2045/73 1279/2046/73
f 1283/2019/53 1289/2047/53 1292/2048/55 1262/2049/104 1285/2020/103
f 1285/2020/103 1262/2049/104 1324/2018/105
f 1286/2050/57 1291/2051/57 1259/2052/59 1290/2053/58 1287/2054/58
f 1287/2054/58 1290/2053/58 1288/2055/60 1284/2056/60
f 1293/2057/74 1299/2058/74 1302/2059/36 1295/2060/36
f 1295/2060/36 1302/2059/36 1301/2061/75 1296/2062/75
f 1296/2062/75 1301/2061/75 1300/2063/37 1297/2064/37
f 1297/2064/37 1300/2063/37 1298/2065/76 1294/2066/76
f 1241/2067/5 1323/2001/5 1267/2029/5 1264/2028/5
f 1263/2035/52 1326/2068/31 1328/2069/31 1269/2036/52
f 1245/2070/30 1241/2067/30 1264/2028/49 1268/2027/49
f 1244/2013/6 1327/2071/6 1328/2072/6 1247/2073/6
f 1249/2074/5 1248/2075/5 1320/2076/5 1321/2077/5
f 1242/2003/31 1325/2002/31 1320/2076/31 1248/2075/31
f 1247/2078/31 1246/2079/31 1284/2056/60 1288/2055/60
f 1254/2026/2 1289/2047/53 1283/2019/53 1251/2005/2
f 1246/2079/5 1240/2000/5 1287/2054/5 1284/2056/5
f 1244/2013/6 1292/2012/6 1289/2080/6 1254/2081/6
f 1252/2006/2 1250/2004/2 1299/2058/74 1293/2057/74
f 1248/2075/5 1249/2074/5 1294/2066/76 1298/2065/76
f 1303/2082/1 1304/2083/1 1305/2084/1 1306/2085/1
f 1307/2086/106 1308/2087/106 1309/2088/106 1310/2089/106
f 1311/2090/106 1312/2091/106 1313/2092/106 1314/2093/106
f 1315/2094/1 1316/2095/1 1317/2096/1 1318/2097/1
f 1207/1909/41 1206/1912/38 1338/2098/38 1337/2099/41
f 1294/2100/1 1249/2101/1 1318/2097/1 1297/2102/1
f 1235/2103/37 1234/2104/36 1342/2105/85 1341/2106/86
f 1273/2107/1 1275/2108/1 1319/2109/1 1321/2110/1
f 1277/2111/1 1319/2109/1 1275/2108/1 1276/2112/1
f 1333/2113/36 1202/1929/36 1205/1928/26 1335/2114/26
f 1336/2115/28 1340/2116/6 1330/2117/6 1304/2118/28
f 1340/2116/6 1332/2119/15 1307/2120/15 1330/2117/6
f 1317/2096/1 1316/2095/1 1303/2082/1 1306/2085/1 1253/2121/1 1252/2122/1
f 1306/2085/1 1305/2084/1 1258/2011/84 1260/2010/84 1253/2121/1
f 1310/2123/108 1309/2124/30 1241/2067/30 1245/2070/30 1255/2125/108 1256/2126/108
f 1337/2099/41 1311/2127/40 1308/2128/39 1331/2129/13
f 1311/2130/40 1314/2131/30 1243/2132/30 1241/2067/30 1309/2133/30 1308/2134/39
f 1243/2132/30 1314/2131/30 1313/2135/30 1274/2038/71 1278/2037/71
f 1277/2111/1 1274/2136/1 1313/2092/1 1312/2091/1 1319/2109/1
f 1339/2137/87 1319/2138/5 1312/2139/38 1338/2098/38
f 1295/2140/1 1317/2096/1 1252/2122/1 1293/2141/1
f 1334/2142/88 1315/2143/107 1319/2144/5 1339/2145/87
f 1321/2077/5 1320/2076/5 1279/2046/73 1273/2045/73
f 1321/2110/1 1319/2109/1 1315/2094/1 1318/2097/1 1249/2101/1
f 1326/2068/5 1323/2001/5 1240/2000/5 1246/2079/5
f 1328/2069/31 1326/2068/31 1246/2079/31 1247/2078/31
f 1325/2002/31 1323/2001/31 1241/2067/31 1243/2132/31
f 1328/2072/6 1327/2071/6 1272/2146/6 1269/2147/6
f 1320/2076/31 1325/2002/31 1243/2132/31 1278/2037/31 1280/2040/31 1281/2042/31 1282/2044/31 1279/2046/31
f 1287/2054/5 1240/2000/5 1324/2018/5 1286/2050/5
f 1327/2021/6 1322/2017/83 1255/2148/83 1245/2149/6
f 1307/2086/1 1310/2089/1 1256/2150/84 1329/2016/84 1330/2151/1
f 1330/2151/1 1329/2016/84 1258/2011/84 1305/2084/1 1304/2083/1
f 1209/1967/72 1339/2137/87 1338/2098/38 1206/1912/38
f 1207/1909/41 1337/2099/41 1331/2129/13 1200/1968/13
f 1216/1969/6 1201/1970/15 1332/2119/15 1340/2116/6
f 1204/1971/28 1216/1969/6 1340/2116/6 1336/2115/28
f 1316/2152/36 1333/2113/36 1335/2114/26 1303/2153/26
f 1307/2120/15 1332/2119/15 1331/2129/13 1308/2128/39
f 1295/2140/1 1296/2154/1 1317/2096/1
f 1205/1928/26 1204/1971/28 1336/2115/28 1335/2114/26
f 1315/2143/107 1334/2142/88 1333/2113/36 1316/2152/36
f 1311/2127/40 1337/2099/41 1338/2098/38 1312/2139/38
f 1297/2102/1 1318/2097/1 1317/2096/1 1296/2154/1
f 1237/2155/41 1236/2156/38 1344/2157/89 1343/2158/90
f 1203/2159/36 1334/2160/88 1342/2105/85 1234/2104/36
f 1235/2103/37 1341/2106/86 1344/2157/89 1236/2156/38
f 1334/2161/88 1339/2162/87 1343/2163/90 1344/2157/89 1341/2106/86 1342/2164/85
f 1339/2165/87 1209/2166/72 1237/2155/41 1343/2158/90
f 1322/2017/83 1329/2016/84 1256/2150/84 1255/2148/83
f 1259/2014/6 1244/2013/6 1247/2073/6 1288/2167/6 1290/2168/6
f 1267/2029/5 1323/2001/5 1265/2033/5 1266/2031/5
f 1265/2033/5 1323/2001/5 1326/2068/5 1263/2035/5
f 1272/2146/6 1327/2071/6 1270/2169/6 1271/2170/6
f 1270/2169/6 1327/2071/6 1245/2171/6 1268/2172/6
f 1324/2018/105 1262/2049/104 1292/2048/55 1291/2051/57 1286/2050/57
f 1242/2003/31 1302/2059/31 1299/2058/31 1250/2004/31
f 1302/2059/31 1242/2003/31 1300/2063/31 1301/2061/31
f 1248/2075/31 1298/2065/31 1300/2063/31 1242/2003/31
f 1202/1929/36 1333/2113/36 1334/2142/88 1203/1999/36
f 1200/1968/13 1331/2129/13 1332/2119/15 1201/1970/15
f 1303/2153/26 1335/2114/26 1336/2115/28 1304/2118/28
f 1345/2173/1 1437/2174/1 1439/2175/1 1347/2176/1
f 1345/2173/1 1347/2176/1 1355/2177/1 1356/2178/1
f 1355/2177/2 1357/2179/2 1358/2180/2 1356/2178/2
f 1362/2181/3 1366/2182/3 1365/2183/4 1363/2184/4
f 1397/2185/5 1349/2186/5 1364/2187/5 1396/2188/5
f 1444/2189/4 1436/2190/3 1362/2181/3 1363/2184/4
f 1438/2191/6 1345/2173/6 1356/2178/6 1388/2192/6 1390/2193/6
f 1362/2181/3 1436/2190/3 1442/2194/5 1349/2195/5
f 1362/2181/3 1349/2195/5 1359/2196/5 1366/2182/3
f 1356/2178/2 1358/2180/2 1365/2197/109 1366/2198/109 1359/2199/2
f 1373/2200/7 1369/2201/7 1372/2202/8 1375/2203/8
f 1375/2203/8 1372/2202/8 1371/2204/9 1376/2205/9
f 1376/2205/9 1371/2204/9 1370/2206/10 1377/2207/10
f 1377/2207/10 1370/2206/10 1368/2208/11 1374/2209/11
f 1383/2210/12 1379/2211/12 1382/2212/13 1385/2213/13
f 1385/2213/13 1382/2212/13 1381/2214/14 1386/2215/14
f 1386/2215/14 1381/2214/14 1380/2216/15 1387/2217/15
f 1387/2217/15 1380/2216/15 1378/2218/16 1384/2219/16
f 1388/2192/17 1394/2220/17 1397/2221/18 1367/2222/18 1390/2193/110
f 1390/2193/110 1367/2222/18 1438/2191/111
f 1391/2223/21 1396/2224/21 1364/2225/112 1395/2226/23 1392/2227/23
f 1392/2227/23 1395/2226/23 1393/2228/24 1389/2229/24
f 1398/2230/25 1404/2231/25 1407/2232/26 1400/2233/26
f 1400/2233/26 1407/2232/26 1406/2234/27 1401/2235/27
f 1401/2235/27 1406/2234/27 1405/2236/28 1402/2237/28
f 1402/2237/28 1405/2236/28 1403/2238/29 1399/2239/29
f 1346/2240/6 1437/2174/6 1372/2202/6 1369/2201/6
f 1368/2208/11 1441/2241/1 1443/2242/1 1374/2209/11
f 1350/2243/30 1346/2240/30 1369/2201/7 1373/2200/7
f 1349/2186/5 1442/2244/5 1443/2245/5 1352/2246/5
f 1354/2247/6 1353/2248/6 1434/2249/6 1435/2250/6
f 1347/2176/1 1439/2175/1 1434/2249/1 1353/2248/1
f 1352/2251/1 1351/2252/1 1389/2229/24 1393/2228/24
f 1359/2199/2 1394/2220/17 1388/2192/17 1356/2178/2
f 1351/2252/6 1345/2173/6 1392/2227/6 1389/2229/6
f 1349/2186/5 1397/2185/5 1394/2253/5 1359/2254/5
f 1357/2179/2 1355/2177/2 1404/2231/25 1398/2230/25
f 1353/2248/6 1354/2247/6 1399/2239/29 1403/2238/29
f 1408/2255/31 1409/2256/31 1410/2257/31 1411/2258/31
f 1412/2259/100 1413/2260/100 1414/2261/100 1415/2262/100
f 1416/2263/100 1417/2264/100 1418/2265/100 1419/2266/100
f 1420/2267/31 1421/2268/31 1422/2269/31 1423/2270/31
f 1431/2271/13 1430/2272/15 1453/2273/15 1452/2274/13
f 1399/2275/31 1354/2276/31 1423/2270/31 1402/2277/31
f 1459/2278/28 1458/2279/26 1457/2280/34 1456/2281/35
f 1378/2282/31 1380/2283/31 1432/2284/31 1435/2285/31
f 1382/2286/31 1432/2284/31 1380/2283/31 1381/2287/31
f 1448/2288/26 1426/2289/26 1429/2290/36 1450/2291/36
f 1451/2292/37 1455/2293/5 1445/2294/5 1409/2295/37
f 1455/2293/5 1447/2296/38 1412/2297/113 1445/2294/5
f 1422/2269/31 1421/2268/31 1408/2255/31 1411/2258/31 1358/2298/31 1357/2299/31
f 1411/2258/31 1410/2257/31 1363/2184/4 1365/2183/4 1358/2298/31
f 1415/2300/108 1414/2301/30 1346/2240/30 1350/2243/30 1360/2302/108 1361/2303/108
f 1452/2274/13 1416/2304/39 1413/2305/40 1446/2306/41
f 1416/2307/39 1419/2308/101 1348/2309/101 1346/2240/30 1414/2310/30 1413/2311/40
f 1348/2309/101 1419/2308/101 1418/2312/101 1379/2211/12 1383/2210/12
f 1382/2286/31 1379/2313/31 1418/2265/31 1417/2264/31 1432/2284/31
f 1454/2314/42 1432/2315/6 1417/2316/15 1453/2273/15
f 1400/2317/31 1422/2269/31 1357/2299/31 1398/2318/31
f 1449/2319/43 1420/2320/28 1432/2321/6 1454/2322/42
f 1435/2250/6 1434/2249/6 1384/2219/16 1378/2218/16
f 1435/2285/31 1432/2284/31 1420/2267/31 1423/2270/31 1354/2276/31
f 1441/2241/6 1437/2174/6 1345/2173/6 1351/2252/6
f 1443/2242/1 1441/2241/1 1351/2252/1 1352/2251/1
f 1439/2175/1 1437/2174/1 1346/2240/1 1348/2309/1
f 1443/2245/5 1442/2244/5 1377/2323/5 1374/2324/5
f 1434/2249/1 1439/2175/1 1348/2309/1 1383/2210/1 1385/2213/1 1386/2215/1 1387/2217/1 1384/2219/1
f 1392/2227/6 1345/2173/6 1438/2191/6 1391/2223/6
f 1442/2194/5 1436/2190/3 1360/2325/114 1350/2326/5
f 1412/2259/31 1415/2262/31 1361/2327/4 1444/2189/4 1445/2328/31
f 1445/2328/31 1444/2189/4 1363/2184/4 1410/2257/31 1409/2256/31
f 1433/2329/14 1454/2314/42 1453/2273/15 1430/2272/15
f 1431/2271/13 1452/2274/13 1446/2306/41 1424/2330/41
f 1440/2331/5 1425/2332/38 1447/2296/38 1455/2293/5
f 1428/2333/37 1440/2331/5 1455/2293/5 1451/2292/37
f 1421/2334/26 1448/2288/26 1450/2291/36 1408/2335/36
f 1412/2297/113 1447/2296/38 1446/2306/41 1413/2305/40
f 1400/2317/31 1401/2336/31 1422/2269/31
f 1429/2290/36 1428/2333/37 1451/2292/37 1450/2291/36
f 1420/2320/28 1449/2319/43 1448/2288/26 1421/2334/26
f 1416/2304/39 1452/2274/13 1453/2273/15 1417/2316/15
f 1402/2277/31 1423/2270/31 1422/2269/31 1401/2336/31
f 1461/2337/13 1460/2338/15 1463/2339/45 1462/2340/46
f 1427/2341/26 1449/2342/43 1457/2280/34 1458/2279/26
f 1459/2278/28 1456/2281/35 1463/2339/45 1460/2338/15
f 1449/2343/43 1454/2344/42 1462/2345/46 1463/2339/45 1456/2281/35 1457/2346/34
s 0
f 1433/2347/31 1427/2348/31 1458/2349/31 1459/2350/31 1460/2351/31 1461/2352/31
s 1
f 1454/2353/42 1433/2354/14 1461/2337/13 1462/2340/46
f 1436/2190/3 1444/2189/4 1361/2327/4 1360/2325/114
f 1364/2187/5 1349/2186/5 1352/2246/5 1393/2355/5 1395/2356/5
f 1372/2202/6 1437/2174/6 1370/2206/6 1371/2204/6
f 1370/2206/6 1437/2174/6 1441/2241/6 1368/2208/6
f 1377/2323/5 1442/2244/5 1375/2357/5 1376/2358/5
f 1375/2357/5 1442/2244/5 1350/2359/5 1373/2360/5
f 1438/2191/111 1367/2222/18 1397/2221/18 1396/2224/21 1391/2223/21
f 1347/2176/1 1407/2232/1 1404/2231/1 1355/2177/1
f 1407/2232/1 1347/2176/1 1405/2236/1 1406/2234/1
f 1353/2248/1 1403/2238/1 1405/2236/1 1347/2176/1
f 1426/2289/26 1448/2288/26 1449/2319/43 1427/2361/26
f 1424/2330/41 1446/2306/41 1447/2296/38 1425/2332/38
f 1408/2335/36 1450/2291/36 1451/2292/37 1409/2295/37
f 1464/2362/31 1466/2363/31 1549/2364/31 1547/2365/31
f 1464/2362/31 1475/2366/31 1474/2367/31 1466/2363/31
f 1474/2367/2 1475/2366/2 1477/2368/2 1476/2369/2
f 1481/2370/47 1482/2371/48 1484/2372/48 1485/2373/47
f 1516/2374/5 1515/2375/5 1483/2376/5 1468/2377/5
f 1553/2378/48 1482/2371/48 1481/2370/47 1546/2379/47
f 1548/2380/6 1509/2381/6 1507/2382/6 1475/2366/6 1464/2362/6
f 1481/2370/47 1468/2383/5 1551/2384/5 1546/2379/47
f 1481/2370/47 1485/2373/47 1478/2385/5 1468/2383/5
f 1475/2366/2 1478/2386/2 1485/2387/115 1484/2388/115 1477/2368/2
f 1492/2389/49 1494/2390/50 1491/2391/50 1488/2392/49
f 1494/2390/50 1495/2393/32 1490/2394/32 1491/2391/50
f 1495/2393/32 1496/2395/51 1489/2396/51 1490/2394/32
f 1496/2395/51 1493/2397/52 1487/2398/52 1489/2396/51
f 1502/2399/12 1504/2400/13 1501/2401/13 1498/2402/12
f 1504/2400/13 1505/2403/14 1500/2404/14 1501/2401/13
f 1505/2403/14 1506/2405/15 1499/2406/15 1500/2404/14
f 1506/2405/15 1503/2407/16 1497/2408/16 1499/2406/15
f 1507/2382/53 1509/2381/116 1486/2409/55 1516/2410/55 1513/2411/53
f 1509/2381/116 1548/2380/117 1486/2409/55
f 1510/2412/57 1511/2413/58 1514/2414/58 1483/2415/118 1515/2416/57
f 1511/2413/58 1508/2417/60 1512/2418/60 1514/2414/58
f 1517/2419/25 1519/2420/26 1526/2421/26 1523/2422/25
f 1519/2420/26 1520/2423/27 1525/2424/27 1526/2421/26
f 1520/2423/27 1521/2425/28 1524/2426/28 1525/2424/27
f 1521/2425/28 1518/2427/29 1522/2428/29 1524/2426/28
f 1465/2429/6 1488/2392/6 1491/2391/6 1547/2365/6
f 1487/2398/52 1493/2397/52 1552/2430/31 1550/2431/31
f 1469/2432/101 1492/2389/49 1488/2392/49 1465/2429/30
f 1468/2377/5 1471/2433/5 1552/2434/5 1551/2435/5
f 1473/2436/6 1545/2437/6 1544/2438/6 1472/2439/6
f 1466/2363/31 1472/2439/31 1544/2438/31 1549/2364/31
f 1471/2440/31 1512/2418/60 1508/2417/60 1470/2441/31
f 1478/2386/2 1475/2366/2 1507/2382/53 1513/2411/53
f 1470/2441/6 1508/2417/6 1511/2413/6 1464/2362/6
f 1468/2377/5 1478/2442/5 1513/2443/5 1516/2374/5
f 1476/2369/2 1517/2419/25 1523/2422/25 1474/2367/2
f 1472/2439/6 1522/2428/29 1518/2427/29 1473/2436/6
f 1527/2444/1 1530/2445/1 1529/2446/1 1528/2447/1
f 1531/2448/106 1534/2449/106 1533/2450/106 1532/2451/106
f 1535/2452/106 1538/2453/106 1537/2454/106 1536/2455/106
f 1539/2456/1 1542/2457/1 1541/2458/1 1540/2459/1
f 1431/2271/13 1561/2460/13 1562/2461/15 1430/2272/15
f 1518/2462/1 1521/2463/1 1542/2457/1 1473/2464/1
f 1459/2465/28 1565/2466/62 1566/2467/63 1458/2468/26
f 1497/2469/1 1545/2470/1 1543/2471/1 1499/2472/1
f 1501/2473/1 1500/2474/1 1499/2472/1 1543/2471/1
f 1557/2475/26 1559/2476/36 1429/2290/36 1426/2289/26
f 1560/2477/37 1528/2478/37 1554/2479/5 1564/2480/5
f 1564/2480/5 1554/2479/5 1531/2481/113 1556/2482/38
f 1541/2458/1 1476/2483/1 1477/2484/1 1530/2445/1 1527/2444/1 1540/2459/1
f 1530/2445/1 1477/2484/1 1484/2372/48 1482/2371/48 1529/2446/1
f 1534/2485/101 1480/2486/101 1479/2487/101 1469/2432/101 1465/2429/30 1533/2488/30
f 1561/2460/13 1555/2489/41 1532/2490/119 1535/2491/120
f 1535/2492/120 1532/2493/119 1533/2494/30 1465/2429/30 1467/2495/108 1538/2496/108
f 1467/2495/108 1502/2399/12 1498/2402/12 1537/2497/30 1538/2496/108
f 1501/2473/1 1543/2471/1 1536/2455/1 1537/2454/1 1498/2498/1
f 1563/2499/64 1562/2461/15 1536/2500/15 1543/2501/6
f 1519/2502/1 1517/2503/1 1476/2483/1 1541/2458/1
f 1558/2504/65 1563/2505/64 1543/2506/6 1539/2507/28
f 1545/2437/6 1497/2408/16 1503/2407/16 1544/2438/6
f 1545/2470/1 1473/2464/1 1542/2457/1 1539/2456/1 1543/2471/1
f 1550/2431/6 1470/2441/6 1464/2362/6 1547/2365/6
f 1552/2430/31 1471/2440/31 1470/2441/31 1550/2431/31
f 1549/2364/31 1467/2495/31 1465/2429/31 1547/2365/31
f 1552/2434/5 1493/2508/5 1496/2509/5 1551/2435/5
f 1544/2438/31 1503/2407/31 1506/2405/31 1505/2403/31 1504/2400/31 1502/2399/31 1467/2495/31 1549/2364/31
f 1511/2413/6 1510/2412/6 1548/2380/6 1464/2362/6
f 1551/2384/5 1469/2510/5 1479/2511/121 1546/2379/47
f 1531/2448/1 1554/2512/1 1553/2378/48 1480/2513/48 1534/2449/1
f 1554/2512/1 1528/2447/1 1529/2446/1 1482/2371/48 1553/2378/48
f 1433/2329/14 1430/2272/15 1562/2461/15 1563/2499/64
f 1431/2271/13 1424/2330/41 1555/2489/41 1561/2460/13
f 1440/2331/5 1564/2480/5 1556/2482/38 1425/2332/38
f 1428/2333/37 1560/2477/37 1564/2480/5 1440/2331/5
f 1540/2514/26 1527/2515/36 1559/2476/36 1557/2475/26
f 1531/2481/113 1532/2490/119 1555/2489/41 1556/2482/38
f 1519/2502/1 1541/2458/1 1520/2516/1
f 1429/2290/36 1559/2476/36 1560/2477/37 1428/2333/37
f 1539/2507/28 1540/2514/26 1557/2475/26 1558/2504/65
f 1535/2491/120 1536/2500/15 1562/2461/15 1561/2460/13
f 1521/2463/1 1520/2516/1 1541/2458/1 1542/2457/1
f 1461/2517/13 1567/2518/67 1568/2519/68 1460/2520/15
f 1427/2521/26 1458/2468/26 1566/2467/63 1558/2522/65
f 1459/2465/28 1460/2520/15 1568/2519/68 1565/2466/62
f 1558/2523/65 1566/2524/63 1565/2466/62 1568/2519/68 1567/2525/67 1563/2526/64
f 1563/2527/64 1567/2518/67 1461/2517/13 1433/2528/14
f 1546/2379/47 1479/2511/121 1480/2513/48 1553/2378/48
f 1483/2376/5 1514/2529/5 1512/2530/5 1471/2433/5 1468/2377/5
f 1491/2391/6 1490/2394/6 1489/2396/6 1547/2365/6
f 1489/2396/6 1487/2398/6 1550/2431/6 1547/2365/6
f 1496/2509/5 1495/2531/5 1494/2532/5 1551/2435/5
f 1494/2532/5 1492/2533/5 1469/2534/5 1551/2435/5
f 1548/2380/117 1510/2412/57 1515/2416/57 1516/2410/55 1486/2409/55
f 1466/2363/31 1474/2367/31 1523/2422/31 1526/2421/31
f 1526/2421/31 1525/2424/44 1524/2426/31 1466/2363/31
f 1472/2439/31 1466/2363/31 1524/2426/31 1522/2428/31
f 1426/2289/26 1427/2361/26 1558/2504/65 1557/2475/26
f 1424/2330/41 1425/2332/38 1556/2482/38 1555/2489/41
f 1527/2515/36 1528/2478/37 1560/2477/37 1559/2476/36
f 1569/2535/1 1571/2536/1 1663/2537/1 1661/2538/1
f 1569/2535/1 1580/2539/1 1579/2540/1 1571/2536/1
f 1579/2540/2 1580/2539/2 1582/2541/2 1581/2542/2
f 1586/2543/69 1587/2544/70 1589/2545/70 1590/2546/69
f 1621/2547/6 1620/2548/6 1588/2549/6 1573/2550/6
f 1668/2551/70 1587/2544/70 1586/2543/69 1660/2552/69
f 1662/2553/5 1614/2554/5 1612/2555/5 1580/2539/5 1569/2535/5
f 1586/2543/69 1573/2556/6 1666/2557/6 1660/2552/69
f 1586/2543/69 1590/2546/69 1583/2558/6 1573/2556/6
f 1580/2539/2 1583/2559/2 1590/2560/109 1589/2561/109 1582/2541/2
f 1597/2562/7 1599/2563/8 1596/2564/8 1593/2565/7
f 1599/2563/8 1600/2566/9 1595/2567/9 1596/2564/8
f 1600/2566/9 1601/2568/10 1594/2569/10 1595/2567/9
f 1601/2568/10 1598/2570/11 1592/2571/11 1594/2569/10
f 1607/2572/71 1609/2573/41 1606/2574/41 1603/2575/71
f 1609/2573/41 1610/2576/72 1605/2577/72 1606/2574/41
f 1610/2576/72 1611/2578/38 1604/2579/38 1605/2577/72
f 1611/2578/38 1608/2580/73 1602/2581/73 1604/2579/38
f 1612/2555/17 1614/2554/110 1591/2582/18 1621/2583/18 1618/2584/17
f 1614/2554/110 1662/2553/111 1591/2582/18
f 1615/2585/21 1616/2586/23 1619/2587/23 1588/2588/112 1620/2589/21
f 1616/2586/23 1613/2590/24 1617/2591/24 1619/2587/23
f 1622/2592/74 1624/2593/36 1631/2594/36 1628/2595/74
f 1624/2593/36 1625/2596/75 1630/2597/75 1631/2594/36
f 1625/2596/75 1626/2598/37 1629/2599/37 1630/2597/75
f 1626/2598/37 1623/2600/76 1627/2601/76 1629/2599/37
f 1570/2602/5 1593/2565/5 1596/2564/5 1661/2538/5
f 1592/2571/11 1598/2570/11 1667/2603/1 1665/2604/1
f 1574/2605/108 1597/2562/7 1593/2565/7 1570/2602/30
f 1573/2550/6 1576/2606/6 1667/2607/6 1666/2608/6
f 1578/2609/5 1659/2610/5 1658/2611/5 1577/2612/5
f 1571/2536/1 1577/2612/1 1658/2611/1 1663/2537/1
f 1576/2613/1 1617/2591/24 1613/2590/24 1575/2614/1
f 1583/2559/2 1580/2539/2 1612/2555/17 1618/2584/17
f 1575/2614/5 1613/2590/5 1616/2586/5 1569/2535/5
f 1573/2550/6 1583/2615/6 1618/2616/6 1621/2547/6
f 1581/2542/2 1622/2592/74 1628/2595/74 1579/2540/2
f 1577/2612/5 1627/2601/76 1623/2600/76 1578/2609/5
f 1632/2617/31 1635/2618/31 1634/2619/31 1633/2620/31
f 1636/2621/100 1639/2622/100 1638/2623/100 1637/2624/100
f 1640/2625/100 1643/2626/100 1642/2627/100 1641/2628/100
f 1644/2629/31 1647/2630/31 1646/2631/31 1645/2632/31
f 1655/2633/41 1676/2634/41 1677/2635/38 1654/2636/38
f 1623/2637/31 1626/2638/31 1647/2630/31 1578/2639/31
f 1683/2640/37 1680/2641/77 1681/2642/78 1682/2643/36
f 1602/2644/31 1659/2645/31 1656/2646/31 1604/2647/31
f 1606/2648/31 1605/2649/31 1604/2647/31 1656/2646/31
f 1672/2650/36 1674/2651/26 1653/2652/26 1650/2653/36
f 1675/2654/28 1633/2655/28 1669/2656/6 1679/2657/6
f 1679/2657/6 1669/2656/6 1636/2658/122 1671/2659/15
f 1646/2631/31 1581/2660/31 1582/2661/31 1635/2618/31 1632/2617/31 1645/2632/31
f 1635/2618/31 1582/2661/31 1589/2545/70 1587/2544/70 1634/2619/31
f 1639/2662/108 1585/2663/108 1584/2664/108 1574/2605/108 1570/2602/30 1638/2665/30
f 1676/2634/41 1670/2666/13 1637/2667/123 1640/2668/124
f 1640/2669/124 1637/2670/123 1638/2671/30 1570/2602/30 1572/2672/101 1643/2673/101
f 1572/2672/101 1607/2572/71 1603/2575/71 1642/2674/30 1643/2673/101
f 1606/2648/31 1656/2646/31 1641/2628/31 1642/2627/31 1603/2675/31
f 1678/2676/79 1677/2635/38 1641/2677/38 1656/2678/5
f 1624/2679/31 1622/2680/31 1581/2660/31 1646/2631/31
f 1673/2681/80 1678/2682/79 1656/2683/5 1644/2684/37
f 1659/2610/5 1602/2581/73 1608/2580/73 1658/2611/5
f 1659/2645/31 1578/2639/31 1647/2630/31 1644/2629/31 1656/2646/31
f 1665/2604/5 1575/2614/5 1569/2535/5 1661/2538/5
f 1667/2603/1 1576/2613/1 1575/2614/1 1665/2604/1
f 1663/2537/1 1572/2672/1 1570/2602/1 1661/2538/1
f 1667/2607/6 1598/2685/6 1601/2686/6 1666/2608/6
f 1658/2611/1 1608/2580/1 1611/2578/1 1610/2576/1 1609/2573/1 1607/2572/1 1572/2672/1 1663/2537/1
f 1616/2586/5 1615/2585/5 1662/2553/5 1569/2535/5
f 1666/2557/6 1574/2687/6 1584/2688/125 1660/2552/69
f 1636/2621/31 1669/2689/31 1668/2551/70 1585/2690/70 1639/2622/31
f 1669/2689/31 1633/2620/31 1634/2619/31 1587/2544/70 1668/2551/70
f 1657/2691/72 1654/2636/38 1677/2635/38 1678/2676/79
f 1655/2633/41 1648/2692/13 1670/2666/13 1676/2634/41
f 1664/2693/6 1679/2657/6 1671/2659/15 1649/2694/15
f 1652/2695/28 1675/2654/28 1679/2657/6 1664/2693/6
f 1645/2696/36 1632/2697/26 1674/2651/26 1672/2650/36
f 1636/2658/122 1637/2667/123 1670/2666/13 1671/2659/15
f 1624/2679/31 1646/2631/31 1625/2698/31
f 1653/2652/26 1674/2651/26 1675/2654/28 1652/2695/28
f 1644/2684/37 1645/2696/36 1672/2650/36 1673/2681/80
f 1640/2668/124 1641/2677/38 1677/2635/38 1676/2634/41
f 1626/2638/31 1625/2698/31 1646/2631/31 1647/2630/31
f 1685/2699/41 1686/2700/81 1687/2701/82 1684/2702/38
f 1651/2703/36 1682/2643/36 1681/2642/78 1673/2704/80
f 1683/2640/37 1684/2702/38 1687/2701/82 1680/2641/77
f 1673/2705/80 1681/2706/78 1680/2641/77 1687/2701/82 1686/2707/81 1678/2708/79
s 0
f 1657/2709/31 1685/2710/31 1684/2711/31 1683/2712/31 1682/2713/31 1651/2714/31
s 1
f 1678/2715/79 1686/2700/81 1685/2699/41 1657/2716/72
f 1660/2552/69 1584/2688/125 1585/2690/70 1668/2551/70
f 1588/2549/6 1619/2717/6 1617/2718/6 1576/2606/6 1573/2550/6
f 1596/2564/5 1595/2567/5 1594/2569/5 1661/2538/5
f 1594/2569/5 1592/2571/5 1665/2604/5 1661/2538/5
f 1601/2686/6 1600/2719/6 1599/2720/6 1666/2608/6
f 1599/2720/6 1597/2721/6 1574/2722/6 1666/2608/6
f 1662/2553/111 1615/2585/21 1620/2589/21 1621/2583/18 1591/2582/18
f 1571/2536/1 1579/2540/1 1628/2595/1 1631/2594/1
f 1631/2594/1 1630/2597/61 1629/2599/1 1571/2536/1
f 1577/2612/1 1571/2536/1 1629/2599/1 1627/2601/1
f 1650/2653/36 1651/2723/36 1673/2681/80 1672/2650/36
f 1648/2692/13 1649/2694/15 1671/2659/15 1670/2666/13
f 1632/2697/26 1633/2655/28 1675/2654/28 1674/2651/26
f 1688/2724/31 1771/2725/31 1773/2726/31 1690/2727/31
f 1688/2724/31 1690/2727/31 1698/2728/31 1699/2729/31
f 1698/2728/2 1700/2730/2 1701/2731/2 1699/2729/2
f 1705/2732/83 1709/2733/83 1708/2734/84 1706/2735/84
f 1740/2736/6 1692/2737/6 1707/2738/6 1739/2739/6
f 1777/2740/84 1770/2741/83 1705/2732/83 1706/2735/84
f 1772/2742/5 1688/2724/5 1699/2729/5 1731/2743/5 1733/2744/5
f 1705/2732/83 1770/2741/83 1775/2745/6 1692/2746/6
f 1705/2732/83 1692/2746/6 1702/2747/6 1709/2733/83
f 1699/2729/2 1701/2731/2 1708/2748/115 1709/2749/115 1702/2750/2
f 1716/2751/49 1712/2752/49 1715/2753/50 1718/2754/50
f 1718/2754/50 1715/2753/50 1714/2755/32 1719/2756/32
f 1719/2756/32 1714/2755/32 1713/2757/51 1720/2758/51
f 1720/2758/51 1713/2757/51 1711/2759/52 1717/2760/52
f 1726/2761/71 1722/2762/71 1725/2763/41 1728/2764/41
f 1728/2764/41 1725/2763/41 1724/2765/72 1729/2766/72
f 1729/2766/72 1724/2765/72 1723/2767/38 1730/2768/38
f 1730/2768/38 1723/2767/38 1721/2769/73 1727/2770/73
f 1731/2743/53 1737/2771/53 1740/2772/55 1710/2773/55 1733/2744/116
f 1733/2744/116 1710/2773/55 1772/2742/117
f 1734/2774/57 1739/2775/57 1707/2776/118 1738/2777/58 1735/2778/58
f 1735/2778/58 1738/2777/58 1736/2779/60 1732/2780/60
f 1741/2781/74 1747/2782/74 1750/2783/36 1743/2784/36
f 1743/2784/36 1750/2783/36 1749/2785/75 1744/2786/75
f 1744/2786/75 1749/2785/75 1748/2787/37 1745/2788/37
f 1745/2788/37 1748/2787/37 1746/2789/76 1742/2790/76
f 1689/2791/5 1771/2725/5 1715/2753/5 1712/2752/5
f 1711/2759/52 1774/2792/31 1776/2793/31 1717/2760/52
f 1693/2794/30 1689/2791/30 1712/2752/49 1716/2751/49
f 1692/2737/6 1775/2795/6 1776/2796/6 1695/2797/6
f 1697/2798/5 1696/2799/5 1768/2800/5 1769/2801/5
f 1690/2727/31 1773/2726/31 1768/2800/31 1696/2799/31
f 1695/2802/31 1694/2803/31 1732/2780/60 1736/2779/60
f 1702/2750/2 1737/2771/53 1731/2743/53 1699/2729/2
f 1694/2803/5 1688/2724/5 1735/2778/5 1732/2780/5
f 1692/2737/6 1740/2736/6 1737/2804/6 1702/2805/6
f 1700/2730/2 1698/2728/2 1747/2782/74 1741/2781/74
f 1696/2799/5 1697/2798/5 1742/2790/76 1746/2789/76
f 1751/2806/1 1752/2807/1 1753/2808/1 1754/2809/1
f 1755/2810/106 1756/2811/106 1757/2812/106 1758/2813/106
f 1759/2814/106 1760/2815/106 1761/2816/106 1762/2817/106
f 1763/2818/1 1764/2819/1 1765/2820/1 1766/2821/1
f 1655/2633/41 1654/2636/38 1786/2822/38 1785/2823/41
f 1742/2824/1 1697/2825/1 1766/2821/1 1745/2826/1
f 1683/2827/37 1682/2828/36 1790/2829/85 1789/2830/86
f 1721/2831/1 1723/2832/1 1767/2833/1 1769/2834/1
f 1725/2835/1 1767/2833/1 1723/2832/1 1724/2836/1
f 1781/2837/36 1650/2653/36 1653/2652/26 1783/2838/26
f 1784/2839/28 1788/2840/6 1778/2841/6 1752/2842/28
f 1788/2840/6 1780/2843/15 1755/2844/122 1778/2841/6
f 1765/2820/1 1764/2819/1 1751/2806/1 1754/2809/1 1701/2845/1 1700/2846/1
f 1754/2809/1 1753/2808/1 1706/2735/84 1708/2734/84 1701/2845/1
f 1758/2847/101 1757/2848/30 1689/2791/30 1693/2794/30 1703/2849/101 1704/2850/101
f 1785/2823/41 1759/2851/40 1756/2852/39 1779/2853/13
f 1759/2854/40 1762/2855/108 1691/2856/108 1689/2791/30 1757/2857/30 1756/2858/39
f 1691/2856/108 1762/2855/108 1761/2859/108 1722/2762/71 1726/2761/71
f 1725/2835/1 1722/2860/1 1761/2816/1 1760/2815/1 1767/2833/1
f 1787/2861/87 1767/2862/5 1760/2863/38 1786/2822/38
f 1743/2864/1 1765/2820/1 1700/2846/1 1741/2865/1
f 1782/2866/88 1763/2867/37 1767/2868/5 1787/2869/87
f 1769/2801/5 1768/2800/5 1727/2770/73 1721/2769/73
f 1769/2834/1 1767/2833/1 1763/2818/1 1766/2821/1 1697/2825/1
f 1774/2792/5 1771/2725/5 1688/2724/5 1694/2803/5
f 1776/2793/31 1774/2792/31 1694/2803/31 1695/2802/31
f 1773/2726/31 1771/2725/31 1689/2791/31 1691/2856/31
f 1776/2796/6 1775/2795/6 1720/2870/6 1717/2871/6
f 1768/2800/31 1773/2726/31 1691/2856/31 1726/2761/31 1728/2764/31 1729/2766/31 1730/2768/31 1727/2770/31
f 1735/2778/5 1688/2724/5 1772/2742/5 1734/2774/5
f 1775/2745/6 1770/2741/83 1703/2872/126 1693/2873/6
f 1755/2810/1 1758/2813/1 1704/2874/84 1777/2740/84 1778/2875/1
f 1778/2875/1 1777/2740/84 1706/2735/84 1753/2808/1 1752/2807/1
f 1657/2691/72 1787/2861/87 1786/2822/38 1654/2636/38
f 1655/2633/41 1785/2823/41 1779/2853/13 1648/2692/13
f 1664/2693/6 1649/2694/15 1780/2843/15 1788/2840/6
f 1652/2695/28 1664/2693/6 1788/2840/6 1784/2839/28
f 1764/2876/36 1781/2837/36 1783/2838/26 1751/2877/26
f 1755/2844/122 1780/2843/15 1779/2853/13 1756/2852/39
f 1743/2864/1 1744/2878/1 1765/2820/1
f 1653/2652/26 1652/2695/28 1784/2839/28 1783/2838/26
f 1763/2867/37 1782/2866/88 1781/2837/36 1764/2876/36
f 1759/2851/40 1785/2823/41 1786/2822/38 1760/2863/38
f 1745/2826/1 1766/2821/1 1765/2820/1 1744/2878/1
f 1685/2879/41 1684/2880/38 1792/2881/89 1791/2882/90
f 1651/2883/36 1782/2884/88 1790/2829/85 1682/2828/36
f 1683/2827/37 1789/2830/86 1792/2881/89 1684/2880/38
f 1782/2885/88 1787/2886/87 1791/2887/90 1792/2881/89 1789/2830/86 1790/2888/85
f 1787/2889/87 1657/2890/72 1685/2879/41 1791/2882/90
f 1770/2741/83 1777/2740/84 1704/2874/84 1703/2872/126
f 1707/2738/6 1692/2737/6 1695/2797/6 1736/2891/6 1738/2892/6
f 1715/2753/5 1771/2725/5 1713/2757/5 1714/2755/5
f 1713/2757/5 1771/2725/5 1774/2792/5 1711/2759/5
f 1720/2870/6 1775/2795/6 1718/2893/6 1719/2894/6
f 1718/2893/6 1775/2795/6 1693/2895/6 1716/2896/6
f 1772/2742/117 1710/2773/55 1740/2772/55 1739/2775/57 1734/2774/57
f 1690/2727/31 1750/2783/31 1747/2782/31 1698/2728/31
f 1750/2783/31 1690/2727/31 1748/2787/31 1749/2785/31
f 1696/2799/31 1746/2789/31 1748/2787/31 1690/2727/31
f 1650/2653/36 1781/2837/36 1782/2866/88 1651/2723/36
f 1648/2692/13 1779/2853/13 1780/2843/15 1649/2694/15
f 1751/2877/26 1783/2838/26 1784/2839/28 1752/2842/28
