# Blender 4.5.5 LTS
# www.blender.org
o V_BlueLZ
v 0.300000 -0.161000 -0.060000
v 0.300000 -0.161000 -0.047000
v 0.300000 -0.161000 0.031000
v 0.300000 -0.161000 0.034000
v 0.300000 -0.161000 0.056000
v 0.300000 -0.164000 0.056000
v 0.300000 -0.164000 0.034000
v 0.300000 -0.164000 0.031000
v 0.300000 -0.164000 -0.047000
v 0.300000 -0.164000 -0.060000
v 0.300000 -0.118000 -0.060000
v 0.300000 -0.118000 -0.047000
v 0.300000 -0.118000 0.031000
v 0.300000 -0.118000 0.034000
v 0.300000 -0.118000 0.056000
v 0.300000 -0.115000 -0.060000
v 0.300000 -0.115000 -0.047000
v 0.300000 -0.115000 0.031000
v 0.300000 -0.115000 0.034000
v 0.300000 -0.115000 0.056000
v 0.300000 -0.065000 -0.060000
v 0.300000 -0.065000 -0.047000
v 0.300000 -0.065000 0.031000
v 0.300000 -0.065000 0.034000
v 0.300000 -0.065000 0.056000
v 0.300000 -0.062000 -0.060000
v 0.300000 -0.062000 -0.047000
v 0.299000 -0.061000 0.031000
v 0.300000 -0.062000 0.034000
v 0.300000 -0.062000 0.056000
v 0.300000 -0.022000 -0.060000
v 0.300000 -0.022000 -0.047000
v 0.299000 -0.023000 0.031000
v 0.300000 -0.022000 0.034000
v 0.300000 -0.022000 0.056000
v 0.300000 -0.019000 -0.060000
v 0.300000 -0.019000 -0.047000
v 0.299000 -0.018000 0.031000
v 0.300000 -0.019000 0.034000
v 0.300000 -0.019000 0.056000
v 0.300000 -0.062000 0.045000
v 0.300000 -0.022000 0.045000
v 0.300000 -0.019000 0.045000
v 0.271000 -0.200000 -0.060000
v 0.271000 -0.200000 -0.047000
v 0.271000 -0.200000 0.031000
v 0.271000 -0.200000 0.034000
v 0.271000 -0.200000 0.056000
v 0.268000 -0.200000 -0.060000
v 0.268000 -0.200000 -0.047000
v 0.268000 -0.200000 0.031000
v 0.268000 -0.200000 0.034000
v 0.268000 -0.200000 0.056000
v 0.118000 -0.200000 -0.060000
v 0.118000 -0.200000 -0.047000
v 0.118000 -0.200000 0.031000
v 0.118000 -0.200000 0.034000
v 0.118000 -0.200000 0.056000
v 0.115000 -0.200000 -0.060000
v 0.115000 -0.200000 -0.047000
v 0.115000 -0.200000 0.031000
v 0.115000 -0.200000 0.034000
v 0.115000 -0.200000 0.056000
v 0.194500 -0.200000 -0.060000
v 0.194500 -0.200000 0.034000
v 0.194500 -0.200000 0.056000
v 0.191500 -0.200000 -0.060000
v 0.191500 -0.200000 0.034000
v 0.191500 -0.200000 0.056000
v 0.300000 0.000000 -0.060000
v 0.300000 0.000000 -0.047000
v 0.299000 0.000000 0.031000
v 0.300000 0.000000 0.034000
v 0.300000 0.000000 0.045000
v 0.000000 -0.200000 -0.060000
v 0.000000 -0.200000 -0.047000
v 0.000000 -0.200000 0.031000
v 0.000000 -0.200000 0.034000
v 0.000000 -0.200000 0.056000
v 0.300000 0.000000 0.056000
v 0.271000 -0.186000 -0.047000
v 0.271000 -0.186000 0.031000
v 0.271000 -0.186000 0.034000
v 0.271000 -0.186000 0.056000
v 0.268000 -0.186000 0.056000
v 0.268000 -0.186000 0.034000
v 0.268000 -0.186000 0.031000
v 0.268000 -0.186000 -0.047000
v 0.191500 -0.186000 0.034000
v 0.118000 -0.186000 0.034000
v 0.191500 -0.186000 0.056000
v 0.118000 -0.186000 0.056000
v 0.118000 -0.186000 0.031000
v 0.118000 -0.186000 -0.047000
v 0.115000 -0.186000 0.031000
v 0.115000 -0.186000 -0.047000
v 0.115000 -0.186000 0.056000
v 0.115000 -0.186000 0.034000
v 0.194500 -0.186000 0.034000
v 0.194500 -0.186000 0.056000
v 0.000000 -0.186000 -0.047000
v 0.000000 -0.186000 0.031000
v 0.000000 -0.186000 0.034000
v 0.000000 -0.186000 0.056000
v 0.286000 -0.118000 -0.047000
v 0.286000 -0.161000 -0.047000
v 0.286000 -0.118000 0.031000
v 0.286000 -0.161000 0.031000
v 0.286000 -0.118000 0.034000
v 0.286000 -0.161000 0.034000
v 0.286000 -0.118000 0.056000
v 0.286000 -0.161000 0.056000
v 0.286000 -0.164000 -0.047000
v 0.286000 -0.164000 0.031000
v 0.286000 -0.164000 0.034000
v 0.286000 -0.065000 -0.047000
v 0.286000 -0.115000 -0.047000
v 0.286000 -0.065000 0.031000
v 0.286000 -0.115000 0.031000
v 0.286000 -0.065000 0.034000
v 0.286000 -0.115000 0.034000
v 0.286000 -0.065000 0.056000
v 0.286000 -0.115000 0.056000
v 0.286000 -0.022000 -0.047000
v 0.286000 -0.062000 -0.047000
v 0.287000 -0.023000 0.031000
v 0.287000 -0.061000 0.031000
v 0.286000 -0.022000 0.056000
v 0.286000 -0.062000 0.056000
v 0.286000 0.000000 -0.047000
v 0.286000 -0.019000 -0.047000
v 0.287000 0.000000 0.031000
v 0.287000 -0.018000 0.031000
v 0.286000 -0.164000 0.056000
v 0.286000 -0.062000 0.045000
v 0.286000 -0.022000 0.045000
v 0.286000 -0.019000 0.056000
v 0.286000 -0.019000 0.045000
v 0.286000 0.000000 0.045000
v 0.286000 0.000000 0.056000
v 0.275927 -0.200000 -0.060000
v 0.300000 -0.175927 -0.060000
v 0.279693 -0.199704 -0.060000
v 0.283366 -0.198822 -0.060000
v 0.286856 -0.197376 -0.060000
v 0.290077 -0.195403 -0.060000
v 0.292949 -0.192949 -0.060000
v 0.295403 -0.190077 -0.060000
v 0.297376 -0.186856 -0.060000
v 0.298822 -0.183366 -0.060000
v 0.299704 -0.179693 -0.060000
v 0.300000 -0.175927 -0.047000
v 0.275927 -0.200000 -0.047000
v 0.299704 -0.179693 -0.047000
v 0.298822 -0.183366 -0.047000
v 0.297376 -0.186856 -0.047000
v 0.295403 -0.190077 -0.047000
v 0.292949 -0.192949 -0.047000
v 0.290077 -0.195403 -0.047000
v 0.286856 -0.197376 -0.047000
v 0.283366 -0.198822 -0.047000
v 0.279693 -0.199704 -0.047000
v 0.300000 -0.175927 0.031000
v 0.275927 -0.200000 0.031000
v 0.299704 -0.179693 0.031000
v 0.298822 -0.183366 0.031000
v 0.297376 -0.186856 0.031000
v 0.295403 -0.190077 0.031000
v 0.292949 -0.192949 0.031000
v 0.290077 -0.195403 0.031000
v 0.286856 -0.197376 0.031000
v 0.283366 -0.198822 0.031000
v 0.279693 -0.199704 0.031000
v 0.300000 -0.175927 0.034000
v 0.275927 -0.200000 0.034000
v 0.299704 -0.179693 0.034000
v 0.298822 -0.183366 0.034000
v 0.297376 -0.186856 0.034000
v 0.295403 -0.190077 0.034000
v 0.292949 -0.192949 0.034000
v 0.290077 -0.195403 0.034000
v 0.286856 -0.197376 0.034000
v 0.283366 -0.198822 0.034000
v 0.279693 -0.199704 0.034000
v 0.275927 -0.200000 0.056000
v 0.300000 -0.175927 0.056000
v 0.279693 -0.199704 0.056000
v 0.283366 -0.198822 0.056000
v 0.286856 -0.197376 0.056000
v 0.290077 -0.195403 0.056000
v 0.292949 -0.192949 0.056000
v 0.295403 -0.190077 0.056000
v 0.297376 -0.186856 0.056000
v 0.298822 -0.183366 0.056000
v 0.299704 -0.179693 0.056000
v 0.286000 -0.183128 -0.047000
v 0.283547 -0.186000 -0.047000
v 0.286000 -0.183128 0.031000
v 0.283547 -0.186000 0.031000
v 0.286000 -0.183128 0.034000
v 0.283547 -0.186000 0.034000
v 0.283547 -0.186000 0.056000
v 0.286000 -0.183128 0.056000
v 0.285000 -0.161000 0.060000
v 0.285000 -0.164000 0.060000
v 0.285000 -0.118000 0.060000
v 0.285000 -0.115000 0.060000
v 0.285000 -0.065000 0.060000
v 0.285000 -0.062000 0.060000
v 0.285000 -0.022000 0.060000
v 0.285000 -0.019000 0.060000
v 0.271000 -0.185000 0.060000
v 0.268000 -0.185000 0.060000
v 0.118000 -0.185000 0.060000
v 0.115000 -0.185000 0.060000
v 0.194500 -0.185000 0.060000
v 0.191500 -0.185000 0.060000
v 0.000000 -0.185000 0.060000
v 0.285000 0.000000 0.060000
v 0.275338 -0.185000 0.060000
v 0.285000 -0.175338 0.060000
v 0.277339 -0.184842 0.060000
v 0.278717 -0.184512 0.060000
v 0.280025 -0.183970 0.060000
v 0.281233 -0.183230 0.060000
v 0.282310 -0.182310 0.060000
v 0.283230 -0.181233 0.060000
v 0.283970 -0.180025 0.060000
v 0.284512 -0.178717 0.060000
v 0.284842 -0.177339 0.060000
v -0.300000 -0.161000 -0.060000
v -0.300000 -0.161000 -0.047000
v -0.300000 -0.161000 0.031000
v -0.300000 -0.161000 0.034000
v -0.300000 -0.161000 0.056000
v -0.300000 -0.164000 0.056000
v -0.300000 -0.164000 0.034000
v -0.300000 -0.164000 0.031000
v -0.300000 -0.164000 -0.047000
v -0.300000 -0.164000 -0.060000
v -0.300000 -0.118000 -0.060000
v -0.300000 -0.118000 -0.047000
v -0.300000 -0.118000 0.031000
v -0.300000 -0.118000 0.034000
v -0.300000 -0.118000 0.056000
v -0.300000 -0.115000 -0.060000
v -0.300000 -0.115000 -0.047000
v -0.300000 -0.115000 0.031000
v -0.300000 -0.115000 0.034000
v -0.300000 -0.115000 0.056000
v -0.300000 -0.065000 -0.060000
v -0.300000 -0.065000 -0.047000
v -0.300000 -0.065000 0.031000
v -0.300000 -0.065000 0.034000
v -0.300000 -0.065000 0.056000
v -0.300000 -0.062000 -0.060000
v -0.300000 -0.062000 -0.047000
v -0.299000 -0.061000 0.031000
v -0.300000 -0.062000 0.034000
v -0.300000 -0.062000 0.056000
v -0.300000 -0.022000 -0.060000
v -0.300000 -0.022000 -0.047000
v -0.299000 -0.023000 0.031000
v -0.300000 -0.022000 0.034000
v -0.300000 -0.022000 0.056000
v -0.300000 -0.019000 -0.060000
v -0.300000 -0.019000 -0.047000
v -0.299000 -0.018000 0.031000
v -0.300000 -0.019000 0.034000
v -0.300000 -0.019000 0.056000
v -0.300000 -0.062000 0.045000
v -0.300000 -0.022000 0.045000
v -0.300000 -0.019000 0.045000
v -0.271000 -0.200000 -0.060000
v -0.271000 -0.200000 -0.047000
v -0.271000 -0.200000 0.031000
v -0.271000 -0.200000 0.034000
v -0.271000 -0.200000 0.056000
v -0.268000 -0.200000 -0.060000
v -0.268000 -0.200000 -0.047000
v -0.268000 -0.200000 0.031000
v -0.268000 -0.200000 0.034000
v -0.268000 -0.200000 0.056000
v -0.118000 -0.200000 -0.060000
v -0.118000 -0.200000 -0.047000
v -0.118000 -0.200000 0.031000
v -0.118000 -0.200000 0.034000
v -0.118000 -0.200000 0.056000
v -0.115000 -0.200000 -0.060000
v -0.115000 -0.200000 -0.047000
v -0.115000 -0.200000 0.031000
v -0.115000 -0.200000 0.034000
v -0.115000 -0.200000 0.056000
v -0.194500 -0.200000 -0.060000
v -0.194500 -0.200000 0.034000
v -0.194500 -0.200000 0.056000
v -0.191500 -0.200000 -0.060000
v -0.191500 -0.200000 0.034000
v -0.191500 -0.200000 0.056000
v -0.300000 0.000000 -0.060000
v -0.300000 0.000000 -0.047000
v -0.299000 0.000000 0.031000
v -0.300000 0.000000 0.034000
v -0.300000 0.000000 0.045000
v -0.300000 0.000000 0.056000
v -0.271000 -0.186000 -0.047000
v -0.271000 -0.186000 0.031000
v -0.271000 -0.186000 0.034000
v -0.271000 -0.186000 0.056000
v -0.268000 -0.186000 0.056000
v -0.268000 -0.186000 0.034000
v -0.268000 -0.186000 0.031000
v -0.268000 -0.186000 -0.047000
v -0.191500 -0.186000 0.034000
v -0.118000 -0.186000 0.034000
v -0.191500 -0.186000 0.056000
v -0.118000 -0.186000 0.056000
v -0.118000 -0.186000 0.031000
v -0.118000 -0.186000 -0.047000
v -0.115000 -0.186000 0.031000
v -0.115000 -0.186000 -0.047000
v -0.115000 -0.186000 0.056000
v -0.115000 -0.186000 0.034000
v -0.194500 -0.186000 0.034000
v -0.194500 -0.186000 0.056000
v -0.286000 -0.118000 -0.047000
v -0.286000 -0.161000 -0.047000
v -0.286000 -0.118000 0.031000
v -0.286000 -0.161000 0.031000
v -0.286000 -0.118000 0.034000
v -0.286000 -0.161000 0.034000
v -0.286000 -0.118000 0.056000
v -0.286000 -0.161000 0.056000
v -0.286000 -0.164000 -0.047000
v -0.286000 -0.164000 0.031000
v -0.286000 -0.164000 0.034000
v -0.286000 -0.065000 -0.047000
v -0.286000 -0.115000 -0.047000
v -0.286000 -0.065000 0.031000
v -0.286000 -0.115000 0.031000
v -0.286000 -0.065000 0.034000
v -0.286000 -0.115000 0.034000
v -0.286000 -0.065000 0.056000
v -0.286000 -0.115000 0.056000
v -0.286000 -0.022000 -0.047000
v -0.286000 -0.062000 -0.047000
v -0.287000 -0.023000 0.031000
v -0.287000 -0.061000 0.031000
v -0.286000 -0.022000 0.056000
v -0.286000 -0.062000 0.056000
v -0.286000 0.000000 -0.047000
v -0.286000 -0.019000 -0.047000
v -0.287000 0.000000 0.031000
v -0.287000 -0.018000 0.031000
v -0.286000 -0.164000 0.056000
v -0.286000 -0.062000 0.045000
v -0.286000 -0.022000 0.045000
v -0.286000 -0.019000 0.056000
v -0.286000 -0.019000 0.045000
v -0.286000 0.000000 0.045000
v -0.286000 0.000000 0.056000
v -0.275927 -0.200000 -0.060000
v -0.300000 -0.175927 -0.060000
v -0.279693 -0.199704 -0.060000
v -0.283366 -0.198822 -0.060000
v -0.286856 -0.197376 -0.060000
v -0.290077 -0.195403 -0.060000
v -0.292949 -0.192949 -0.060000
v -0.295403 -0.190077 -0.060000
v -0.297376 -0.186856 -0.060000
v -0.298822 -0.183366 -0.060000
v -0.299704 -0.179693 -0.060000
v -0.300000 -0.175927 -0.047000
v -0.275927 -0.200000 -0.047000
v -0.299704 -0.179693 -0.047000
v -0.298822 -0.183366 -0.047000
v -0.297376 -0.186856 -0.047000
v -0.295403 -0.190077 -0.047000
v -0.292949 -0.192949 -0.047000
v -0.290077 -0.195403 -0.047000
v -0.286856 -0.197376 -0.047000
v -0.283366 -0.198822 -0.047000
v -0.279693 -0.199704 -0.047000
v -0.300000 -0.175927 0.031000
v -0.275927 -0.200000 0.031000
v -0.299704 -0.179693 0.031000
v -0.298822 -0.183366 0.031000
v -0.297376 -0.186856 0.031000
v -0.295403 -0.190077 0.031000
v -0.292949 -0.192949 0.031000
v -0.290077 -0.195403 0.031000
v -0.286856 -0.197376 0.031000
v -0.283366 -0.198822 0.031000
v -0.279693 -0.199704 0.031000
v -0.300000 -0.175927 0.034000
v -0.275927 -0.200000 0.034000
v -0.299704 -0.179693 0.034000
v -0.298822 -0.183366 0.034000
v -0.297376 -0.186856 0.034000
v -0.295403 -0.190077 0.034000
v -0.292949 -0.192949 0.034000
v -0.290077 -0.195403 0.034000
v -0.286856 -0.197376 0.034000
v -0.283366 -0.198822 0.034000
v -0.279693 -0.199704 0.034000
v -0.275927 -0.200000 0.056000
v -0.300000 -0.175927 0.056000
v -0.279693 -0.199704 0.056000
v -0.283366 -0.198822 0.056000
v -0.286856 -0.197376 0.056000
v -0.290077 -0.195403 0.056000
v -0.292949 -0.192949 0.056000
v -0.295403 -0.190077 0.056000
v -0.297376 -0.186856 0.056000
v -0.298822 -0.183366 0.056000
v -0.299704 -0.179693 0.056000
v -0.286000 -0.183128 -0.047000
v -0.283547 -0.186000 -0.047000
v -0.286000 -0.183128 0.031000
v -0.283547 -0.186000 0.031000
v -0.286000 -0.183128 0.034000
v -0.283547 -0.186000 0.034000
v -0.283547 -0.186000 0.056000
v -0.286000 -0.183128 0.056000
v -0.285000 -0.161000 0.060000
v -0.285000 -0.164000 0.060000
v -0.285000 -0.118000 0.060000
v -0.285000 -0.115000 0.060000
v -0.285000 -0.065000 0.060000
v -0.285000 -0.062000 0.060000
v -0.285000 -0.022000 0.060000
v -0.285000 -0.019000 0.060000
v -0.271000 -0.185000 0.060000
v -0.268000 -0.185000 0.060000
v -0.118000 -0.185000 0.060000
v -0.115000 -0.185000 0.060000
v -0.194500 -0.185000 0.060000
v -0.191500 -0.185000 0.060000
v -0.285000 0.000000 0.060000
v -0.275338 -0.185000 0.060000
v -0.285000 -0.175338 0.060000
v -0.277339 -0.184842 0.060000
v -0.278717 -0.184512 0.060000
v -0.280025 -0.183970 0.060000
v -0.281233 -0.183230 0.060000
v -0.282310 -0.182310 0.060000
v -0.283230 -0.181233 0.060000
v -0.283970 -0.180025 0.060000
v -0.284512 -0.178717 0.060000
v -0.284842 -0.177339 0.060000
v 0.300000 0.161000 -0.060000
v 0.300000 0.161000 -0.047000
v 0.300000 0.161000 0.031000
v 0.300000 0.161000 0.034000
v 0.300000 0.161000 0.056000
v 0.300000 0.164000 0.056000
v 0.300000 0.164000 0.034000
v 0.300000 0.164000 0.031000
v 0.300000 0.164000 -0.047000
v 0.300000 0.164000 -0.060000
v 0.300000 0.118000 -0.060000
v 0.300000 0.118000 -0.047000
v 0.300000 0.118000 0.031000
v 0.300000 0.118000 0.034000
v 0.300000 0.118000 0.056000
v 0.300000 0.115000 -0.060000
v 0.300000 0.115000 -0.047000
v 0.300000 0.115000 0.031000
v 0.300000 0.115000 0.034000
v 0.300000 0.115000 0.056000
v 0.300000 0.065000 -0.060000
v 0.300000 0.065000 -0.047000
v 0.300000 0.065000 0.031000
v 0.300000 0.065000 0.034000
v 0.300000 0.065000 0.056000
v 0.300000 0.062000 -0.060000
v 0.300000 0.062000 -0.047000
v 0.299000 0.061000 0.031000
v 0.300000 0.062000 0.034000
v 0.300000 0.062000 0.056000
v 0.300000 0.022000 -0.060000
v 0.300000 0.022000 -0.047000
v 0.299000 0.023000 0.031000
v 0.300000 0.022000 0.034000
v 0.300000 0.022000 0.056000
v 0.300000 0.019000 -0.060000
v 0.300000 0.019000 -0.047000
v 0.299000 0.018000 0.031000
v 0.300000 0.019000 0.034000
v 0.300000 0.019000 0.056000
v 0.300000 0.062000 0.045000
v 0.300000 0.022000 0.045000
v 0.300000 0.019000 0.045000
v 0.271000 0.200000 -0.060000
v 0.271000 0.200000 -0.047000
v 0.271000 0.200000 0.031000
v 0.271000 0.200000 0.034000
v 0.271000 0.200000 0.056000
v 0.268000 0.200000 -0.060000
v 0.268000 0.200000 -0.047000
v 0.268000 0.200000 0.031000
v 0.268000 0.200000 0.034000
v 0.268000 0.200000 0.056000
v 0.118000 0.200000 -0.060000
v 0.118000 0.200000 -0.047000
v 0.118000 0.200000 0.031000
v 0.118000 0.200000 0.034000
v 0.118000 0.200000 0.056000
v 0.115000 0.200000 -0.060000
v 0.115000 0.200000 -0.047000
v 0.115000 0.200000 0.031000
v 0.115000 0.200000 0.034000
v 0.115000 0.200000 0.056000
v 0.194500 0.200000 -0.060000
v 0.194500 0.200000 0.034000
v 0.194500 0.200000 0.056000
v 0.191500 0.200000 -0.060000
v 0.191500 0.200000 0.034000
v 0.191500 0.200000 0.056000
v 0.000000 0.200000 -0.060000
v 0.000000 0.200000 -0.047000
v 0.000000 0.200000 0.031000
v 0.000000 0.200000 0.034000
v 0.000000 0.200000 0.056000
v 0.271000 0.186000 -0.047000
v 0.271000 0.186000 0.031000
v 0.271000 0.186000 0.034000
v 0.271000 0.186000 0.056000
v 0.268000 0.186000 0.056000
v 0.268000 0.186000 0.034000
v 0.268000 0.186000 0.031000
v 0.268000 0.186000 -0.047000
v 0.191500 0.186000 0.034000
v 0.118000 0.186000 0.034000
v 0.191500 0.186000 0.056000
v 0.118000 0.186000 0.056000
v 0.118000 0.186000 0.031000
v 0.118000 0.186000 -0.047000
v 0.115000 0.186000 0.031000
v 0.115000 0.186000 -0.047000
v 0.115000 0.186000 0.056000
v 0.115000 0.186000 0.034000
v 0.194500 0.186000 0.034000
v 0.194500 0.186000 0.056000
v 0.000000 0.186000 -0.047000
v 0.000000 0.186000 0.031000
v 0.000000 0.186000 0.034000
v 0.000000 0.186000 0.056000
v 0.286000 0.118000 -0.047000
v 0.286000 0.161000 -0.047000
v 0.286000 0.118000 0.031000
v 0.286000 0.161000 0.031000
v 0.286000 0.118000 0.034000
v 0.286000 0.161000 0.034000
v 0.286000 0.118000 0.056000
v 0.286000 0.161000 0.056000
v 0.286000 0.164000 -0.047000
v 0.286000 0.164000 0.031000
v 0.286000 0.164000 0.034000
v 0.286000 0.065000 -0.047000
v 0.286000 0.115000 -0.047000
v 0.286000 0.065000 0.031000
v 0.286000 0.115000 0.031000
v 0.286000 0.065000 0.034000
v 0.286000 0.115000 0.034000
v 0.286000 0.065000 0.056000
v 0.286000 0.115000 0.056000
v 0.286000 0.022000 -0.047000
v 0.286000 0.062000 -0.047000
v 0.287000 0.023000 0.031000
v 0.287000 0.061000 0.031000
v 0.286000 0.022000 0.056000
v 0.286000 0.062000 0.056000
v 0.286000 0.019000 -0.047000
v 0.287000 0.018000 0.031000
v 0.286000 0.164000 0.056000
v 0.286000 0.062000 0.045000
v 0.286000 0.022000 0.045000
v 0.286000 0.019000 0.056000
v 0.286000 0.019000 0.045000
v 0.275927 0.200000 -0.060000
v 0.300000 0.175927 -0.060000
v 0.279693 0.199704 -0.060000
v 0.283366 0.198822 -0.060000
v 0.286856 0.197376 -0.060000
v 0.290077 0.195403 -0.060000
v 0.292949 0.192949 -0.060000
v 0.295403 0.190077 -0.060000
v 0.297376 0.186856 -0.060000
v 0.298822 0.183366 -0.060000
v 0.299704 0.179693 -0.060000
v 0.300000 0.175927 -0.047000
v 0.275927 0.200000 -0.047000
v 0.299704 0.179693 -0.047000
v 0.298822 0.183366 -0.047000
v 0.297376 0.186856 -0.047000
v 0.295403 0.190077 -0.047000
v 0.292949 0.192949 -0.047000
v 0.290077 0.195403 -0.047000
v 0.286856 0.197376 -0.047000
v 0.283366 0.198822 -0.047000
v 0.279693 0.199704 -0.047000
v 0.300000 0.175927 0.031000
v 0.275927 0.200000 0.031000
v 0.299704 0.179693 0.031000
v 0.298822 0.183366 0.031000
v 0.297376 0.186856 0.031000
v 0.295403 0.190077 0.031000
v 0.292949 0.192949 0.031000
v 0.290077 0.195403 0.031000
v 0.286856 0.197376 0.031000
v 0.283366 0.198822 0.031000
v 0.279693 0.199704 0.031000
v 0.300000 0.175927 0.034000
v 0.275927 0.200000 0.034000
v 0.299704 0.179693 0.034000
v 0.298822 0.183366 0.034000
v 0.297376 0.186856 0.034000
v 0.295403 0.190077 0.034000
v 0.292949 0.192949 0.034000
v 0.290077 0.195403 0.034000
v 0.286856 0.197376 0.034000
v 0.283366 0.198822 0.034000
v 0.279693 0.199704 0.034000
v 0.275927 0.200000 0.056000
v 0.300000 0.175927 0.056000
v 0.279693 0.199704 0.056000
v 0.283366 0.198822 0.056000
v 0.286856 0.197376 0.056000
v 0.290077 0.195403 0.056000
v 0.292949 0.192949 0.056000
v 0.295403 0.190077 0.056000
v 0.297376 0.186856 0.056000
v 0.298822 0.183366 0.056000
v 0.299704 0.179693 0.056000
v 0.286000 0.183128 -0.047000
v 0.283547 0.186000 -0.047000
v 0.286000 0.183128 0.031000
v 0.283547 0.186000 0.031000
v 0.286000 0.183128 0.034000
v 0.283547 0.186000 0.034000
v 0.283547 0.186000 0.056000
v 0.286000 0.183128 0.056000
v 0.285000 0.161000 0.060000
v 0.285000 0.164000 0.060000
v 0.285000 0.118000 0.060000
v 0.285000 0.115000 0.060000
v 0.285000 0.065000 0.060000
v 0.285000 0.062000 0.060000
v 0.285000 0.022000 0.060000
v 0.285000 0.019000 0.060000
v 0.271000 0.185000 0.060000
v 0.268000 0.185000 0.060000
v 0.118000 0.185000 0.060000
v 0.115000 0.185000 0.060000
v 0.194500 0.185000 0.060000
v 0.191500 0.185000 0.060000
v 0.000000 0.185000 0.060000
v 0.275338 0.185000 0.060000
v 0.285000 0.175338 0.060000
v 0.277339 0.184842 0.060000
v 0.278717 0.184512 0.060000
v 0.280025 0.183970 0.060000
v 0.281233 0.183230 0.060000
v 0.282310 0.182310 0.060000
v 0.283230 0.181233 0.060000
v 0.283970 0.180025 0.060000
v 0.284512 0.178717 0.060000
v 0.284842 0.177339 0.060000
v -0.300000 0.161000 -0.060000
v -0.300000 0.161000 -0.047000
v -0.300000 0.161000 0.031000
v -0.300000 0.161000 0.034000
v -0.300000 0.161000 0.056000
v -0.300000 0.164000 0.056000
v -0.300000 0.164000 0.034000
v -0.300000 0.164000 0.031000
v -0.300000 0.164000 -0.047000
v -0.300000 0.164000 -0.060000
v -0.300000 0.118000 -0.060000
v -0.300000 0.118000 -0.047000
v -0.300000 0.118000 0.031000
v -0.300000 0.118000 0.034000
v -0.300000 0.118000 0.056000
v -0.300000 0.115000 -0.060000
v -0.300000 0.115000 -0.047000
v -0.300000 0.115000 0.031000
v -0.300000 0.115000 0.034000
v -0.300000 0.115000 0.056000
v -0.300000 0.065000 -0.060000
v -0.300000 0.065000 -0.047000
v -0.300000 0.065000 0.031000
v -0.300000 0.065000 0.034000
v -0.300000 0.065000 0.056000
v -0.300000 0.062000 -0.060000
v -0.300000 0.062000 -0.047000
v -0.299000 0.061000 0.031000
v -0.300000 0.062000 0.034000
v -0.300000 0.062000 0.056000
v -0.300000 0.022000 -0.060000
v -0.300000 0.022000 -0.047000
v -0.299000 0.023000 0.031000
v -0.300000 0.022000 0.034000
v -0.300000 0.022000 0.056000
v -0.300000 0.019000 -0.060000
v -0.300000 0.019000 -0.047000
v -0.299000 0.018000 0.031000
v -0.300000 0.019000 0.034000
v -0.300000 0.019000 0.056000
v -0.300000 0.062000 0.045000
v -0.300000 0.022000 0.045000
v -0.300000 0.019000 0.045000
v -0.271000 0.200000 -0.060000
v -0.271000 0.200000 -0.047000
v -0.271000 0.200000 0.031000
v -0.271000 0.200000 0.034000
v -0.271000 0.200000 0.056000
v -0.268000 0.200000 -0.060000
v -0.268000 0.200000 -0.047000
v -0.268000 0.200000 0.031000
v -0.268000 0.200000 0.034000
v -0.268000 0.200000 0.056000
v -0.118000 0.200000 -0.060000
v -0.118000 0.200000 -0.047000
v -0.118000 0.200000 0.031000
v -0.118000 0.200000 0.034000
v -0.118000 0.200000 0.056000
v -0.115000 0.200000 -0.060000
v -0.115000 0.200000 -0.047000
v -0.115000 0.200000 0.031000
v -0.115000 0.200000 0.034000
v -0.115000 0.200000 0.056000
v -0.194500 0.200000 -0.060000
v -0.194500 0.200000 0.034000
v -0.194500 0.200000 0.056000
v -0.191500 0.200000 -0.060000
v -0.191500 0.200000 0.034000
v -0.191500 0.200000 0.056000
v -0.271000 0.186000 -0.047000
v -0.271000 0.186000 0.031000
v -0.271000 0.186000 0.034000
v -0.271000 0.186000 0.056000
v -0.268000 0.186000 0.056000
v -0.268000 0.186000 0.034000
v -0.268000 0.186000 0.031000
v -0.268000 0.186000 -0.047000
v -0.191500 0.186000 0.034000
v -0.118000 0.186000 0.034000
v -0.191500 0.186000 0.056000
v -0.118000 0.186000 0.056000
v -0.118000 0.186000 0.031000
v -0.118000 0.186000 -0.047000
v -0.115000 0.186000 0.031000
v -0.115000 0.186000 -0.047000
v -0.115000 0.186000 0.056000
v -0.115000 0.186000 0.034000
v -0.194500 0.186000 0.034000
v -0.194500 0.186000 0.056000
v -0.286000 0.118000 -0.047000
v -0.286000 0.161000 -0.047000
v -0.286000 0.118000 0.031000
v -0.286000 0.161000 0.031000
v -0.286000 0.118000 0.034000
v -0.286000 0.161000 0.034000
v -0.286000 0.118000 0.056000
v -0.286000 0.161000 0.056000
v -0.286000 0.164000 -0.047000
v -0.286000 0.164000 0.031000
v -0.286000 0.164000 0.034000
v -0.286000 0.065000 -0.047000
v -0.286000 0.115000 -0.047000
v -0.286000 0.065000 0.031000
v -0.286000 0.115000 0.031000
v -0.286000 0.065000 0.034000
v -0.286000 0.115000 0.034000
v -0.286000 0.065000 0.056000
v -0.286000 0.115000 0.056000
v -0.286000 0.022000 -0.047000
v -0.286000 0.062000 -0.047000
v -0.287000 0.023000 0.031000
v -0.287000 0.061000 0.031000
v -0.286000 0.022000 0.056000
v -0.286000 0.062000 0.056000
v -0.286000 0.019000 -0.047000
v -0.287000 0.018000 0.031000
v -0.286000 0.164000 0.056000
v -0.286000 0.062000 0.045000
v -0.286000 0.022000 0.045000
v -0.286000 0.019000 0.056000
v -0.286000 0.019000 0.045000
v -0.275927 0.200000 -0.060000
v -0.300000 0.175927 -0.060000
v -0.279693 0.199704 -0.060000
v -0.283366 0.198822 -0.060000
v -0.286856 0.197376 -0.060000
v -0.290077 0.195403 -0.060000
v -0.292949 0.192949 -0.060000
v -0.295403 0.190077 -0.060000
v -0.297376 0.186856 -0.060000
v -0.298822 0.183366 -0.060000
v -0.299704 0.179693 -0.060000
v -0.300000 0.175927 -0.047000
v -0.275927 0.200000 -0.047000
v -0.299704 0.179693 -0.047000
v -0.298822 0.183366 -0.047000
v -0.297376 0.186856 -0.047000
v -0.295403 0.190077 -0.047000
v -0.292949 0.192949 -0.047000
v -0.290077 0.195403 -0.047000
v -0.286856 0.197376 -0.047000
v -0.283366 0.198822 -0.047000
v -0.279693 0.199704 -0.047000
v -0.300000 0.175927 0.031000
v -0.275927 0.200000 0.031000
v -0.299704 0.179693 0.031000
v -0.298822 0.183366 0.031000
v -0.297376 0.186856 0.031000
v -0.295403 0.190077 0.031000
v -0.292949 0.192949 0.031000
v -0.290077 0.195403 0.031000
v -0.286856 0.197376 0.031000
v -0.283366 0.198822 0.031000
v -0.279693 0.199704 0.031000
v -0.300000 0.175927 0.034000
v -0.275927 0.200000 0.034000
v -0.299704 0.179693 0.034000
v -0.298822 0.183366 0.034000
v -0.297376 0.186856 0.034000
v -0.295403 0.190077 0.034000
v -0.292949 0.192949 0.034000
v -0.290077 0.195403 0.034000
v -0.286856 0.197376 0.034000
v -0.283366 0.198822 0.034000
v -0.279693 0.199704 0.034000
v -0.275927 0.200000 0.056000
v -0.300000 0.175927 0.056000
v -0.279693 0.199704 0.056000
v -0.283366 0.198822 0.056000
v -0.286856 0.197376 0.056000
v -0.290077 0.195403 0.056000
v -0.292949 0.192949 0.056000
v -0.295403 0.190077 0.056000
v -0.297376 0.186856 0.056000
v -0.298822 0.183366 0.056000
v -0.299704 0.179693 0.056000
v -0.286000 0.183128 -0.047000
v -0.283547 0.186000 -0.047000
v -0.286000 0.183128 0.031000
v -0.283547 0.186000 0.031000
v -0.286000 0.183128 0.034000
v -0.283547 0.186000 0.034000
v -0.283547 0.186000 0.056000
v -0.286000 0.183128 0.056000
v -0.285000 0.161000 0.060000
v -0.285000 0.164000 0.060000
v -0.285000 0.118000 0.060000
v -0.285000 0.115000 0.060000
v -0.285000 0.065000 0.060000
v -0.285000 0.062000 0.060000
v -0.285000 0.022000 0.060000
v -0.285000 0.019000 0.060000
v -0.271000 0.185000 0.060000
v -0.268000 0.185000 0.060000
v -0.118000 0.185000 0.060000
v -0.115000 0.185000 0.060000
v -0.194500 0.185000 0.060000
v -0.191500 0.185000 0.060000
v -0.275338 0.185000 0.060000
v -0.285000 0.175338 0.060000
v -0.277339 0.184842 0.060000
v -0.278717 0.184512 0.060000
v -0.280025 0.183970 0.060000
v -0.281233 0.183230 0.060000
v -0.282310 0.182310 0.060000
v -0.283230 0.181233 0.060000
v -0.283970 0.180025 0.060000
v -0.284512 0.178717 0.060000
v -0.284842 0.177339 0.060000
v 0.300000 -0.118000 0.060000
v 0.300000 -0.161000 0.060000
v 0.300000 -0.164000 0.060000
v 0.300000 -0.115000 0.060000
v 0.300000 -0.065000 0.060000
v 0.300000 -0.062000 0.060000
v 0.300000 -0.022000 0.060000
v 0.300000 -0.019000 0.060000
v 0.271000 -0.200000 0.060000
v 0.268000 -0.200000 0.060000
v 0.191500 -0.200000 0.060000
v 0.118000 -0.200000 0.060000
v 0.115000 -0.200000 0.060000
v 0.194500 -0.200000 0.060000
v 0.000000 -0.200000 0.060000
v 0.300000 0.000000 0.060000
v 0.279693 -0.199704 0.060000
v 0.275927 -0.200000 0.060000
v 0.283366 -0.198822 0.060000
v 0.286856 -0.197376 0.060000
v 0.290077 -0.195403 0.060000
v 0.292949 -0.192949 0.060000
v 0.295403 -0.190077 0.060000
v 0.297376 -0.186856 0.060000
v 0.298822 -0.183366 0.060000
v 0.299704 -0.179693 0.060000
v 0.300000 -0.175927 0.060000
v -0.300000 -0.118000 0.060000
v -0.300000 -0.161000 0.060000
v -0.300000 -0.164000 0.060000
v -0.300000 -0.115000 0.060000
v -0.300000 -0.065000 0.060000
v -0.300000 -0.062000 0.060000
v -0.300000 -0.022000 0.060000
v -0.300000 -0.019000 0.060000
v -0.271000 -0.200000 0.060000
v -0.268000 -0.200000 0.060000
v -0.191500 -0.200000 0.060000
v -0.118000 -0.200000 0.060000
v -0.115000 -0.200000 0.060000
v -0.194500 -0.200000 0.060000
v -0.300000 0.000000 0.060000
v -0.279693 -0.199704 0.060000
v -0.275927 -0.200000 0.060000
v -0.283366 -0.198822 0.060000
v -0.286856 -0.197376 0.060000
v -0.290077 -0.195403 0.060000
v -0.292949 -0.192949 0.060000
v -0.295403 -0.190077 0.060000
v -0.297376 -0.186856 0.060000
v -0.298822 -0.183366 0.060000
v -0.299704 -0.179693 0.060000
v -0.300000 -0.175927 0.060000
v 0.300000 0.118000 0.060000
v 0.300000 0.161000 0.060000
v 0.300000 0.164000 0.060000
v 0.300000 0.115000 0.060000
v 0.300000 0.065000 0.060000
v 0.300000 0.062000 0.060000
v 0.300000 0.022000 0.060000
v 0.300000 0.019000 0.060000
v 0.271000 0.200000 0.060000
v 0.268000 0.200000 0.060000
v 0.191500 0.200000 0.060000
v 0.118000 0.200000 0.060000
v 0.115000 0.200000 0.060000
v 0.194500 0.200000 0.060000
v 0.000000 0.200000 0.060000
v 0.279693 0.199704 0.060000
v 0.275927 0.200000 0.060000
v 0.283366 0.198822 0.060000
v 0.286856 0.197376 0.060000
v 0.290077 0.195403 0.060000
v 0.292949 0.192949 0.060000
v 0.295403 0.190077 0.060000
v 0.297376 0.186856 0.060000
v 0.298822 0.183366 0.060000
v 0.299704 0.179693 0.060000
v 0.300000 0.175927 0.060000
v -0.300000 0.118000 0.060000
v -0.300000 0.161000 0.060000
v -0.300000 0.164000 0.060000
v -0.300000 0.115000 0.060000
v -0.300000 0.065000 0.060000
v -0.300000 0.062000 0.060000
v -0.300000 0.022000 0.060000
v -0.300000 0.019000 0.060000
v -0.271000 0.200000 0.060000
v -0.268000 0.200000 0.060000
v -0.191500 0.200000 0.060000
v -0.118000 0.200000 0.060000
v -0.115000 0.200000 0.060000
v -0.194500 0.200000 0.060000
v -0.279693 0.199704 0.060000
v -0.275927 0.200000 0.060000
v -0.283366 0.198822 0.060000
v -0.286856 0.197376 0.060000
v -0.290077 0.195403 0.060000
v -0.292949 0.192949 0.060000
v -0.295403 0.190077 0.060000
v -0.297376 0.186856 0.060000
v -0.298822 0.183366 0.060000
v -0.299704 0.179693 0.060000
v -0.300000 0.175927 0.060000
v 0.285000 -0.118000 -0.045000
v 0.285000 -0.161000 -0.045000
v 0.285000 -0.164000 -0.045000
v 0.285000 -0.115000 -0.045000
v 0.285000 -0.065000 -0.045000
v 0.285000 -0.062000 -0.045000
v 0.285000 -0.022000 -0.045000
v 0.285000 -0.019000 -0.045000
v 0.271000 -0.185000 -0.045000
v 0.268000 -0.185000 -0.045000
v 0.191500 -0.185000 -0.045000
v 0.118000 -0.185000 -0.045000
v 0.115000 -0.185000 -0.045000
v 0.194500 -0.185000 -0.045000
v 0.000000 -0.185000 -0.045000
v 0.285000 0.000000 -0.045000
v 0.277339 -0.184842 -0.045000
v 0.275338 -0.185000 -0.045000
v 0.278717 -0.184512 -0.045000
v 0.280025 -0.183970 -0.045000
v 0.281233 -0.183230 -0.045000
v 0.282310 -0.182310 -0.045000
v 0.283230 -0.181233 -0.045000
v 0.283970 -0.180025 -0.045000
v 0.284512 -0.178717 -0.045000
v 0.284842 -0.177339 -0.045000
v 0.285000 -0.175338 -0.045000
v -0.285000 -0.118000 -0.045000
v -0.285000 -0.161000 -0.045000
v -0.285000 -0.164000 -0.045000
v -0.285000 -0.115000 -0.045000
v -0.285000 -0.065000 -0.045000
v -0.285000 -0.062000 -0.045000
v -0.285000 -0.022000 -0.045000
v -0.285000 -0.019000 -0.045000
v -0.271000 -0.185000 -0.045000
v -0.268000 -0.185000 -0.045000
v -0.191500 -0.185000 -0.045000
v -0.118000 -0.185000 -0.045000
v -0.115000 -0.185000 -0.045000
v -0.194500 -0.185000 -0.045000
v -0.285000 0.000000 -0.045000
v -0.277339 -0.184842 -0.045000
v -0.275338 -0.185000 -0.045000
v -0.278717 -0.184512 -0.045000
v -0.280025 -0.183970 -0.045000
v -0.281233 -0.183230 -0.045000
v -0.282310 -0.182310 -0.045000
v -0.283230 -0.181233 -0.045000
v -0.283970 -0.180025 -0.045000
v -0.284512 -0.178717 -0.045000
v -0.284842 -0.177339 -0.045000
v -0.285000 -0.175338 -0.045000
v 0.285000 0.118000 -0.045000
v 0.285000 0.161000 -0.045000
v 0.285000 0.164000 -0.045000
v 0.285000 0.115000 -0.045000
v 0.285000 0.065000 -0.045000
v 0.285000 0.062000 -0.045000
v 0.285000 0.022000 -0.045000
v 0.285000 0.019000 -0.045000
v 0.271000 0.185000 -0.045000
v 0.268000 0.185000 -0.045000
v 0.191500 0.185000 -0.045000
v 0.118000 0.185000 -0.045000
v 0.115000 0.185000 -0.045000
v 0.194500 0.185000 -0.045000
v 0.000000 0.185000 -0.045000
v 0.277339 0.184842 -0.045000
v 0.275338 0.185000 -0.045000
v 0.278717 0.184512 -0.045000
v 0.280025 0.183970 -0.045000
v 0.281233 0.183230 -0.045000
v 0.282310 0.182310 -0.045000
v 0.283230 0.181233 -0.045000
v 0.283970 0.180025 -0.045000
v 0.284512 0.178717 -0.045000
v 0.284842 0.177339 -0.045000
v 0.285000 0.175338 -0.045000
v -0.285000 0.118000 -0.045000
v -0.285000 0.161000 -0.045000
v -0.285000 0.164000 -0.045000
v -0.285000 0.115000 -0.045000
v -0.285000 0.065000 -0.045000
v -0.285000 0.062000 -0.045000
v -0.285000 0.022000 -0.045000
v -0.285000 0.019000 -0.045000
v -0.271000 0.185000 -0.045000
v -0.268000 0.185000 -0.045000
v -0.191500 0.185000 -0.045000
v -0.118000 0.185000 -0.045000
v -0.115000 0.185000 -0.045000
v -0.194500 0.185000 -0.045000
v -0.277339 0.184842 -0.045000
v -0.275338 0.185000 -0.045000
v -0.278717 0.184512 -0.045000
v -0.280025 0.183970 -0.045000
v -0.281233 0.183230 -0.045000
v -0.282310 0.182310 -0.045000
v -0.283230 0.181233 -0.045000
v -0.283970 0.180025 -0.045000
v -0.284512 0.178717 -0.045000
v -0.284842 0.177339 -0.045000
v -0.285000 0.175338 -0.045000
v 0.300000 -0.022000 0.031000
v 0.300000 -0.062000 0.031000
v 0.300000 0.000000 0.031000
v 0.300000 -0.019000 0.031000
v 0.286000 -0.022000 0.031000
v 0.286000 -0.062000 0.031000
v 0.286000 0.000000 0.031000
v 0.286000 -0.019000 0.031000
v 0.300000 0.022000 0.031000
v 0.300000 0.062000 0.031000
v 0.300000 0.019000 0.031000
v 0.286000 0.022000 0.031000
v 0.286000 0.062000 0.031000
v 0.286000 0.019000 0.031000
v 0.299000 0.000000 0.041000
v 0.287000 0.000000 0.041000
v 0.299000 -0.023000 0.041000
v 0.299000 -0.061000 0.041000
v 0.299000 -0.018000 0.041000
v 0.287000 -0.023000 0.041000
v 0.287000 -0.061000 0.041000
v 0.287000 -0.018000 0.041000
v 0.299000 0.023000 0.041000
v 0.299000 0.061000 0.041000
v 0.299000 0.018000 0.041000
v 0.287000 0.023000 0.041000
v 0.287000 0.061000 0.041000
v 0.287000 0.018000 0.041000
v -0.300000 -0.022000 0.031000
v -0.300000 -0.062000 0.031000
v -0.300000 0.000000 0.031000
v -0.300000 -0.019000 0.031000
v -0.286000 -0.022000 0.031000
v -0.286000 -0.062000 0.031000
v -0.286000 0.000000 0.031000
v -0.286000 -0.019000 0.031000
v -0.300000 0.022000 0.031000
v -0.300000 0.062000 0.031000
v -0.300000 0.019000 0.031000
v -0.286000 0.022000 0.031000
v -0.286000 0.062000 0.031000
v -0.286000 0.019000 0.031000
v -0.299000 0.000000 0.041000
v -0.287000 0.000000 0.041000
v -0.299000 -0.023000 0.041000
v -0.299000 -0.061000 0.041000
v -0.299000 -0.018000 0.041000
v -0.287000 -0.023000 0.041000
v -0.287000 -0.061000 0.041000
v -0.287000 -0.018000 0.041000
v -0.299000 0.023000 0.041000
v -0.299000 0.061000 0.041000
v -0.299000 0.018000 0.041000
v -0.287000 0.023000 0.041000
v -0.287000 0.061000 0.041000
v -0.287000 0.018000 0.041000
vn -0.0000 -0.0000 -1.0000
vn 1.0000 -0.0000 -0.0000
vn -0.0000 -1.0000 -0.0000
vn -0.0000 -0.0000 1.0000
vn -0.0000 1.0000 -0.0000
vn -1.0000 -0.0000 -0.0000
vn 0.0393 -0.9992 -0.0000
vn 0.1564 -0.9877 -0.0000
vn 0.3090 -0.9511 -0.0000
vn 0.4540 -0.8910 -0.0000
vn 0.5878 -0.8090 -0.0000
vn 0.7071 -0.7071 -0.0000
vn 0.7254 -0.6883 -0.0000
vn 0.8090 -0.5878 -0.0000
vn 0.7933 -0.6088 -0.0000
vn 0.8910 -0.4540 -0.0000
vn 0.9511 -0.3090 -0.0000
vn 0.9877 -0.1564 -0.0000
vn 0.9992 -0.0393 -0.0000
vn 0.5944 0.8042 -0.0000
vn -0.5944 -0.8042 -0.0000
vn -0.0393 -0.9992 -0.0000
vn -0.1564 -0.9877 -0.0000
vn -0.3090 -0.9511 -0.0000
vn -0.4540 -0.8910 -0.0000
vn -0.5878 -0.8090 -0.0000
vn -0.7254 -0.6883 -0.0000
vn -0.7071 -0.7071 -0.0000
vn -0.7933 -0.6088 -0.0000
vn -0.8090 -0.5878 -0.0000
vn -0.8910 -0.4540 -0.0000
vn -0.9511 -0.3090 -0.0000
vn -0.9877 -0.1564 -0.0000
vn -0.9992 -0.0393 -0.0000
vn -0.5944 0.8042 -0.0000
vn 0.5944 -0.8042 -0.0000
vn 0.0393 0.9992 -0.0000
vn 0.1564 0.9877 -0.0000
vn 0.3090 0.9511 -0.0000
vn 0.4540 0.8910 -0.0000
vn 0.5878 0.8090 -0.0000
vn 0.7254 0.6883 -0.0000
vn 0.7071 0.7071 -0.0000
vn 0.7933 0.6088 -0.0000
vn 0.8090 0.5878 -0.0000
vn 0.8910 0.4540 -0.0000
vn 0.9511 0.3090 -0.0000
vn 0.9877 0.1564 -0.0000
vn 0.9992 0.0393 -0.0000
vn -0.0393 0.9992 -0.0000
vn -0.1564 0.9877 -0.0000
vn -0.3090 0.9511 -0.0000
vn -0.4540 0.8910 -0.0000
vn -0.5878 0.8090 -0.0000
vn -0.7071 0.7071 -0.0000
vn -0.7254 0.6883 -0.0000
vn -0.8090 0.5878 -0.0000
vn -0.7933 0.6088 -0.0000
vn -0.8910 0.4540 -0.0000
vn -0.9511 0.3090 -0.0000
vn -0.9877 0.1564 -0.0000
vn -0.9992 0.0393 -0.0000
vt 0.593518 0.753244
vt 0.593518 0.719740
vt 0.604426 0.719740
vt 0.604426 0.753244
vt 0.376914 0.497643
vt 0.316140 0.497643
vt 0.316140 0.495305
vt 0.376914 0.495305
vt 0.313803 0.497643
vt 0.296661 0.497643
vt 0.296661 0.495305
vt 0.313803 0.495305
vt 0.808953 0.986224
vt 0.808953 0.969082
vt 0.819861 0.969082
vt 0.819861 0.986224
vt 0.478943 0.841209
vt 0.478943 0.870816
vt 0.471152 0.870816
vt 0.471152 0.841209
vt 0.376914 0.533484
vt 0.316140 0.533484
vt 0.316140 0.531146
vt 0.376914 0.531146
vt 0.313803 0.533484
vt 0.296661 0.533484
vt 0.296661 0.531146
vt 0.313803 0.531146
vt 0.956991 0.868089
vt 0.956991 0.829132
vt 0.967899 0.829132
vt 0.967899 0.868089
vt 0.898945 0.708753
vt 0.898945 0.742256
vt 0.888037 0.742256
vt 0.888037 0.708753
vt 0.313803 0.574779
vt 0.305232 0.574779
vt 0.296661 0.574779
vt 0.296661 0.572441
vt 0.313803 0.572441
vt 0.921150 0.969082
vt 0.921150 0.986224
vt 0.910242 0.986224
vt 0.910242 0.969082
vt 0.930111 0.043048
vt 0.930111 0.074214
vt 0.919203 0.074214
vt 0.919203 0.043048
vt 0.771553 0.905192
vt 0.771553 0.965966
vt 0.760645 0.965966
vt 0.760645 0.905192
vt 0.313803 0.608282
vt 0.305232 0.608282
vt 0.296661 0.608282
vt 0.296661 0.605945
vt 0.305232 0.605945
vt 0.313803 0.605945
vt 0.313803 0.623086
vt 0.305232 0.623086
vt 0.614165 0.562352
vt 0.614165 0.472750
vt 0.625073 0.472750
vt 0.625073 0.562352
vt 0.715455 0.441154
vt 0.654681 0.441154
vt 0.654681 0.438817
vt 0.715455 0.438817
vt 0.635202 0.441154
vt 0.635202 0.438817
vt 0.652344 0.438817
vt 0.652344 0.441154
vt 0.652344 0.321944
vt 0.635202 0.321944
vt 0.635202 0.319607
vt 0.652344 0.319607
vt 0.888036 0.640967
vt 0.888036 0.551365
vt 0.898945 0.551365
vt 0.898945 0.640967
vt 0.715455 0.321944
vt 0.654681 0.321944
vt 0.654681 0.319607
vt 0.715455 0.319607
vt 0.652344 0.381549
vt 0.635202 0.381549
vt 0.635202 0.379212
vt 0.652344 0.379212
vt 0.890374 0.091355
vt 0.890374 0.001753
vt 0.901282 0.001753
vt 0.901282 0.091355
vt 0.632086 0.986614
vt 0.632086 0.969472
vt 0.642994 0.969472
vt 0.642994 0.986614
vt 0.937862 0.424442
vt 0.920721 0.424442
vt 0.920721 0.367175
vt 0.937862 0.367175
vt 0.612607 0.937995
vt 0.595466 0.937995
vt 0.595466 0.880728
vt 0.612607 0.880728
vt 0.487553 0.877222
vt 0.487553 0.760349
vt 0.548327 0.760349
vt 0.548327 0.877222
vt 0.886868 0.180958
vt 0.826094 0.180958
vt 0.826094 0.091355
vt 0.886868 0.091355
vt 0.590012 0.651954
vt 0.572870 0.651954
vt 0.572870 0.562352
vt 0.590012 0.562352
vt 0.890374 0.363669
vt 0.890374 0.274066
vt 0.901282 0.274066
vt 0.901282 0.363669
vt 0.436130 0.893801
vt 0.436130 0.776929
vt 0.447038 0.776929
vt 0.447038 0.893801
vt 0.330364 0.958081
vt 0.330364 0.897307
vt 0.341272 0.897307
vt 0.341272 0.958081
vt 0.931279 0.761346
vt 0.931279 0.644473
vt 0.942187 0.644473
vt 0.942187 0.761346
vt 0.703064 0.969472
vt 0.703064 0.986613
vt 0.692156 0.986613
vt 0.692156 0.969472
vt 0.677742 0.986613
vt 0.677742 0.969472
vt 0.688650 0.969472
vt 0.688650 0.986613
vt 0.945694 0.640967
vt 0.945694 0.583699
vt 0.956602 0.583699
vt 0.956602 0.640967
vt 0.433013 0.897307
vt 0.433013 0.958081
vt 0.422105 0.958081
vt 0.422105 0.897307
vt 0.113171 0.977639
vt 0.113171 0.920371
vt 0.124079 0.920371
vt 0.124079 0.977639
vt 0.663328 0.986613
vt 0.663328 0.969472
vt 0.674236 0.969472
vt 0.674236 0.986613
vt 0.717479 0.969472
vt 0.717479 0.986613
vt 0.706571 0.986613
vt 0.706571 0.969472
vt 0.214071 0.977639
vt 0.214071 0.920371
vt 0.224979 0.920371
vt 0.224979 0.977639
vt 0.418599 0.897307
vt 0.418599 0.958081
vt 0.407690 0.958081
vt 0.407690 0.897307
vt 0.393276 0.958081
vt 0.393276 0.897307
vt 0.404184 0.897307
vt 0.404184 0.958081
vt 0.228485 0.977639
vt 0.228485 0.920371
vt 0.239393 0.920371
vt 0.239393 0.977639
vt 0.659822 0.969472
vt 0.659822 0.986613
vt 0.648914 0.986613
vt 0.648914 0.969472
vt 0.572870 0.716234
vt 0.572870 0.655460
vt 0.606374 0.655460
vt 0.606374 0.716234
vt 0.965172 0.360941
vt 0.948031 0.360941
vt 0.948031 0.327438
vt 0.965172 0.327438
vt 0.863493 0.788320
vt 0.802720 0.788320
vt 0.802720 0.749362
vt 0.863493 0.749362
vt 0.047723 0.959329
vt 0.030582 0.959329
vt 0.030582 0.920371
vt 0.047723 0.920372
vt 0.524952 0.972668
vt 0.516382 0.972668
vt 0.516382 0.941502
vt 0.524952 0.941502
vt 0.863493 0.821823
vt 0.802720 0.821823
vt 0.802720 0.790657
vt 0.863493 0.790657
vt 0.983093 0.717713
vt 0.974522 0.717713
vt 0.974522 0.702909
vt 0.983093 0.702909
vt 0.863493 0.838964
vt 0.802720 0.838964
vt 0.802720 0.824161
vt 0.863493 0.824161
vt 0.788381 0.969472
vt 0.788381 0.986613
vt 0.777473 0.986613
vt 0.777473 0.969472
vt 0.799213 0.905192
vt 0.799213 0.965966
vt 0.788305 0.965966
vt 0.788305 0.905192
vt 0.920721 0.442752
vt 0.920721 0.427948
vt 0.931629 0.427948
vt 0.931629 0.442752
vt 0.973743 0.093693
vt 0.973743 0.062527
vt 0.984651 0.062527
vt 0.984651 0.093693
vt 0.763059 0.986613
vt 0.763059 0.969472
vt 0.773967 0.969472
vt 0.773967 0.986613
vt 0.971405 0.866141
vt 0.979976 0.866141
vt 0.979976 0.877049
vt 0.971405 0.877049
vt 0.934006 0.991584
vt 0.925436 0.991584
vt 0.925436 0.980676
vt 0.934006 0.980676
vt 0.930111 0.076552
vt 0.930111 0.091355
vt 0.919203 0.091355
vt 0.919203 0.076552
vt 0.983093 0.348085
vt 0.991663 0.348085
vt 0.991663 0.358993
vt 0.983093 0.358993
vt 0.478943 0.906657
vt 0.478943 0.936265
vt 0.471152 0.936265
vt 0.471152 0.906657
vt 0.970237 0.067202
vt 0.970237 0.082006
vt 0.959329 0.082006
vt 0.959329 0.067202
vt 0.984651 0.161089
vt 0.984651 0.192255
vt 0.973743 0.192255
vt 0.973743 0.161089
vt 0.450544 0.966262
vt 0.450544 0.905488
vt 0.461452 0.905488
vt 0.461452 0.966262
vt 0.930111 0.001753
vt 0.930111 0.040711
vt 0.919203 0.040711
vt 0.919203 0.001753
vt 0.921150 0.932073
vt 0.921150 0.965576
vt 0.910242 0.965576
vt 0.910242 0.932073
vt 0.919203 0.223421
vt 0.919203 0.184464
vt 0.930111 0.184464
vt 0.930111 0.223421
vt 0.956991 0.825626
vt 0.956991 0.764852
vt 0.967899 0.764852
vt 0.967899 0.825626
vt 0.748645 0.986613
vt 0.748645 0.969472
vt 0.759553 0.969472
vt 0.759553 0.986613
vt 0.468035 0.973274
vt 0.468035 0.939771
vt 0.478943 0.939771
vt 0.478943 0.973274
vt 0.971016 0.718882
vt 0.971016 0.757839
vt 0.960108 0.757839
vt 0.960108 0.718882
vt 0.715455 0.230005
vt 0.725584 0.230005
vt 0.725584 0.319607
vt 0.725584 0.321944
vt 0.725584 0.379212
vt 0.725584 0.381549
vt 0.725584 0.438817
vt 0.725584 0.441154
vt 0.387043 0.623086
vt 0.376914 0.623086
vt 0.376914 0.608282
vt 0.376914 0.605945
vt 0.376914 0.574779
vt 0.376914 0.572441
vt 0.387043 0.495305
vt 0.387043 0.497643
vt 0.387043 0.531146
vt 0.387043 0.533484
vt 0.387043 0.572441
vt 0.387043 0.574779
vt 0.387043 0.605945
vt 0.387043 0.608282
vt 0.715455 0.444994
vt 0.725584 0.444994
vt 0.725584 0.447928
vt 0.715455 0.447928
vt 0.725584 0.450790
vt 0.715455 0.450790
vt 0.725584 0.453509
vt 0.715455 0.453509
vt 0.725584 0.456018
vt 0.715455 0.456018
vt 0.725584 0.458256
vt 0.715455 0.458256
vt 0.376914 0.472750
vt 0.387043 0.472750
vt 0.387043 0.474988
vt 0.376914 0.474988
vt 0.387043 0.477497
vt 0.376914 0.477497
vt 0.387043 0.480216
vt 0.376914 0.480216
vt 0.387043 0.483078
vt 0.376914 0.483078
vt 0.387043 0.486012
vt 0.376914 0.486012
vt 0.316140 0.472750
vt 0.316140 0.474988
vt 0.652344 0.444994
vt 0.654681 0.444994
vt 0.654681 0.447928
vt 0.652344 0.447928
vt 0.654681 0.450790
vt 0.652344 0.450790
vt 0.654681 0.453509
vt 0.652344 0.453509
vt 0.654681 0.456018
vt 0.652344 0.456018
vt 0.654681 0.458256
vt 0.652344 0.458256
vt 0.313803 0.472750
vt 0.313803 0.474988
vt 0.316140 0.477497
vt 0.313803 0.477497
vt 0.316140 0.480216
vt 0.313803 0.480216
vt 0.316140 0.483078
vt 0.313803 0.483078
vt 0.316140 0.486012
vt 0.313803 0.486012
vt 0.296661 0.472750
vt 0.296661 0.474988
vt 0.316140 0.623086
vt 0.316140 0.572441
vt 0.316140 0.574779
vt 0.316140 0.605945
vt 0.316140 0.608282
vt 0.652344 0.230005
vt 0.654681 0.230005
vt 0.352104 0.897307
vt 0.352104 0.958081
vt 0.344778 0.958081
vt 0.344778 0.897307
vt 0.431454 0.875491
vt 0.431454 0.892632
vt 0.424128 0.892632
vt 0.424128 0.875491
vt 0.609880 0.716234
vt 0.609880 0.655460
vt 0.617206 0.655460
vt 0.617206 0.716234
vt 0.826094 0.458256
vt 0.826094 0.441115
vt 0.833420 0.441115
vt 0.833420 0.458256
vt 0.626982 0.655460
vt 0.626982 0.716234
vt 0.843196 0.441115
vt 0.843196 0.458256
vt 0.935135 0.440415
vt 0.950039 0.440415
vt 0.950039 0.457556
vt 0.935135 0.457556
vt 0.941369 0.367175
vt 0.956272 0.367175
vt 0.956272 0.427948
vt 0.941369 0.427948
vt 0.127585 0.998247
vt 0.127585 0.994408
vt 0.127816 0.991474
vt 0.128503 0.988612
vt 0.129630 0.985893
vt 0.131168 0.983383
vt 0.133079 0.981145
vt 0.138494 0.988471
vt 0.138494 0.998247
vt 0.293545 0.981905
vt 0.293545 0.967002
vt 0.300871 0.961587
vt 0.302409 0.964097
vt 0.303535 0.966816
vt 0.304222 0.969678
vt 0.304453 0.972612
vt 0.304453 0.981905
vt 0.113171 0.998247
vt 0.113171 0.994408
vt 0.113402 0.991474
vt 0.114089 0.988612
vt 0.115216 0.985893
vt 0.116753 0.983383
vt 0.118665 0.981145
vt 0.124079 0.988471
vt 0.124079 0.998247
vt 0.315949 0.981905
vt 0.315949 0.967002
vt 0.323275 0.961587
vt 0.324813 0.964097
vt 0.325940 0.966816
vt 0.326627 0.969678
vt 0.326858 0.972612
vt 0.326858 0.981905
vt 0.986599 0.633565
vt 0.997507 0.633565
vt 0.997507 0.643341
vt 0.992092 0.650666
vt 0.990181 0.648428
vt 0.988643 0.645919
vt 0.987517 0.643200
vt 0.986830 0.640338
vt 0.986599 0.637404
vt 0.384928 0.981905
vt 0.374019 0.981905
vt 0.374019 0.972612
vt 0.374250 0.969678
vt 0.374937 0.966816
vt 0.376064 0.964097
vt 0.377602 0.961587
vt 0.384928 0.967002
vt 0.997507 0.654173
vt 0.997507 0.663948
vt 0.992092 0.671274
vt 0.990181 0.669036
vt 0.988643 0.666527
vt 0.987517 0.663808
vt 0.986830 0.660946
vt 0.986599 0.658012
vt 0.986599 0.654173
vt 0.399342 0.981905
vt 0.388434 0.981905
vt 0.388434 0.972612
vt 0.388665 0.969678
vt 0.389352 0.966816
vt 0.390478 0.964097
vt 0.392016 0.961587
vt 0.399342 0.967002
vt 0.632086 0.379212
vt 0.632086 0.321944
vt 0.632086 0.438817
vt 0.632086 0.381549
vt 0.296661 0.486012
vt 0.293545 0.495305
vt 0.293545 0.486012
vt 0.296661 0.623086
vt 0.293545 0.623086
vt 0.293545 0.608282
vt 0.635202 0.444994
vt 0.635202 0.447928
vt 0.632086 0.447928
vt 0.632086 0.444994
vt 0.635202 0.230005
vt 0.632086 0.319607
vt 0.632086 0.230005
vt 0.296661 0.477497
vt 0.293545 0.477497
vt 0.293545 0.474988
vt 0.632086 0.441154
vt 0.635202 0.450790
vt 0.632086 0.450790
vt 0.296661 0.480216
vt 0.293545 0.480216
vt 0.293545 0.533484
vt 0.293545 0.531146
vt 0.635202 0.453509
vt 0.632086 0.453509
vt 0.293545 0.572441
vt 0.296661 0.483078
vt 0.293545 0.483078
vt 0.293545 0.497643
vt 0.635202 0.456018
vt 0.632086 0.456018
vt 0.293545 0.574779
vt 0.293545 0.605945
vt 0.635202 0.458256
vt 0.632086 0.458256
vt 0.293545 0.472750
vt 0.616113 0.799307
vt 0.627021 0.799307
vt 0.627021 0.801644
vt 0.616113 0.801644
vt 0.498461 0.975005
vt 0.487553 0.975005
vt 0.487553 0.941502
vt 0.498461 0.941502
vt 0.473918 0.748529
vt 0.473918 0.750867
vt 0.413144 0.750867
vt 0.413144 0.748529
vt 0.410807 0.748529
vt 0.410807 0.750867
vt 0.393666 0.750867
vt 0.393666 0.748529
vt 0.731893 0.986613
vt 0.720985 0.986613
vt 0.720985 0.969472
vt 0.731893 0.969472
vt 0.953485 0.830300
vt 0.953485 0.859908
vt 0.945694 0.859908
vt 0.945694 0.830300
vt 0.473918 0.712688
vt 0.473918 0.715026
vt 0.413144 0.715026
vt 0.413144 0.712688
vt 0.410807 0.712688
vt 0.410807 0.715026
vt 0.393666 0.715026
vt 0.393666 0.712688
vt 0.877908 0.971030
vt 0.867000 0.971030
vt 0.867000 0.932073
vt 0.877908 0.932073
vt 0.501968 0.941502
vt 0.512876 0.941502
vt 0.512876 0.975005
vt 0.501968 0.975005
vt 0.945694 0.826405
vt 0.953485 0.826405
vt 0.410807 0.671393
vt 0.410807 0.673731
vt 0.393666 0.673731
vt 0.393666 0.671393
vt 0.402236 0.671393
vt 0.791888 0.969472
vt 0.802796 0.969472
vt 0.802796 0.986613
vt 0.791888 0.986613
vt 0.927773 0.887272
vt 0.927773 0.889609
vt 0.867000 0.889609
vt 0.867000 0.887272
vt 0.627021 0.832810
vt 0.616113 0.832810
vt 0.959329 0.001753
vt 0.970237 0.001753
vt 0.970237 0.062527
vt 0.959329 0.062527
vt 0.410807 0.637890
vt 0.410807 0.640227
vt 0.402236 0.640227
vt 0.393666 0.640227
vt 0.393666 0.637890
vt 0.402236 0.637890
vt 0.410807 0.623086
vt 0.402236 0.623086
vt 0.625073 0.651954
vt 0.614165 0.651954
vt 0.715455 0.018855
vt 0.715455 0.021192
vt 0.654681 0.021192
vt 0.654681 0.018855
vt 0.635202 0.018855
vt 0.652344 0.018855
vt 0.652344 0.021192
vt 0.635202 0.021192
vt 0.652344 0.138065
vt 0.652344 0.140402
vt 0.635202 0.140402
vt 0.635202 0.138065
vt 0.888036 0.461762
vt 0.898945 0.461762
vt 0.715455 0.138065
vt 0.715455 0.140402
vt 0.654681 0.140402
vt 0.654681 0.138065
vt 0.652344 0.078460
vt 0.652344 0.080797
vt 0.635202 0.080797
vt 0.635202 0.078460
vt 0.901282 0.180958
vt 0.890374 0.180958
vt 0.461452 0.986909
vt 0.450544 0.986909
vt 0.450544 0.969768
vt 0.461452 0.969768
vt 0.525342 0.880728
vt 0.525342 0.937995
vt 0.508201 0.937995
vt 0.508201 0.880728
vt 0.568974 0.880728
vt 0.568974 0.937996
vt 0.551833 0.937996
vt 0.551833 0.880728
vt 0.293545 0.776929
vt 0.354319 0.776929
vt 0.354319 0.893801
vt 0.293545 0.893801
vt 0.886868 0.001753
vt 0.826094 0.001753
vt 0.590012 0.472750
vt 0.572870 0.472750
vt 0.890374 0.184464
vt 0.901282 0.184464
vt 0.931279 0.764852
vt 0.942187 0.764852
vt 0.942187 0.881724
vt 0.931279 0.881724
vt 0.387142 0.958081
vt 0.376234 0.958081
vt 0.376234 0.897307
vt 0.387142 0.897307
vt 0.933617 0.001753
vt 0.944525 0.001753
vt 0.944525 0.118626
vt 0.933617 0.118626
vt 0.976860 0.306790
vt 0.987768 0.306790
vt 0.987768 0.323932
vt 0.976860 0.323932
vt 0.987768 0.296781
vt 0.976860 0.296781
vt 0.976860 0.279640
vt 0.987768 0.279640
vt 0.127585 0.920371
vt 0.138494 0.920371
vt 0.138494 0.977639
vt 0.127585 0.977639
vt 0.948031 0.198878
vt 0.958939 0.198878
vt 0.958939 0.259652
vt 0.948031 0.259652
vt 0.142000 0.920371
vt 0.152908 0.920371
vt 0.152908 0.977639
vt 0.142000 0.977639
vt 0.991663 0.902372
vt 0.980755 0.902372
vt 0.980755 0.885231
vt 0.991663 0.885231
vt 0.980755 0.905878
vt 0.991663 0.905878
vt 0.991663 0.923019
vt 0.980755 0.923019
vt 0.242899 0.920371
vt 0.253807 0.920371
vt 0.253807 0.977639
vt 0.242899 0.977639
vt 0.948031 0.263158
vt 0.958939 0.263158
vt 0.958939 0.323932
vt 0.948031 0.323932
vt 0.962835 0.946004
vt 0.951927 0.946004
vt 0.951927 0.885231
vt 0.962835 0.885231
vt 0.257313 0.920371
vt 0.268221 0.920371
vt 0.268221 0.977639
vt 0.257313 0.977639
vt 0.980755 0.926525
vt 0.991663 0.926525
vt 0.991663 0.943667
vt 0.980755 0.943667
vt 0.484047 0.837702
vt 0.450544 0.837702
vt 0.450544 0.776929
vt 0.484047 0.776929
vt 0.590012 0.719740
vt 0.590011 0.753244
vt 0.572870 0.753244
vt 0.572870 0.719740
vt 0.927773 0.928567
vt 0.867000 0.928567
vt 0.068370 0.920371
vt 0.068370 0.959329
vt 0.051229 0.959329
vt 0.051229 0.920371
vt 0.934006 0.946004
vt 0.934006 0.977170
vt 0.925436 0.977170
vt 0.925436 0.946004
vt 0.927773 0.856106
vt 0.867000 0.856106
vt 0.985430 0.213682
vt 0.985430 0.228486
vt 0.976860 0.228486
vt 0.976860 0.213682
vt 0.927773 0.838964
vt 0.927773 0.853768
vt 0.867000 0.853768
vt 0.867000 0.838964
vt 0.980755 0.947173
vt 0.991663 0.947173
vt 0.991663 0.964314
vt 0.980755 0.964314
vt 0.959329 0.100315
vt 0.970237 0.100315
vt 0.970237 0.161089
vt 0.959329 0.161089
vt 0.970237 0.179399
vt 0.959329 0.179399
vt 0.959329 0.164595
vt 0.970237 0.164595
vt 0.985100 0.398341
vt 0.974192 0.398341
vt 0.974192 0.367175
vt 0.985100 0.367175
vt 0.991663 0.984961
vt 0.980755 0.984961
vt 0.980755 0.967820
vt 0.991663 0.967820
vt 0.355610 0.993143
vt 0.355610 0.982235
vt 0.364181 0.982235
vt 0.364181 0.993143
vt 0.352104 0.982235
vt 0.352104 0.993143
vt 0.343533 0.993143
vt 0.343533 0.982235
vt 0.616113 0.835148
vt 0.627021 0.835148
vt 0.627021 0.849952
vt 0.616113 0.849952
vt 0.422105 0.810432
vt 0.422105 0.806536
vt 0.431454 0.806536
vt 0.431454 0.810432
vt 0.330364 0.993143
vt 0.330364 0.982235
vt 0.338934 0.982235
vt 0.338934 0.993143
vt 0.953485 0.764852
vt 0.953485 0.794460
vt 0.945694 0.794460
vt 0.945694 0.764852
vt 0.974522 0.600451
vt 0.985430 0.600451
vt 0.985430 0.615255
vt 0.974522 0.615255
vt 0.974192 0.401847
vt 0.985100 0.401847
vt 0.985100 0.433013
vt 0.974192 0.433013
vt 0.970686 0.427948
vt 0.959778 0.427948
vt 0.959778 0.367175
vt 0.970686 0.367175
vt 0.616113 0.760349
vt 0.627021 0.760349
vt 0.931279 0.536561
vt 0.931279 0.534223
vt 0.932059 0.533444
vt 0.932059 0.537340
vt 0.528848 0.941502
vt 0.539756 0.941502
vt 0.539756 0.975005
vt 0.528848 0.975005
vt 0.942187 0.500720
vt 0.931279 0.500720
vt 0.931279 0.461762
vt 0.942187 0.461762
vt 0.971016 0.522536
vt 0.960108 0.522536
vt 0.960108 0.461762
vt 0.971016 0.461762
vt 0.863104 0.991678
vt 0.852196 0.991678
vt 0.852196 0.974537
vt 0.863104 0.974537
vt 0.562741 0.975005
vt 0.551833 0.975005
vt 0.551833 0.941502
vt 0.562741 0.941502
vt 0.881414 0.932073
vt 0.892322 0.932073
vt 0.892322 0.971030
vt 0.881414 0.971030
vt 0.725584 0.018855
vt 0.725584 0.021192
vt 0.725584 0.078460
vt 0.725584 0.080797
vt 0.725584 0.138065
vt 0.725584 0.140402
vt 0.484047 0.623086
vt 0.484047 0.637890
vt 0.484047 0.640227
vt 0.484047 0.671393
vt 0.484047 0.673731
vt 0.484047 0.712688
vt 0.484047 0.715026
vt 0.484047 0.748529
vt 0.484047 0.750867
vt 0.473918 0.673731
vt 0.473918 0.671393
vt 0.473918 0.640227
vt 0.473918 0.637890
vt 0.473918 0.623086
vt 0.715455 0.015016
vt 0.715455 0.012082
vt 0.725584 0.012082
vt 0.725584 0.015016
vt 0.715455 0.009220
vt 0.725584 0.009220
vt 0.715455 0.006501
vt 0.725584 0.006501
vt 0.715455 0.003991
vt 0.725584 0.003991
vt 0.715455 0.001753
vt 0.725584 0.001753
vt 0.473918 0.773423
vt 0.473918 0.771185
vt 0.484047 0.771185
vt 0.484047 0.773423
vt 0.473918 0.768675
vt 0.484047 0.768675
vt 0.473918 0.765956
vt 0.484047 0.765956
vt 0.473918 0.763094
vt 0.484047 0.763094
vt 0.473918 0.760160
vt 0.484047 0.760160
vt 0.413144 0.773423
vt 0.413144 0.771185
vt 0.652344 0.015016
vt 0.652344 0.012082
vt 0.654681 0.012082
vt 0.654681 0.015016
vt 0.652344 0.009220
vt 0.654681 0.009220
vt 0.652344 0.006501
vt 0.654681 0.006501
vt 0.652344 0.003991
vt 0.654681 0.003991
vt 0.652344 0.001753
vt 0.654681 0.001753
vt 0.410807 0.773423
vt 0.410807 0.771185
vt 0.410807 0.768675
vt 0.413144 0.768675
vt 0.410807 0.765956
vt 0.413144 0.765956
vt 0.410807 0.763094
vt 0.413144 0.763094
vt 0.410807 0.760160
vt 0.413144 0.760160
vt 0.393666 0.773423
vt 0.393666 0.771185
vt 0.413144 0.623086
vt 0.413144 0.637890
vt 0.413144 0.640227
vt 0.413144 0.671393
vt 0.413144 0.673731
vt 0.436519 0.897307
vt 0.443845 0.897307
vt 0.443845 0.958081
vt 0.436519 0.958081
vt 0.908526 0.441115
vt 0.915852 0.441115
vt 0.915852 0.458256
vt 0.908526 0.458256
vt 0.467645 0.901982
vt 0.460320 0.901982
vt 0.460320 0.841209
vt 0.467645 0.841209
vt 0.863804 0.458256
vt 0.856478 0.458256
vt 0.856478 0.441115
vt 0.863804 0.441115
vt 0.450544 0.841209
vt 0.450544 0.901982
vt 0.846702 0.441115
vt 0.846702 0.458256
vt 0.968448 0.440415
vt 0.968448 0.457556
vt 0.953545 0.457556
vt 0.953545 0.440415
vt 0.308448 0.897307
vt 0.308448 0.958081
vt 0.293545 0.958081
vt 0.293545 0.897307
vt 0.986599 0.674781
vt 0.997507 0.674781
vt 0.997507 0.684556
vt 0.992092 0.691882
vt 0.990181 0.689644
vt 0.988643 0.687135
vt 0.987517 0.684416
vt 0.986830 0.681554
vt 0.986599 0.678620
vt 0.413756 0.981905
vt 0.402848 0.981905
vt 0.402848 0.972612
vt 0.403079 0.969678
vt 0.403766 0.966816
vt 0.404892 0.964097
vt 0.406430 0.961587
vt 0.413756 0.967002
vt 0.986599 0.695388
vt 0.997507 0.695388
vt 0.997507 0.705164
vt 0.992092 0.712490
vt 0.990181 0.710252
vt 0.988643 0.707743
vt 0.987517 0.705024
vt 0.986830 0.702162
vt 0.986599 0.699228
vt 0.443845 0.981905
vt 0.432937 0.981905
vt 0.432937 0.972612
vt 0.433168 0.969678
vt 0.433855 0.966816
vt 0.434981 0.964097
vt 0.436519 0.961587
vt 0.443845 0.967002
vt 0.228485 0.998247
vt 0.228485 0.994408
vt 0.228716 0.991474
vt 0.229403 0.988612
vt 0.230529 0.985893
vt 0.232067 0.983383
vt 0.233979 0.981145
vt 0.239393 0.988471
vt 0.239393 0.998247
vt 0.417262 0.981905
vt 0.417262 0.967002
vt 0.424588 0.961587
vt 0.426126 0.964097
vt 0.427252 0.966816
vt 0.427939 0.969678
vt 0.428170 0.972612
vt 0.428170 0.981905
vt 0.253807 0.998247
vt 0.242899 0.998247
vt 0.242899 0.994408
vt 0.243130 0.991474
vt 0.243817 0.988612
vt 0.244943 0.985893
vt 0.246481 0.983383
vt 0.248393 0.981145
vt 0.253807 0.988471
vt 0.971954 0.457556
vt 0.971954 0.442653
vt 0.979280 0.437238
vt 0.980818 0.439748
vt 0.981944 0.442467
vt 0.982631 0.445329
vt 0.982862 0.448263
vt 0.982862 0.457556
vt 0.632086 0.138065
vt 0.632086 0.080797
vt 0.632086 0.078460
vt 0.632086 0.021192
vt 0.393666 0.760160
vt 0.390549 0.760160
vt 0.390549 0.750867
vt 0.390549 0.637890
vt 0.390549 0.623086
vt 0.393666 0.623086
vt 0.635202 0.015016
vt 0.632086 0.015016
vt 0.632086 0.012082
vt 0.635202 0.012082
vt 0.632086 0.140402
vt 0.390549 0.771185
vt 0.390549 0.768675
vt 0.393666 0.768675
vt 0.632086 0.018855
vt 0.632086 0.009220
vt 0.635202 0.009220
vt 0.390549 0.765956
vt 0.393666 0.765956
vt 0.390549 0.715026
vt 0.390549 0.712688
vt 0.632086 0.006501
vt 0.635202 0.006501
vt 0.390549 0.673731
vt 0.390549 0.763094
vt 0.393666 0.763094
vt 0.390549 0.748529
vt 0.632086 0.003991
vt 0.635202 0.003991
vt 0.390549 0.671393
vt 0.390549 0.640227
vt 0.632086 0.001753
vt 0.635202 0.001753
vt 0.390549 0.773423
vt 0.574818 0.941502
vt 0.585726 0.941502
vt 0.585726 0.975005
vt 0.574818 0.975005
vt 0.376914 0.748529
vt 0.376914 0.750867
vt 0.316140 0.750867
vt 0.316140 0.748529
vt 0.313803 0.748529
vt 0.313803 0.750867
vt 0.296661 0.750867
vt 0.296661 0.748529
vt 0.848689 0.991678
vt 0.837781 0.991678
vt 0.837781 0.974537
vt 0.848689 0.974537
vt 0.955823 0.049281
vt 0.955823 0.063306
vt 0.948031 0.063306
vt 0.948031 0.049281
vt 0.376914 0.712688
vt 0.376914 0.715026
vt 0.316140 0.715026
vt 0.316140 0.712688
vt 0.313803 0.712688
vt 0.313803 0.715026
vt 0.296661 0.715026
vt 0.296661 0.712688
vt 0.823367 0.932073
vt 0.834275 0.932073
vt 0.834275 0.971030
vt 0.823367 0.971030
vt 0.606374 0.975005
vt 0.595466 0.975005
vt 0.595466 0.941502
vt 0.606374 0.941502
vt 0.313803 0.671393
vt 0.313803 0.673731
vt 0.296661 0.673731
vt 0.296661 0.671393
vt 0.305232 0.671393
vt 0.823367 0.974537
vt 0.834275 0.974537
vt 0.834275 0.991678
vt 0.823367 0.991678
vt 0.919203 0.225759
vt 0.930111 0.225759
vt 0.930111 0.139663
vt 0.919203 0.139663
vt 0.919203 0.108497
vt 0.930111 0.108497
vt 0.960108 0.526042
vt 0.971016 0.526042
vt 0.971016 0.586816
vt 0.960108 0.586816
vt 0.313803 0.637890
vt 0.313803 0.640227
vt 0.305232 0.640227
vt 0.296661 0.640227
vt 0.296661 0.637890
vt 0.305232 0.637890
vt 0.913359 0.551365
vt 0.902451 0.551365
vt 0.902451 0.461762
vt 0.913359 0.461762
vt 0.812459 0.018855
vt 0.812459 0.021192
vt 0.751685 0.021192
vt 0.751685 0.018855
vt 0.732207 0.018855
vt 0.749348 0.018855
vt 0.749348 0.021192
vt 0.732207 0.021192
vt 0.749348 0.138065
vt 0.749348 0.140402
vt 0.732207 0.140402
vt 0.732207 0.138065
vt 0.915696 0.180958
vt 0.904788 0.180958
vt 0.904788 0.091355
vt 0.915696 0.091355
vt 0.812459 0.138065
vt 0.812459 0.140402
vt 0.751685 0.140402
vt 0.751685 0.138065
vt 0.749348 0.078460
vt 0.749348 0.080797
vt 0.732207 0.080797
vt 0.732207 0.078460
vt 0.915696 0.274066
vt 0.904788 0.274066
vt 0.904788 0.184464
vt 0.915696 0.184464
vt 0.906736 0.991678
vt 0.895828 0.991678
vt 0.895828 0.974537
vt 0.906736 0.974537
vt 0.545989 0.880728
vt 0.545989 0.937995
vt 0.528848 0.937995
vt 0.528848 0.880728
vt 0.591959 0.880728
vt 0.591959 0.937995
vt 0.574818 0.937995
vt 0.574818 0.880728
vt 0.357825 0.776929
vt 0.418598 0.776929
vt 0.418598 0.893801
vt 0.357825 0.893801
vt 0.886868 0.184464
vt 0.886868 0.274066
vt 0.826094 0.274066
vt 0.826094 0.184464
vt 0.610659 0.472750
vt 0.610659 0.562352
vt 0.593518 0.562352
vt 0.593518 0.472750
vt 0.927773 0.640967
vt 0.916865 0.640967
vt 0.916865 0.551365
vt 0.927773 0.551365
vt 0.944525 0.239004
vt 0.933617 0.239004
vt 0.933617 0.122132
vt 0.944525 0.122132
vt 0.642994 0.965966
vt 0.632086 0.965966
vt 0.632086 0.905192
vt 0.642994 0.905192
vt 0.944525 0.359383
vt 0.933617 0.359383
vt 0.933617 0.242510
vt 0.944525 0.242510
vt 0.881414 0.974537
vt 0.892322 0.974537
vt 0.892322 0.991678
vt 0.881414 0.991678
vt 0.877908 0.991678
vt 0.867000 0.991678
vt 0.867000 0.974537
vt 0.877908 0.974537
vt 0.167322 0.977639
vt 0.156414 0.977639
vt 0.156414 0.920371
vt 0.167322 0.920371
vt 0.646500 0.905192
vt 0.657408 0.905192
vt 0.657408 0.965966
vt 0.646500 0.965966
vt 0.181736 0.977639
vt 0.170828 0.977639
vt 0.170828 0.920371
vt 0.181736 0.920371
vt 0.478943 0.993922
vt 0.468035 0.993922
vt 0.468035 0.976781
vt 0.478943 0.976781
vt 0.983093 0.327438
vt 0.994001 0.327438
vt 0.994001 0.344579
vt 0.983093 0.344579
vt 0.282636 0.977639
vt 0.271728 0.977639
vt 0.271728 0.920371
vt 0.282636 0.920371
vt 0.660914 0.905192
vt 0.671822 0.905192
vt 0.671822 0.965966
vt 0.660914 0.965966
vt 0.686237 0.965966
vt 0.675328 0.965966
vt 0.675328 0.905192
vt 0.686237 0.905192
vt 0.982314 0.822119
vt 0.971406 0.822119
vt 0.971406 0.764852
vt 0.982314 0.764852
vt 0.551833 0.978511
vt 0.562741 0.978511
vt 0.562741 0.995653
vt 0.551833 0.995653
vt 0.859598 0.427948
vt 0.826094 0.427948
vt 0.826094 0.367175
vt 0.859598 0.367175
vt 0.627021 0.719740
vt 0.627021 0.753244
vt 0.609880 0.753244
vt 0.609880 0.719740
vt 0.863493 0.889609
vt 0.863493 0.928567
vt 0.802720 0.928567
vt 0.802720 0.889609
vt 0.089018 0.920371
vt 0.089018 0.959329
vt 0.071876 0.959329
vt 0.071876 0.920371
vt 0.983093 0.633565
vt 0.983093 0.664731
vt 0.974522 0.664731
vt 0.974522 0.633565
vt 0.863493 0.856106
vt 0.863493 0.887272
vt 0.802720 0.887272
vt 0.802720 0.856106
vt 0.983093 0.732517
vt 0.974522 0.732517
vt 0.863493 0.853768
vt 0.802720 0.853768
vt 0.537419 0.978511
vt 0.548327 0.978511
vt 0.548327 0.995653
vt 0.537419 0.995653
vt 0.960108 0.590322
vt 0.971016 0.590322
vt 0.971016 0.651096
vt 0.960108 0.651096
vt 0.931629 0.457556
vt 0.920721 0.457556
vt 0.974522 0.461762
vt 0.985430 0.461762
vt 0.985430 0.492928
vt 0.974522 0.492928
vt 0.527290 0.995653
vt 0.516382 0.995653
vt 0.516382 0.978511
vt 0.527290 0.978511
vt 0.937512 0.993922
vt 0.937513 0.983014
vt 0.946083 0.983014
vt 0.946083 0.993922
vt 0.994390 0.870426
vt 0.994390 0.881335
vt 0.985820 0.881335
vt 0.985820 0.870426
vt 0.930111 0.106159
vt 0.919203 0.106159
vt 0.986599 0.732517
vt 0.986599 0.721609
vt 0.995170 0.721609
vt 0.995170 0.732517
vt 0.955823 0.035257
vt 0.948031 0.035257
vt 0.970237 0.096809
vt 0.959329 0.096809
vt 0.985430 0.527600
vt 0.974522 0.527600
vt 0.974522 0.496434
vt 0.985430 0.496434
vt 0.971016 0.715376
vt 0.960108 0.715376
vt 0.960108 0.654602
vt 0.971016 0.654602
vt 0.930111 0.180958
vt 0.919203 0.180958
vt 0.919203 0.142000
vt 0.930111 0.142000
vt 0.627021 0.976563
vt 0.616113 0.976563
vt 0.616113 0.943060
vt 0.627021 0.943060
vt 0.919203 0.324711
vt 0.930111 0.324711
vt 0.930111 0.363668
vt 0.919203 0.363668
vt 0.973353 0.323932
vt 0.962445 0.323932
vt 0.962445 0.263158
vt 0.973353 0.263158
vt 0.512876 0.995653
vt 0.501967 0.995653
vt 0.501967 0.978511
vt 0.512876 0.978511
vt 0.937512 0.946004
vt 0.948421 0.946004
vt 0.948421 0.979508
vt 0.937512 0.979508
vt 0.848689 0.971030
vt 0.837781 0.971030
vt 0.837781 0.932073
vt 0.848689 0.932073
vt 0.812459 0.230005
vt 0.822588 0.018855
vt 0.822588 0.021192
vt 0.822588 0.078460
vt 0.822588 0.080797
vt 0.822588 0.138065
vt 0.822588 0.140402
vt 0.822588 0.230005
vt 0.387043 0.637890
vt 0.387043 0.640227
vt 0.387043 0.671393
vt 0.387043 0.673731
vt 0.387043 0.712688
vt 0.387043 0.715026
vt 0.387043 0.748529
vt 0.387043 0.750867
vt 0.376914 0.673731
vt 0.376914 0.671393
vt 0.376914 0.640227
vt 0.376914 0.637890
vt 0.812459 0.015016
vt 0.812459 0.012082
vt 0.822588 0.012082
vt 0.822588 0.015016
vt 0.812459 0.009220
vt 0.822588 0.009220
vt 0.812459 0.006501
vt 0.822588 0.006501
vt 0.812459 0.003991
vt 0.822588 0.003991
vt 0.812459 0.001753
vt 0.822588 0.001753
vt 0.376914 0.773423
vt 0.376914 0.771185
vt 0.387043 0.771185
vt 0.387043 0.773423
vt 0.376914 0.768675
vt 0.387043 0.768675
vt 0.376914 0.765956
vt 0.387043 0.765956
vt 0.376914 0.763094
vt 0.387043 0.763094
vt 0.376914 0.760160
vt 0.387043 0.760160
vt 0.316140 0.773423
vt 0.316140 0.771185
vt 0.749348 0.015016
vt 0.749348 0.012082
vt 0.751685 0.012082
vt 0.751685 0.015016
vt 0.749348 0.009220
vt 0.751685 0.009220
vt 0.749348 0.006501
vt 0.751685 0.006501
vt 0.749348 0.003991
vt 0.751685 0.003991
vt 0.749348 0.001753
vt 0.751685 0.001753
vt 0.313803 0.773423
vt 0.313803 0.771185
vt 0.313803 0.768675
vt 0.316140 0.768675
vt 0.313803 0.765956
vt 0.316140 0.765956
vt 0.313803 0.763094
vt 0.316140 0.763094
vt 0.313803 0.760160
vt 0.316140 0.760160
vt 0.296661 0.773423
vt 0.296661 0.771185
vt 0.316140 0.637890
vt 0.316140 0.640227
vt 0.316140 0.671393
vt 0.316140 0.673731
vt 0.749348 0.230005
vt 0.751685 0.230005
vt 0.692156 0.905192
vt 0.699482 0.905192
vt 0.699482 0.965966
vt 0.692156 0.965966
vt 0.945694 0.863414
vt 0.953020 0.863414
vt 0.953020 0.880556
vt 0.945694 0.880556
vt 0.905138 0.705247
vt 0.897812 0.705247
vt 0.897812 0.644473
vt 0.905138 0.644473
vt 0.884412 0.458256
vt 0.877086 0.458256
vt 0.877086 0.441115
vt 0.884412 0.441115
vt 0.888037 0.644473
vt 0.888037 0.705247
vt 0.867310 0.441115
vt 0.867310 0.458256
vt 0.370513 0.961587
vt 0.370513 0.978729
vt 0.355610 0.978729
vt 0.355610 0.961587
vt 0.326858 0.897307
vt 0.326858 0.958081
vt 0.311954 0.958081
vt 0.311954 0.897307
vt 0.167322 0.998247
vt 0.156414 0.998247
vt 0.156414 0.988471
vt 0.161828 0.981145
vt 0.163740 0.983383
vt 0.165278 0.985893
vt 0.166404 0.988612
vt 0.167091 0.991474
vt 0.167322 0.994408
vt 0.030581 0.962835
vt 0.041490 0.962835
vt 0.041490 0.972128
vt 0.041259 0.975062
vt 0.040572 0.977924
vt 0.039445 0.980643
vt 0.037907 0.983153
vt 0.030581 0.977738
vt 0.181736 0.998247
vt 0.170828 0.998247
vt 0.170828 0.988471
vt 0.176243 0.981145
vt 0.178154 0.983383
vt 0.179692 0.985893
vt 0.180818 0.988612
vt 0.181505 0.991474
vt 0.181736 0.994408
vt 0.092524 0.962835
vt 0.103432 0.962835
vt 0.103432 0.972128
vt 0.103201 0.975062
vt 0.102514 0.977924
vt 0.101388 0.980643
vt 0.099850 0.983153
vt 0.092524 0.977738
vt 0.224979 0.981145
vt 0.224979 0.984984
vt 0.224748 0.987918
vt 0.224061 0.990780
vt 0.222935 0.993499
vt 0.221397 0.996009
vt 0.219485 0.998247
vt 0.214071 0.990921
vt 0.214071 0.981145
vt 0.089018 0.962835
vt 0.089018 0.977738
vt 0.081692 0.983153
vt 0.080154 0.980643
vt 0.079028 0.977924
vt 0.078340 0.975062
vt 0.078110 0.972128
vt 0.078110 0.962835
vt 0.199657 0.981145
vt 0.210565 0.981145
vt 0.210565 0.984984
vt 0.210334 0.987918
vt 0.209647 0.990780
vt 0.208520 0.993499
vt 0.206983 0.996009
vt 0.205071 0.998247
vt 0.199657 0.990921
vt 0.055904 0.962835
vt 0.055904 0.977738
vt 0.048578 0.983153
vt 0.047040 0.980643
vt 0.045914 0.977924
vt 0.045227 0.975062
vt 0.044996 0.972128
vt 0.044996 0.962835
vt 0.729090 0.138065
vt 0.729090 0.080797
vt 0.729090 0.078460
vt 0.729090 0.021192
vt 0.296661 0.760160
vt 0.293545 0.760160
vt 0.293545 0.750867
vt 0.293545 0.637890
vt 0.732207 0.015016
vt 0.729090 0.015016
vt 0.729090 0.012082
vt 0.732207 0.012082
vt 0.732207 0.230005
vt 0.729090 0.230005
vt 0.729090 0.140402
vt 0.293545 0.771185
vt 0.293545 0.768675
vt 0.296661 0.768675
vt 0.729090 0.018855
vt 0.729090 0.009220
vt 0.732207 0.009220
vt 0.293545 0.765956
vt 0.296661 0.765956
vt 0.293545 0.715026
vt 0.293545 0.712688
vt 0.729090 0.006501
vt 0.732207 0.006501
vt 0.293545 0.673731
vt 0.293545 0.763094
vt 0.296661 0.763094
vt 0.293545 0.748529
vt 0.729090 0.003991
vt 0.732207 0.003991
vt 0.293545 0.671393
vt 0.293545 0.640227
vt 0.729090 0.001753
vt 0.732207 0.001753
vt 0.293545 0.773423
vt 0.979587 0.327438
vt 0.979587 0.360941
vt 0.968678 0.360941
vt 0.968678 0.327438
vt 0.473918 0.497643
vt 0.413144 0.497643
vt 0.413144 0.495305
vt 0.473918 0.495305
vt 0.410807 0.497643
vt 0.393666 0.497643
vt 0.393666 0.495305
vt 0.410807 0.495305
vt 0.487553 0.995653
vt 0.487553 0.978511
vt 0.498461 0.978511
vt 0.498461 0.995653
vt 0.955823 0.133819
vt 0.955823 0.147844
vt 0.948031 0.147844
vt 0.948031 0.133819
vt 0.473918 0.533484
vt 0.413144 0.533484
vt 0.413144 0.531146
vt 0.473918 0.531146
vt 0.410807 0.533484
vt 0.393666 0.533484
vt 0.393666 0.531146
vt 0.410807 0.531146
vt 0.863493 0.932073
vt 0.863493 0.971030
vt 0.852585 0.971030
vt 0.852585 0.932073
vt 0.971405 0.862635
vt 0.971405 0.829132
vt 0.982314 0.829132
vt 0.982314 0.862635
vt 0.410807 0.574779
vt 0.402236 0.574779
vt 0.393666 0.574779
vt 0.393666 0.572441
vt 0.410807 0.572441
vt 0.606374 0.978511
vt 0.606374 0.995653
vt 0.595466 0.995653
vt 0.595466 0.978511
vt 0.616113 0.898259
vt 0.616113 0.867093
vt 0.627021 0.867093
vt 0.627021 0.898259
vt 0.973353 0.198878
vt 0.973353 0.259652
vt 0.962445 0.259652
vt 0.962445 0.198878
vt 0.410807 0.608282
vt 0.402236 0.608282
vt 0.393666 0.608282
vt 0.393666 0.605945
vt 0.402236 0.605945
vt 0.410807 0.605945
vt 0.913359 0.640967
vt 0.902451 0.640967
vt 0.812459 0.441154
vt 0.751685 0.441154
vt 0.751685 0.438817
vt 0.812459 0.438817
vt 0.732207 0.441154
vt 0.732207 0.438817
vt 0.749348 0.438817
vt 0.749348 0.441154
vt 0.749348 0.321944
vt 0.732207 0.321944
vt 0.732207 0.319607
vt 0.749348 0.319607
vt 0.915696 0.001753
vt 0.904788 0.001753
vt 0.812459 0.321944
vt 0.751685 0.321944
vt 0.751685 0.319607
vt 0.812459 0.319607
vt 0.749348 0.381549
vt 0.732207 0.381549
vt 0.732207 0.379212
vt 0.749348 0.379212
vt 0.915696 0.363669
vt 0.904788 0.363669
vt 0.581051 0.995653
vt 0.581051 0.978511
vt 0.591959 0.978511
vt 0.591959 0.995653
vt 0.504695 0.937996
vt 0.487553 0.937996
vt 0.487553 0.880728
vt 0.504695 0.880728
vt 0.948421 0.942498
vt 0.931279 0.942498
vt 0.931279 0.885231
vt 0.948421 0.885231
vt 0.551833 0.877222
vt 0.551833 0.760349
vt 0.612607 0.760349
vt 0.612607 0.877222
vt 0.886868 0.363669
vt 0.826094 0.363669
vt 0.610659 0.651954
vt 0.593518 0.651954
vt 0.927773 0.461762
vt 0.916865 0.461762
vt 0.956602 0.461762
vt 0.956602 0.578635
vt 0.945694 0.578635
vt 0.945694 0.461762
vt 0.717403 0.965966
vt 0.717403 0.905192
vt 0.728311 0.905192
vt 0.728311 0.965966
vt 0.956602 0.644473
vt 0.956602 0.761346
vt 0.945694 0.761346
vt 0.945694 0.644473
vt 0.577545 0.978511
vt 0.577545 0.995653
vt 0.566637 0.995653
vt 0.566637 0.978511
vt 0.985820 0.781993
vt 0.985820 0.764852
vt 0.996728 0.764852
vt 0.996728 0.781993
vt 0.196150 0.920371
vt 0.196150 0.977639
vt 0.185242 0.977639
vt 0.185242 0.920371
vt 0.742725 0.905192
vt 0.742725 0.965966
vt 0.731817 0.965966
vt 0.731817 0.905192
vt 0.210565 0.920371
vt 0.210565 0.977639
vt 0.199657 0.977639
vt 0.199657 0.920371
vt 0.985820 0.802641
vt 0.985820 0.785499
vt 0.996728 0.785499
vt 0.996728 0.802641
vt 0.996728 0.806147
vt 0.996728 0.823288
vt 0.985820 0.823288
vt 0.985820 0.806147
vt 0.984651 0.001753
vt 0.984651 0.059021
vt 0.973743 0.059021
vt 0.973743 0.001753
vt 0.713897 0.905192
vt 0.713897 0.965966
vt 0.702988 0.965966
vt 0.702988 0.905192
vt 0.746231 0.965966
vt 0.746231 0.905192
vt 0.757139 0.905192
vt 0.757139 0.965966
vt 0.984651 0.100315
vt 0.984651 0.157583
vt 0.973743 0.157583
vt 0.973743 0.100315
vt 0.996728 0.829132
vt 0.996728 0.846273
vt 0.985820 0.846273
vt 0.985820 0.829132
vt 0.863104 0.427948
vt 0.863104 0.367175
vt 0.896607 0.367175
vt 0.896607 0.427948
vt 0.819861 0.965576
vt 0.802720 0.965576
vt 0.802720 0.932073
vt 0.819861 0.932073
vt 0.927773 0.788320
vt 0.867000 0.788320
vt 0.867000 0.749362
vt 0.927773 0.749362
vt 0.109665 0.959329
vt 0.092524 0.959329
vt 0.092524 0.920372
vt 0.109665 0.920372
vt 0.983093 0.699403
vt 0.974522 0.699403
vt 0.974522 0.668237
vt 0.983093 0.668237
vt 0.927773 0.821823
vt 0.867000 0.821823
vt 0.867000 0.790657
vt 0.927773 0.790657
vt 0.976860 0.198878
vt 0.985430 0.198878
vt 0.867000 0.824161
vt 0.927773 0.824161
vt 0.996728 0.849779
vt 0.996728 0.866920
vt 0.985820 0.866920
vt 0.985820 0.849779
vt 0.977249 0.885231
vt 0.977249 0.946004
vt 0.966341 0.946004
vt 0.966341 0.885231
vt 0.970237 0.194203
vt 0.959329 0.194203
vt 0.985430 0.531107
vt 0.985430 0.562273
vt 0.974522 0.562273
vt 0.974522 0.531107
vt 0.616113 0.997211
vt 0.616113 0.980070
vt 0.627021 0.980070
vt 0.627021 0.997211
vt 0.001753 0.984651
vt 0.010324 0.984651
vt 0.010324 0.995559
vt 0.001753 0.995559
vt 0.022400 0.995559
vt 0.013830 0.995559
vt 0.013830 0.984651
vt 0.022400 0.984651
vt 0.616113 0.864755
vt 0.627021 0.864755
vt 0.293545 0.985411
vt 0.302116 0.985411
vt 0.302116 0.996319
vt 0.293545 0.996319
vt 0.955823 0.161868
vt 0.948031 0.161868
vt 0.974522 0.630059
vt 0.985430 0.630059
vt 0.974522 0.596945
vt 0.974522 0.565779
vt 0.985430 0.565779
vt 0.985430 0.596945
vt 0.001753 0.981145
vt 0.001753 0.920371
vt 0.012661 0.920371
vt 0.012661 0.981145
vt 0.616113 0.939554
vt 0.616113 0.900596
vt 0.627021 0.900596
vt 0.627021 0.939554
vt 0.951927 0.983014
vt 0.951927 0.949510
vt 0.962835 0.949510
vt 0.962835 0.983014
vt 0.942187 0.602009
vt 0.942187 0.640967
vt 0.931279 0.640967
vt 0.931279 0.602009
vt 0.016167 0.981145
vt 0.016167 0.920371
vt 0.027075 0.920371
vt 0.027075 0.981145
vt 0.986368 0.457556
vt 0.986368 0.440415
vt 0.997277 0.440415
vt 0.997277 0.457556
vt 0.977249 0.949510
vt 0.977249 0.983014
vt 0.966341 0.983014
vt 0.966341 0.949510
vt 0.895828 0.971030
vt 0.895828 0.932073
vt 0.906736 0.932073
vt 0.906736 0.971030
vt 0.822588 0.319607
vt 0.822588 0.321944
vt 0.822588 0.379212
vt 0.822588 0.381549
vt 0.822588 0.438817
vt 0.822588 0.441154
vt 0.473918 0.608282
vt 0.473918 0.605945
vt 0.473918 0.574779
vt 0.473918 0.572441
vt 0.484047 0.495305
vt 0.484047 0.497643
vt 0.484047 0.531146
vt 0.484047 0.533484
vt 0.484047 0.572441
vt 0.484047 0.574779
vt 0.484047 0.605945
vt 0.484047 0.608282
vt 0.812459 0.444994
vt 0.822588 0.444994
vt 0.822588 0.447928
vt 0.812459 0.447928
vt 0.822588 0.450790
vt 0.812459 0.450790
vt 0.822588 0.453509
vt 0.812459 0.453509
vt 0.822588 0.456018
vt 0.812459 0.456018
vt 0.822588 0.458256
vt 0.812459 0.458256
vt 0.473918 0.472750
vt 0.484047 0.472750
vt 0.484047 0.474988
vt 0.473918 0.474988
vt 0.484047 0.477497
vt 0.473918 0.477497
vt 0.484047 0.480216
vt 0.473918 0.480216
vt 0.484047 0.483078
vt 0.473918 0.483078
vt 0.484047 0.486012
vt 0.473918 0.486012
vt 0.413144 0.472750
vt 0.413144 0.474988
vt 0.749348 0.444994
vt 0.751685 0.444994
vt 0.751685 0.447928
vt 0.749348 0.447928
vt 0.751685 0.450790
vt 0.749348 0.450790
vt 0.751685 0.453509
vt 0.749348 0.453509
vt 0.751685 0.456018
vt 0.749348 0.456018
vt 0.751685 0.458256
vt 0.749348 0.458256
vt 0.410807 0.472750
vt 0.410807 0.474988
vt 0.413144 0.477497
vt 0.410807 0.477497
vt 0.413144 0.480216
vt 0.410807 0.480216
vt 0.413144 0.483078
vt 0.410807 0.483078
vt 0.413144 0.486012
vt 0.410807 0.486012
vt 0.393666 0.472750
vt 0.393666 0.474988
vt 0.413144 0.572441
vt 0.413144 0.574779
vt 0.413144 0.605945
vt 0.413144 0.608282
vt 0.784799 0.905192
vt 0.784799 0.965966
vt 0.777473 0.965966
vt 0.777473 0.905192
vt 0.745139 0.969472
vt 0.745139 0.986613
vt 0.737813 0.986613
vt 0.737813 0.969472
vt 0.900113 0.427948
vt 0.900113 0.367175
vt 0.907439 0.367175
vt 0.907439 0.427948
vt 0.887918 0.458256
vt 0.887918 0.441115
vt 0.895244 0.441115
vt 0.895244 0.458256
vt 0.917215 0.367175
vt 0.917215 0.427948
vt 0.905020 0.441115
vt 0.905020 0.458256
vt 0.330364 0.961587
vt 0.345267 0.961587
vt 0.345267 0.978729
vt 0.330364 0.978729
vt 0.357825 0.897307
vt 0.372728 0.897307
vt 0.372728 0.958081
vt 0.357825 0.958081
vt 0.268221 0.981145
vt 0.268221 0.984984
vt 0.267991 0.987918
vt 0.267303 0.990780
vt 0.266177 0.993499
vt 0.264639 0.996009
vt 0.262728 0.998247
vt 0.257313 0.990921
vt 0.257313 0.981145
vt 0.074603 0.962835
vt 0.074603 0.977738
vt 0.067277 0.983153
vt 0.065740 0.980643
vt 0.064613 0.977924
vt 0.063926 0.975062
vt 0.063695 0.972128
vt 0.063695 0.962835
vt 0.282636 0.981145
vt 0.282636 0.984984
vt 0.282405 0.987918
vt 0.281718 0.990780
vt 0.280591 0.993499
vt 0.279054 0.996009
vt 0.277142 0.998247
vt 0.271728 0.990921
vt 0.271728 0.981145
vt 0.985430 0.736023
vt 0.985430 0.750926
vt 0.978104 0.756341
vt 0.976566 0.753831
vt 0.975440 0.751112
vt 0.974753 0.748250
vt 0.974522 0.745316
vt 0.974522 0.736023
vt 0.196150 0.998247
vt 0.185242 0.998247
vt 0.185242 0.988471
vt 0.190657 0.981145
vt 0.192568 0.983383
vt 0.194106 0.985893
vt 0.195232 0.988612
vt 0.195920 0.991474
vt 0.196150 0.994408
vt 0.976860 0.231992
vt 0.987768 0.231992
vt 0.987768 0.241285
vt 0.987537 0.244219
vt 0.986850 0.247081
vt 0.985723 0.249800
vt 0.984186 0.252310
vt 0.976860 0.246895
vt 0.142000 0.998247
vt 0.142000 0.988471
vt 0.147414 0.981145
vt 0.149326 0.983383
vt 0.150863 0.985893
vt 0.151990 0.988612
vt 0.152677 0.991474
vt 0.152908 0.994408
vt 0.152908 0.998247
vt 0.976860 0.255816
vt 0.987768 0.255816
vt 0.987768 0.265109
vt 0.987537 0.268043
vt 0.986850 0.270905
vt 0.985723 0.273624
vt 0.984186 0.276134
vt 0.976860 0.270719
vt 0.729090 0.379212
vt 0.729090 0.321944
vt 0.729090 0.438817
vt 0.729090 0.381549
vt 0.393666 0.486012
vt 0.390549 0.495305
vt 0.390549 0.486012
vt 0.390549 0.608282
vt 0.732207 0.444994
vt 0.732207 0.447928
vt 0.729090 0.447928
vt 0.729090 0.444994
vt 0.729090 0.319607
vt 0.393666 0.477497
vt 0.390549 0.477497
vt 0.390549 0.474988
vt 0.729090 0.441154
vt 0.732207 0.450790
vt 0.729090 0.450790
vt 0.393666 0.480216
vt 0.390549 0.480216
vt 0.390549 0.533484
vt 0.390549 0.531146
vt 0.732207 0.453509
vt 0.729090 0.453509
vt 0.390549 0.572441
vt 0.393666 0.483078
vt 0.390549 0.483078
vt 0.390549 0.497643
vt 0.732207 0.456018
vt 0.729090 0.456018
vt 0.390549 0.574779
vt 0.390549 0.605945
vt 0.732207 0.458256
vt 0.729090 0.458256
vt 0.390549 0.472750
vt 0.632086 0.470574
vt 0.632086 0.467195
vt 0.713897 0.467195
vt 0.713897 0.470574
vt 0.065643 0.013440
vt 0.032140 0.013440
vt 0.032140 0.001753
vt 0.065643 0.001753
vt 0.029803 0.013440
vt 0.029803 0.001753
vt 0.067981 0.013440
vt 0.067981 0.001753
vt 0.106938 0.013440
vt 0.106938 0.001753
vt 0.109276 0.013440
vt 0.109276 0.001753
vt 0.140442 0.013440
vt 0.140442 0.001753
vt 0.142779 0.013440
vt 0.142779 0.001753
vt 0.013440 0.024348
vt 0.013440 0.026686
vt 0.001753 0.026686
vt 0.001753 0.024348
vt 0.013440 0.086291
vt 0.013440 0.143558
vt 0.001753 0.143558
vt 0.001753 0.086291
vt 0.013440 0.145896
vt 0.001753 0.145896
vt 0.013440 0.083953
vt 0.001753 0.083953
vt 0.013440 0.235498
vt 0.001753 0.235498
vt 0.157583 0.013440
vt 0.157583 0.001753
vt 0.013563 0.019409
vt 0.013440 0.020968
vt 0.001753 0.020509
vt 0.001984 0.017575
vt 0.013821 0.018336
vt 0.002671 0.014713
vt 0.014243 0.017316
vt 0.003797 0.011994
vt 0.014820 0.016375
vt 0.005335 0.009485
vt 0.015536 0.015536
vt 0.007247 0.007247
vt 0.016376 0.014820
vt 0.009485 0.005335
vt 0.017316 0.014243
vt 0.011994 0.003797
vt 0.018336 0.013821
vt 0.014713 0.002671
vt 0.019409 0.013563
vt 0.017575 0.001984
vt 0.020969 0.013440
vt 0.020509 0.001753
vt 0.032140 0.457556
vt 0.065643 0.457556
vt 0.065643 0.469243
vt 0.032140 0.469243
vt 0.029802 0.457556
vt 0.029802 0.469243
vt 0.067981 0.457556
vt 0.067981 0.469243
vt 0.106938 0.457556
vt 0.106938 0.469243
vt 0.109276 0.457556
vt 0.109276 0.469243
vt 0.140442 0.457556
vt 0.140442 0.469243
vt 0.142779 0.457556
vt 0.142779 0.469243
vt 0.013440 0.444311
vt 0.013440 0.446648
vt 0.001753 0.446648
vt 0.001753 0.444311
vt 0.013440 0.327438
vt 0.013440 0.384706
vt 0.001753 0.384706
vt 0.001753 0.327438
vt 0.013440 0.325101
vt 0.001753 0.325101
vt 0.013440 0.387043
vt 0.001753 0.387043
vt 0.157583 0.457556
vt 0.157583 0.469243
vt 0.013440 0.450028
vt 0.013563 0.451587
vt 0.001984 0.453421
vt 0.001753 0.450487
vt 0.013821 0.452660
vt 0.002671 0.456283
vt 0.014243 0.453680
vt 0.003797 0.459002
vt 0.014820 0.454621
vt 0.005335 0.461512
vt 0.015536 0.455460
vt 0.007247 0.463750
vt 0.016375 0.456177
vt 0.009485 0.465661
vt 0.017316 0.456753
vt 0.011994 0.467199
vt 0.018336 0.457176
vt 0.014713 0.468325
vt 0.019409 0.457433
vt 0.017575 0.469012
vt 0.020969 0.457556
vt 0.020509 0.469243
vt 0.283026 0.013440
vt 0.249523 0.013440
vt 0.249523 0.001753
vt 0.283026 0.001753
vt 0.285364 0.013440
vt 0.285364 0.001753
vt 0.247185 0.013440
vt 0.247185 0.001753
vt 0.208228 0.013440
vt 0.208228 0.001753
vt 0.205890 0.013440
vt 0.205890 0.001753
vt 0.174724 0.013440
vt 0.174724 0.001753
vt 0.172387 0.013440
vt 0.172387 0.001753
vt 0.301726 0.026686
vt 0.301726 0.024348
vt 0.313413 0.024348
vt 0.313413 0.026686
vt 0.301726 0.143558
vt 0.301726 0.086291
vt 0.313413 0.086291
vt 0.313413 0.143558
vt 0.301726 0.145896
vt 0.313413 0.145896
vt 0.301726 0.083953
vt 0.313413 0.083953
vt 0.301726 0.235498
vt 0.313413 0.235498
vt 0.301726 0.020968
vt 0.301603 0.019409
vt 0.313182 0.017575
vt 0.313413 0.020509
vt 0.301346 0.018336
vt 0.312495 0.014713
vt 0.300923 0.017316
vt 0.311369 0.011994
vt 0.300347 0.016376
vt 0.309831 0.009485
vt 0.299630 0.015536
vt 0.307920 0.007247
vt 0.298791 0.014820
vt 0.305682 0.005335
vt 0.297850 0.014243
vt 0.303172 0.003797
vt 0.296830 0.013821
vt 0.300453 0.002671
vt 0.295757 0.013563
vt 0.297591 0.001984
vt 0.294198 0.013440
vt 0.294657 0.001753
vt 0.249523 0.457556
vt 0.283026 0.457556
vt 0.283026 0.469243
vt 0.249523 0.469243
vt 0.285364 0.457556
vt 0.285364 0.469243
vt 0.247185 0.457556
vt 0.247185 0.469243
vt 0.208228 0.457556
vt 0.208228 0.469243
vt 0.205890 0.457556
vt 0.205890 0.469243
vt 0.174724 0.457556
vt 0.174724 0.469243
vt 0.172387 0.457556
vt 0.172387 0.469243
vt 0.301726 0.446648
vt 0.301726 0.444311
vt 0.313413 0.444311
vt 0.313413 0.446648
vt 0.301726 0.384706
vt 0.301726 0.327438
vt 0.313413 0.327438
vt 0.313413 0.384706
vt 0.301726 0.325101
vt 0.313413 0.325101
vt 0.301726 0.387043
vt 0.313413 0.387043
vt 0.301603 0.451587
vt 0.301726 0.450028
vt 0.313413 0.450487
vt 0.313182 0.453421
vt 0.301346 0.452660
vt 0.312495 0.456283
vt 0.300923 0.453680
vt 0.311369 0.459002
vt 0.300347 0.454621
vt 0.309831 0.461512
vt 0.299630 0.455460
vt 0.307920 0.463750
vt 0.298791 0.456177
vt 0.305682 0.465661
vt 0.297850 0.456753
vt 0.303172 0.467199
vt 0.296830 0.457176
vt 0.300453 0.468325
vt 0.295757 0.457433
vt 0.297591 0.469012
vt 0.294198 0.457556
vt 0.294657 0.469243
vt 0.053956 0.472750
vt 0.056294 0.472750
vt 0.095251 0.472750
vt 0.097589 0.472750
vt 0.128755 0.472750
vt 0.131092 0.472750
vt 0.145896 0.472750
vt 0.160700 0.472750
vt 0.163037 0.472750
vt 0.194203 0.472750
vt 0.196541 0.472750
vt 0.235498 0.472750
vt 0.237836 0.472750
vt 0.271339 0.472750
vt 0.273677 0.472750
vt 0.282511 0.472750
vt 0.284070 0.472872
vt 0.285143 0.473130
vt 0.286163 0.473552
vt 0.287104 0.474129
vt 0.287943 0.474846
vt 0.288659 0.475685
vt 0.289236 0.476626
vt 0.289658 0.477645
vt 0.289916 0.478718
vt 0.290039 0.480278
vt 0.290039 0.483658
vt 0.290039 0.485995
vt 0.290039 0.543263
vt 0.290039 0.545600
vt 0.290039 0.602868
vt 0.290039 0.605205
vt 0.290039 0.694807
vt 0.290039 0.784410
vt 0.290039 0.786747
vt 0.290039 0.844015
vt 0.290039 0.846352
vt 0.290039 0.903620
vt 0.290039 0.905957
vt 0.290039 0.909337
vt 0.289916 0.910897
vt 0.289658 0.911970
vt 0.289236 0.912989
vt 0.288659 0.913930
vt 0.287943 0.914769
vt 0.287104 0.915486
vt 0.286163 0.916063
vt 0.285143 0.916485
vt 0.284070 0.916743
vt 0.282511 0.916865
vt 0.273677 0.916865
vt 0.271339 0.916865
vt 0.237836 0.916865
vt 0.235498 0.916865
vt 0.196541 0.916865
vt 0.194203 0.916865
vt 0.163037 0.916865
vt 0.160700 0.916865
vt 0.145896 0.916865
vt 0.131092 0.916865
vt 0.128755 0.916865
vt 0.097589 0.916865
vt 0.095251 0.916865
vt 0.056294 0.916865
vt 0.053956 0.916865
vt 0.020453 0.916865
vt 0.018115 0.916865
vt 0.009281 0.916865
vt 0.007722 0.916743
vt 0.006649 0.916485
vt 0.005629 0.916063
vt 0.004688 0.915486
vt 0.003849 0.914769
vt 0.003132 0.913930
vt 0.002556 0.912989
vt 0.002133 0.911970
vt 0.001876 0.910897
vt 0.001753 0.909337
vt 0.001753 0.905957
vt 0.001753 0.903620
vt 0.001753 0.846352
vt 0.001753 0.844015
vt 0.001753 0.786747
vt 0.001753 0.784410
vt 0.001753 0.694807
vt 0.001753 0.605205
vt 0.001753 0.602868
vt 0.001753 0.545600
vt 0.001753 0.543263
vt 0.001753 0.485995
vt 0.001753 0.483658
vt 0.001753 0.480278
vt 0.001876 0.478718
vt 0.002133 0.477645
vt 0.002556 0.476626
vt 0.003132 0.475685
vt 0.003849 0.474846
vt 0.004688 0.474129
vt 0.005629 0.473552
vt 0.006649 0.473130
vt 0.007722 0.472872
vt 0.009281 0.472750
vt 0.018115 0.472750
vt 0.020453 0.472750
vt 0.717403 0.896254
vt 0.717403 0.892874
vt 0.799213 0.892874
vt 0.799213 0.896254
vt 0.487553 0.522857
vt 0.487553 0.489353
vt 0.569364 0.489353
vt 0.569364 0.522857
vt 0.487553 0.740240
vt 0.487553 0.706736
vt 0.569364 0.706736
vt 0.569364 0.740240
vt 0.487553 0.487016
vt 0.569364 0.487016
vt 0.487553 0.742577
vt 0.569364 0.742577
vt 0.487553 0.525194
vt 0.569364 0.525194
vt 0.487553 0.704399
vt 0.569364 0.704399
vt 0.487553 0.564152
vt 0.569364 0.564152
vt 0.487553 0.665441
vt 0.569364 0.665441
vt 0.487553 0.566489
vt 0.569364 0.566489
vt 0.487553 0.663104
vt 0.569364 0.663104
vt 0.487553 0.597655
vt 0.569364 0.597655
vt 0.487553 0.631938
vt 0.569364 0.631938
vt 0.487553 0.599993
vt 0.569364 0.599993
vt 0.487553 0.629600
vt 0.569364 0.629600
vt 0.632086 0.892874
vt 0.632086 0.890537
vt 0.713897 0.890537
vt 0.713897 0.892874
vt 0.717403 0.472912
vt 0.717403 0.470574
vt 0.799213 0.470574
vt 0.799213 0.472912
vt 0.632086 0.830932
vt 0.632086 0.773664
vt 0.713897 0.773664
vt 0.713897 0.830932
vt 0.717403 0.589785
vt 0.717403 0.532517
vt 0.799213 0.532517
vt 0.799213 0.589785
vt 0.632086 0.771327
vt 0.713897 0.771327
vt 0.717403 0.592122
vt 0.799213 0.592122
vt 0.632086 0.833269
vt 0.713897 0.833269
vt 0.717403 0.530179
vt 0.799213 0.530180
vt 0.632086 0.681724
vt 0.713897 0.681724
vt 0.717403 0.681724
vt 0.799213 0.681724
vt 0.487553 0.614796
vt 0.569364 0.614796
vt 0.632086 0.897813
vt 0.632086 0.896254
vt 0.713897 0.896254
vt 0.713897 0.897813
vt 0.717403 0.467195
vt 0.717403 0.465635
vt 0.799213 0.465635
vt 0.799213 0.467195
vt 0.632086 0.898886
vt 0.713897 0.898886
vt 0.717403 0.464562
vt 0.799213 0.464562
vt 0.632086 0.899906
vt 0.713897 0.899906
vt 0.717403 0.463543
vt 0.799213 0.463543
vt 0.632086 0.900847
vt 0.713897 0.900847
vt 0.717403 0.462602
vt 0.799213 0.462602
vt 0.632086 0.901686
vt 0.713897 0.901686
vt 0.717403 0.461762
vt 0.799213 0.461762
vt 0.487553 0.473589
vt 0.487553 0.472750
vt 0.569364 0.472750
vt 0.569364 0.473589
vt 0.487553 0.756843
vt 0.487553 0.756004
vt 0.569364 0.756004
vt 0.569364 0.756843
vt 0.487553 0.474530
vt 0.569364 0.474530
vt 0.487553 0.755063
vt 0.569364 0.755063
vt 0.487553 0.475549
vt 0.569364 0.475549
vt 0.487553 0.754043
vt 0.569364 0.754043
vt 0.487553 0.476622
vt 0.569364 0.476622
vt 0.487553 0.752970
vt 0.569364 0.752970
vt 0.487553 0.478182
vt 0.569364 0.478182
vt 0.487553 0.751411
vt 0.569364 0.751411
vt 0.802720 0.729252
vt 0.802720 0.695749
vt 0.884530 0.695749
vt 0.884530 0.729252
vt 0.802720 0.511869
vt 0.802720 0.478366
vt 0.884530 0.478366
vt 0.884530 0.511869
vt 0.802720 0.731590
vt 0.884530 0.731590
vt 0.802720 0.476029
vt 0.884530 0.476029
vt 0.802720 0.693411
vt 0.884530 0.693412
vt 0.802720 0.514207
vt 0.884530 0.514207
vt 0.802720 0.654454
vt 0.884530 0.654454
vt 0.802720 0.553164
vt 0.884530 0.553164
vt 0.802720 0.652117
vt 0.884530 0.652117
vt 0.802720 0.555502
vt 0.884530 0.555502
vt 0.802720 0.620951
vt 0.884530 0.620951
vt 0.802720 0.586668
vt 0.884530 0.586668
vt 0.802720 0.618613
vt 0.884530 0.618613
vt 0.802720 0.589005
vt 0.884530 0.589005
vt 0.632086 0.472912
vt 0.713897 0.472912
vt 0.717403 0.890537
vt 0.799213 0.890537
vt 0.632086 0.589785
vt 0.632086 0.532517
vt 0.713897 0.532517
vt 0.713897 0.589785
vt 0.717403 0.830932
vt 0.717403 0.773664
vt 0.799213 0.773664
vt 0.799213 0.830932
vt 0.632086 0.592122
vt 0.713897 0.592122
vt 0.717403 0.771327
vt 0.799213 0.771327
vt 0.632086 0.530179
vt 0.713897 0.530179
vt 0.717403 0.833269
vt 0.799213 0.833269
vt 0.802720 0.603809
vt 0.884530 0.603809
vt 0.632086 0.465635
vt 0.713897 0.465635
vt 0.717403 0.897813
vt 0.799213 0.897813
vt 0.632086 0.464562
vt 0.713897 0.464562
vt 0.717403 0.898886
vt 0.799213 0.898886
vt 0.632086 0.463543
vt 0.713897 0.463543
vt 0.717403 0.899906
vt 0.799213 0.899906
vt 0.632086 0.462602
vt 0.713897 0.462602
vt 0.717403 0.900847
vt 0.799213 0.900847
vt 0.632086 0.461762
vt 0.713897 0.461762
vt 0.717403 0.901686
vt 0.799213 0.901686
vt 0.802720 0.745856
vt 0.802720 0.745017
vt 0.884530 0.745017
vt 0.884530 0.745856
vt 0.802720 0.462602
vt 0.802720 0.461762
vt 0.884530 0.461762
vt 0.884530 0.462602
vt 0.802720 0.744076
vt 0.884530 0.744076
vt 0.802720 0.463543
vt 0.884530 0.463543
vt 0.802720 0.743056
vt 0.884530 0.743056
vt 0.802720 0.464562
vt 0.884530 0.464562
vt 0.802720 0.741983
vt 0.884530 0.741983
vt 0.802720 0.465635
vt 0.884530 0.465635
vt 0.802720 0.740424
vt 0.884530 0.740424
vt 0.802720 0.467195
vt 0.884530 0.467195
vt 0.919982 0.226538
vt 0.919982 0.256146
vt 0.919203 0.256925
vt 0.919982 0.260041
vt 0.919982 0.274066
vt 0.919203 0.274066
vt 0.919203 0.259262
vt 0.929331 0.256146
vt 0.929331 0.226538
vt 0.930111 0.256925
vt 0.929331 0.274066
vt 0.929331 0.260041
vt 0.930111 0.259262
vt 0.930111 0.274066
vt 0.955823 0.067202
vt 0.948031 0.067202
vt 0.919982 0.291987
vt 0.919982 0.321594
vt 0.919203 0.322373
vt 0.919203 0.291207
vt 0.919982 0.288091
vt 0.919203 0.288870
vt 0.929331 0.321594
vt 0.929331 0.291987
vt 0.930111 0.291207
vt 0.930111 0.322373
vt 0.929331 0.288091
vt 0.930111 0.288870
vt 0.471152 0.902761
vt 0.478943 0.902761
vt 0.471152 0.874712
vt 0.478943 0.874712
vt 0.908644 0.674081
vt 0.908644 0.644473
vt 0.917994 0.644473
vt 0.917994 0.674081
vt 0.908644 0.692001
vt 0.908644 0.677977
vt 0.917994 0.677977
vt 0.917994 0.692001
vt 0.908644 0.709922
vt 0.917994 0.709922
vt 0.917994 0.739529
vt 0.908644 0.739529
vt 0.917994 0.706026
vt 0.908644 0.706026
vt 0.478943 0.888737
vt 0.471152 0.888737
vt 0.964783 0.871595
vt 0.964783 0.880945
vt 0.956991 0.880945
vt 0.956991 0.871595
vt 0.396225 0.985411
vt 0.396225 0.994761
vt 0.388434 0.994761
vt 0.388434 0.985411
vt 0.955823 0.001753
vt 0.955823 0.031361
vt 0.948031 0.031361
vt 0.948031 0.001753
vt 0.955823 0.096809
vt 0.948031 0.096809
vt 0.941408 0.533444
vt 0.941408 0.503836
vt 0.942187 0.503057
vt 0.942187 0.534223
vt 0.941408 0.551365
vt 0.941408 0.537340
vt 0.942187 0.536561
vt 0.942187 0.551365
vt 0.932059 0.503836
vt 0.931279 0.503057
vt 0.932059 0.551365
vt 0.931279 0.551365
vt 0.941408 0.598893
vt 0.941408 0.569285
vt 0.942187 0.568506
vt 0.942187 0.599672
vt 0.941408 0.565389
vt 0.942187 0.566168
vt 0.932059 0.569285
vt 0.932059 0.598893
vt 0.931279 0.599672
vt 0.931279 0.568506
vt 0.932059 0.565389
vt 0.931279 0.566168
vt 0.422105 0.838481
vt 0.431454 0.838481
vt 0.431454 0.842377
vt 0.422105 0.842377
vt 0.422105 0.776929
vt 0.431454 0.776929
vt 0.431454 0.824457
vt 0.422105 0.824457
vt 0.431454 0.871985
vt 0.422105 0.871985
vt 0.953485 0.798355
vt 0.953485 0.812380
vt 0.945694 0.812380
vt 0.945694 0.798355
vt 0.384927 0.985411
vt 0.384927 0.994761
vt 0.377136 0.994761
vt 0.377136 0.985411
vt 0.955823 0.165764
vt 0.955823 0.195372
vt 0.948031 0.195372
vt 0.948031 0.165764
vt 0.955823 0.100315
vt 0.955823 0.129923
vt 0.948031 0.129923
vt 0.948031 0.100315
vt 0.600530 0.469243
vt 0.598193 0.469243
vt 0.564689 0.469243
vt 0.562352 0.469243
vt 0.523394 0.469243
vt 0.521057 0.469243
vt 0.489891 0.469243
vt 0.487553 0.469243
vt 0.472749 0.469243
vt 0.457946 0.469243
vt 0.455608 0.469243
vt 0.424442 0.469243
vt 0.422105 0.469243
vt 0.383147 0.469243
vt 0.380810 0.469243
vt 0.347306 0.469243
vt 0.344969 0.469243
vt 0.335676 0.469243
vt 0.332741 0.469012
vt 0.329880 0.468325
vt 0.327160 0.467199
vt 0.324651 0.465661
vt 0.322413 0.463750
vt 0.320502 0.461512
vt 0.318964 0.459002
vt 0.317837 0.456283
vt 0.317150 0.453421
vt 0.316919 0.450487
vt 0.316919 0.446648
vt 0.316919 0.444311
vt 0.316919 0.387043
vt 0.316919 0.384706
vt 0.316919 0.327438
vt 0.316919 0.325101
vt 0.316919 0.235498
vt 0.316919 0.145896
vt 0.316919 0.143558
vt 0.316919 0.086291
vt 0.316919 0.083953
vt 0.316919 0.026686
vt 0.316919 0.024348
vt 0.316919 0.020509
vt 0.317150 0.017575
vt 0.317837 0.014713
vt 0.318964 0.011994
vt 0.320502 0.009485
vt 0.322413 0.007247
vt 0.324651 0.005335
vt 0.327161 0.003797
vt 0.329880 0.002671
vt 0.332742 0.001984
vt 0.335676 0.001753
vt 0.344969 0.001753
vt 0.347306 0.001753
vt 0.380810 0.001753
vt 0.383147 0.001753
vt 0.422105 0.001753
vt 0.424442 0.001753
vt 0.455608 0.001753
vt 0.457946 0.001753
vt 0.472750 0.001753
vt 0.487553 0.001753
vt 0.489891 0.001753
vt 0.521057 0.001753
vt 0.523394 0.001753
vt 0.562352 0.001753
vt 0.564689 0.001753
vt 0.598193 0.001753
vt 0.600530 0.001753
vt 0.609823 0.001753
vt 0.612758 0.001984
vt 0.615619 0.002671
vt 0.618339 0.003797
vt 0.620848 0.005335
vt 0.623086 0.007247
vt 0.624997 0.009485
vt 0.626535 0.011994
vt 0.627662 0.014713
vt 0.628349 0.017575
vt 0.628580 0.020509
vt 0.628580 0.024348
vt 0.628580 0.026686
vt 0.628580 0.083953
vt 0.628580 0.086291
vt 0.628580 0.143558
vt 0.628580 0.145896
vt 0.628580 0.235498
vt 0.628580 0.325101
vt 0.628580 0.327438
vt 0.628580 0.384706
vt 0.628580 0.387043
vt 0.628580 0.444311
vt 0.628580 0.446648
vt 0.628580 0.450487
vt 0.628349 0.453421
vt 0.627662 0.456283
vt 0.626535 0.459002
vt 0.624997 0.461512
vt 0.623086 0.463750
vt 0.620848 0.465661
vt 0.618338 0.467199
vt 0.615619 0.468325
vt 0.612757 0.469012
vt 0.609823 0.469243
vt 0.315949 0.985411
vt 0.323741 0.985411
vt 0.323741 0.994761
vt 0.315949 0.994761
s 1
f 15/1/1 5/2/1 112/3/1 111/4/1
f 2/5/2 3/6/2 8/7/2 9/8/2
f 4/9/2 5/10/2 6/11/2 7/12/2
f 14/13/3 15/14/3 111/15/3 109/16/3
f 127/17/2 126/18/2 1106/19/2 1107/20/2
f 17/21/2 18/22/2 13/23/2 12/24/2
f 19/25/2 20/26/2 15/27/2 14/28/2
f 25/29/1 20/30/1 123/31/1 122/32/1
f 4/33/4 14/34/4 109/35/4 110/36/4
f 29/37/2 41/38/2 30/39/2 25/40/2 24/41/2
f 5/42/5 4/43/5 110/44/5 112/45/5
f 27/46/4 32/47/4 124/48/4 125/49/4
f 3/50/5 2/51/5 106/52/5 108/53/5
f 39/54/2 43/55/2 40/56/2 35/57/2 42/58/2 34/59/2
f 73/60/2 74/61/2 43/55/2 39/54/2
f 34/59/2 42/58/2 41/38/2 29/37/2
f 78/62/4 62/63/4 98/64/4 103/65/4
f 45/66/3 46/67/3 51/68/3 50/69/3
f 48/70/3 53/71/3 52/72/3 47/73/3
f 57/74/3 58/75/3 63/76/3 62/77/3
f 61/78/1 77/79/1 102/80/1 95/81/1
f 55/82/3 56/83/3 61/84/3 60/85/3
f 65/86/3 66/87/3 69/88/3 68/89/3
f 76/90/4 60/91/4 96/92/4 101/93/4
f 68/94/6 69/95/6 91/96/6 89/97/6
f 89/98/3 91/99/3 92/100/3 90/101/3
f 86/102/3 85/103/3 100/104/3 99/105/3
f 87/106/3 93/107/3 94/108/3 88/109/3
f 96/110/3 95/111/3 102/112/3 101/113/3
f 98/114/3 97/115/3 104/116/3 103/117/3
f 63/118/1 79/119/1 104/120/1 97/121/1
f 55/122/4 50/123/4 88/124/4 94/125/4
f 60/126/6 61/127/6 95/128/6 96/129/6
f 51/130/1 56/131/1 93/132/1 87/133/1
f 66/134/2 65/135/2 99/136/2 100/137/2
f 62/138/6 63/139/6 97/140/6 98/141/6
f 65/142/4 52/143/4 86/144/4 99/145/4
f 56/146/2 55/147/2 94/148/2 93/149/2
f 53/150/1 66/151/1 100/152/1 85/153/1
f 52/154/6 53/155/6 85/156/6 86/157/6
f 58/158/2 57/159/2 90/160/2 92/161/2
f 57/162/4 68/163/4 89/164/4 90/165/4
f 46/166/2 45/167/2 81/168/2 82/169/2
f 50/170/6 51/171/6 87/172/6 88/173/6
f 69/174/1 58/175/1 92/176/1 91/177/1
f 48/178/2 47/179/2 83/180/2 84/181/2
f 105/182/2 107/183/2 108/184/2 106/185/2
f 109/186/2 111/187/2 112/188/2 110/189/2
f 116/190/2 118/191/2 119/192/2 117/193/2
f 120/194/2 122/195/2 123/196/2 121/197/2
f 136/198/2 128/199/2 129/200/2 135/201/2
f 124/202/2 1091/203/2 1092/204/2 125/205/2
f 139/206/2 140/207/2 137/208/2 138/209/2
f 130/210/2 1093/211/2 1094/212/2 131/213/2
f 20/214/5 19/215/5 121/216/5 123/217/5
f 18/218/5 17/219/5 117/220/5 119/221/5
f 80/222/1 40/223/1 137/224/1 140/225/1
f 35/226/1 30/227/1 129/228/1 128/229/1
f 24/230/3 25/231/3 122/232/3 120/233/3
f 30/234/5 41/235/5 135/236/5 129/237/5
f 42/238/3 35/239/3 128/240/3 136/241/3
f 37/242/4 71/243/4 130/244/4 131/245/4
f 40/246/5 43/247/5 138/248/5 137/249/5
f 570/250/2 571/251/2 1113/252/2 1112/253/2
f 43/254/4 74/255/4 139/256/4 138/257/4
f 41/258/4 42/259/4 136/260/4 135/261/4
f 12/262/3 13/263/3 107/264/3 105/265/3
f 17/266/4 22/267/4 116/268/4 117/269/4
f 2/270/4 12/271/4 105/272/4 106/273/4
f 23/274/1 18/275/1 119/276/1 118/277/1
f 9/278/3 8/279/3 114/280/3 113/281/3
f 7/282/3 6/283/3 134/284/3 115/285/3
f 13/286/1 3/287/1 108/288/1 107/289/1
f 19/290/4 24/291/4 120/292/4 121/293/4
f 76/294/3 75/295/3 59/296/3 54/297/3 67/298/3 64/299/3 49/300/3 44/301/3 45/66/3 50/69/3 55/82/3 60/85/3
f 70/302/2 71/303/2 37/304/2 32/305/2 27/306/2 22/307/2 17/21/2 12/24/2 2/5/2 9/8/2 10/308/2 1/309/2 11/310/2 16/311/2 21/312/2 26/313/2 31/314/2 36/315/2
f 153/316/7 141/317/7 143/318/8 162/319/8
f 162/319/8 143/318/8 144/320/9 161/321/9
f 161/321/9 144/320/9 145/322/10 160/323/10
f 160/323/10 145/322/10 146/324/11 159/325/11
f 159/325/11 146/324/11 147/326/12 158/327/13
f 158/328/13 147/329/12 148/330/14 157/331/15
f 157/331/15 148/330/14 149/332/16 156/333/16
f 156/333/16 149/332/16 150/334/17 155/335/17
f 155/335/17 150/334/17 151/336/18 154/337/18
f 154/337/18 151/336/18 142/338/19 152/339/19
f 169/340/13 158/328/13 157/331/15 168/341/15
f 175/342/7 164/343/7 173/344/8 184/345/8
f 184/345/8 173/344/8 172/346/9 183/347/9
f 183/347/9 172/346/9 171/348/10 182/349/10
f 182/349/10 171/348/10 170/350/11 181/351/11
f 181/351/11 170/350/11 169/352/13 180/353/13
f 180/354/13 169/340/13 168/341/15 179/355/15
f 179/355/15 168/341/15 167/356/16 178/357/16
f 178/357/16 167/356/16 166/358/17 177/359/17
f 177/359/17 166/358/17 165/360/18 176/361/18
f 176/361/18 165/360/18 163/362/19 174/363/19
f 191/364/13 180/354/13 179/355/15 192/365/15
f 45/66/3 44/301/3 141/317/7 153/316/7
f 10/308/2 9/8/2 152/339/19 142/338/19
f 1089/366/2 73/60/2 39/54/2 34/59/2 29/37/2 24/41/2 19/25/2 14/28/2 4/9/2 7/12/2 174/363/19 163/362/19 8/7/2 3/6/2 13/23/2 18/22/2 23/367/2 1088/368/2 1087/369/2 1090/370/2
f 78/371/3 77/372/3 61/84/3 56/83/3 51/68/3 46/67/3 164/343/7 175/342/7 47/73/3 52/72/3 65/86/3 68/89/3 57/74/3 62/77/3
f 168/373/20 157/374/20 196/375/20 198/376/20
f 192/377/20 179/378/20 200/379/20 203/380/20
f 158/381/21 169/382/21 199/383/21 197/384/21
f 180/385/21 191/386/21 202/387/21 201/388/21
f 82/389/3 81/390/3 197/384/3 199/383/3
f 84/391/3 83/392/3 201/388/3 202/387/3
f 134/393/2 203/394/2 200/395/2 115/396/2
f 114/397/2 198/398/2 196/399/2 113/400/2
f 45/401/4 153/402/4 162/403/4 161/404/4 160/405/4 159/406/4 158/407/4 197/408/4 81/409/4
f 113/410/4 196/411/4 157/412/4 156/413/4 155/414/4 154/415/4 152/416/4 9/417/4
f 47/418/4 175/419/4 184/420/4 183/421/4 182/422/4 181/423/4 180/424/4 201/425/4 83/426/4
f 115/427/4 200/428/4 179/429/4 178/430/4 177/431/4 176/432/4 174/433/4 7/434/4
f 46/435/1 82/436/1 199/437/1 169/438/1 170/439/1 171/440/1 172/441/1 173/442/1 164/443/1
f 114/444/1 8/445/1 163/446/1 165/447/1 166/448/1 167/449/1 168/450/1 198/451/1
f 84/452/1 202/453/1 191/454/1 190/455/1 189/456/1 188/457/1 187/458/1 185/459/1 48/460/1
f 134/461/1 6/462/1 186/463/1 195/464/1 194/465/1 193/466/1 192/467/1 203/468/1
f 58/75/3 69/88/3 889/469/3 890/470/3
f 66/87/3 53/71/3 888/471/3 892/472/3
f 186/473/19 6/11/2 881/474/2 905/475/19
f 40/56/2 80/476/2 894/477/2 886/478/2
f 185/479/7 187/480/8 895/481/8 896/482/7
f 79/483/3 63/76/3 891/484/3 893/485/3
f 192/365/15 193/486/16 902/487/16 901/488/14
f 48/70/3 185/479/7 896/482/7 887/489/3
f 187/480/8 188/490/9 897/491/9 895/481/8
f 69/88/3 66/87/3 892/472/3 889/469/3
f 193/486/16 194/492/17 903/493/17 902/487/16
f 15/27/2 20/26/2 882/494/2 879/495/2
f 188/490/9 189/496/10 898/497/10 897/491/9
f 20/26/2 25/40/2 883/498/2 882/494/2
f 194/492/17 195/499/18 904/500/18 903/493/17
f 5/10/2 15/27/2 879/495/2 880/501/2
f 63/76/3 58/75/3 890/470/3 891/484/3
f 189/496/10 190/502/11 899/503/11 898/497/10
f 25/40/2 30/39/2 884/504/2 883/498/2
f 195/499/18 186/473/19 905/475/19 904/500/18
f 53/71/3 48/70/3 887/489/3 888/471/3
f 6/11/2 5/10/2 880/501/2 881/474/2
f 30/39/2 35/57/2 885/505/2 884/504/2
f 190/502/11 191/506/13 900/507/12 899/503/11
f 191/364/13 192/365/15 901/488/14 900/508/12
f 35/57/2 40/56/2 886/478/2 885/505/2
f 252/509/4 337/510/4 346/511/4 257/512/4
f 245/513/1 332/514/1 333/515/1 235/516/1
f 232/517/6 239/518/6 238/519/6 233/520/6
f 234/521/6 237/522/6 236/523/6 235/524/6
f 244/525/3 330/526/3 332/527/3 245/528/3
f 347/529/6 348/530/6 1135/531/6 1134/532/6
f 247/533/6 242/534/6 243/535/6 248/536/6
f 249/537/6 244/538/6 245/539/6 250/540/6
f 255/541/1 343/542/1 344/543/1 250/544/1
f 234/545/4 331/546/4 330/547/4 244/548/4
f 1136/549/6 354/550/6 347/529/6 1134/532/6
f 259/551/6 254/552/6 255/553/6 260/554/6 271/555/6
f 235/556/5 333/557/5 331/558/5 234/559/5
f 346/560/6 337/561/6 339/562/6 1120/563/6
f 257/512/4 346/511/4 345/564/4 262/565/4
f 233/566/5 329/567/5 327/568/5 232/569/5
f 269/570/6 264/571/6 272/572/6 265/573/6 270/574/6 273/575/6
f 303/576/6 269/570/6 273/575/6 304/577/6
f 264/571/6 259/551/6 271/555/6 272/572/6
f 78/62/4 103/65/4 323/578/4 292/579/4
f 275/580/3 280/581/3 281/582/3 276/583/3
f 278/584/3 277/585/3 282/586/3 283/587/3
f 287/588/3 292/589/3 293/590/3 288/591/3
f 291/592/1 320/593/1 102/80/1 77/79/1
f 285/594/3 290/595/3 291/596/3 286/597/3
f 295/598/3 298/599/3 299/600/3 296/601/3
f 76/90/4 101/93/4 321/602/4 290/603/4
f 298/604/2 314/605/2 316/606/2 299/607/2
f 314/608/3 315/609/3 317/610/3 316/611/3
f 311/612/3 324/613/3 325/614/3 310/615/3
f 312/616/3 313/617/3 319/618/3 318/619/3
f 321/620/3 101/113/3 102/112/3 320/621/3
f 323/622/3 103/117/3 104/116/3 322/623/3
f 293/624/1 322/625/1 104/120/1 79/119/1
f 285/626/4 319/627/4 313/628/4 280/629/4
f 290/630/2 321/631/2 320/632/2 291/633/2
f 281/634/1 312/635/1 318/636/1 286/637/1
f 296/638/6 325/639/6 324/640/6 295/641/6
f 292/642/2 323/643/2 322/644/2 293/645/2
f 295/646/4 324/647/4 311/648/4 282/649/4
f 286/650/6 318/651/6 319/652/6 285/653/6
f 283/654/1 310/655/1 325/656/1 296/657/1
f 282/658/2 311/659/2 310/660/2 283/661/2
f 288/662/6 317/663/6 315/664/6 287/665/6
f 287/666/4 315/667/4 314/668/4 298/669/4
f 276/670/6 307/671/6 306/672/6 275/673/6
f 280/674/2 313/675/2 312/676/2 281/677/2
f 299/678/1 316/679/1 317/680/1 288/681/1
f 278/682/6 309/683/6 308/684/6 277/685/6
f 326/686/6 327/687/6 329/688/6 328/689/6
f 330/690/6 331/691/6 333/692/6 332/693/6
f 337/561/6 338/694/6 340/695/6 339/562/6
f 341/696/6 342/697/6 344/698/6 343/699/6
f 357/700/6 356/701/6 350/702/6 349/703/6
f 345/704/6 346/560/6 1120/563/6 1119/705/6
f 360/706/6 359/707/6 358/708/6 361/709/6
f 351/710/6 352/711/6 1122/712/6 1121/713/6
f 250/714/5 344/715/5 342/716/5 249/717/5
f 248/718/5 340/719/5 338/720/5 247/721/5
f 305/722/1 361/723/1 358/724/1 270/725/1
f 265/726/1 349/727/1 350/728/1 260/729/1
f 254/730/3 341/731/3 343/732/3 255/733/3
f 260/734/5 350/735/5 356/736/5 271/737/5
f 272/738/3 357/739/3 349/740/3 265/741/3
f 267/742/4 352/743/4 351/744/4 301/745/4
f 1136/746/1 1134/747/1 1131/748/1 1133/749/1
f 270/750/5 358/751/5 359/752/5 273/753/5
f 781/754/6 780/755/6 1140/756/6 1141/757/6
f 273/758/4 359/759/4 360/760/4 304/761/4
f 271/762/4 356/763/4 357/764/4 272/765/4
f 242/766/3 326/767/3 328/768/3 243/769/3
f 247/770/4 338/771/4 337/510/4 252/509/4
f 1122/772/1 1119/773/1 347/774/1 354/775/1
f 232/776/4 327/777/4 326/778/4 242/779/4
f 253/780/1 339/781/1 340/782/1 248/783/1
f 239/784/3 334/785/3 335/786/3 238/787/3
f 237/788/3 336/789/3 355/790/3 236/791/3
f 243/792/1 328/793/1 329/794/1 233/795/1
f 249/796/4 342/797/4 341/798/4 254/799/4
f 76/294/3 290/595/3 285/594/3 280/581/3 275/580/3 274/800/3 279/801/3 294/802/3 297/803/3 284/804/3 289/805/3 75/295/3
f 300/806/6 266/807/6 261/808/6 256/809/6 251/810/6 246/811/6 241/812/6 231/813/6 240/814/6 239/518/6 232/517/6 242/534/6 247/533/6 252/815/6 257/816/6 262/817/6 267/818/6 301/819/6
f 374/820/22 383/821/23 364/822/23 362/823/22
f 383/821/23 382/824/24 365/825/24 364/822/23
f 382/824/24 381/826/25 366/827/25 365/825/24
f 381/826/25 380/828/26 367/829/26 366/827/25
f 380/828/26 379/830/27 368/831/28 367/829/26
f 379/832/27 378/833/29 369/834/30 368/835/28
f 378/833/29 377/836/31 370/837/31 369/834/30
f 377/836/31 376/838/32 371/839/32 370/837/31
f 376/838/32 375/840/33 372/841/33 371/839/32
f 375/840/33 373/842/34 363/843/34 372/841/33
f 390/844/27 389/845/29 378/833/29 379/832/27
f 396/846/22 405/847/23 394/848/23 385/849/22
f 405/847/23 404/850/24 393/851/24 394/848/23
f 404/850/24 403/852/25 392/853/25 393/851/24
f 403/852/25 402/854/26 391/855/26 392/853/25
f 402/854/26 401/856/27 390/857/27 391/855/26
f 401/858/27 400/859/29 389/845/29 390/844/27
f 400/859/29 399/860/31 388/861/31 389/845/29
f 399/860/31 398/862/32 387/863/32 388/861/31
f 398/862/32 397/864/33 386/865/33 387/863/32
f 397/864/33 395/866/34 384/867/34 386/865/33
f 412/868/27 413/869/29 400/859/29 401/858/27
f 275/580/3 374/820/22 362/823/22 274/800/3
f 240/814/6 363/843/34 373/842/34 239/518/6
f 1117/870/6 1118/871/6 1115/872/6 1116/873/6 253/874/6 248/536/6 243/535/6 233/520/6 238/519/6 384/867/34 395/866/34 237/522/6 234/521/6 244/538/6 249/537/6 254/552/6 259/551/6 264/571/6 269/570/6 303/576/6
f 78/371/3 292/589/3 287/588/3 298/599/3 295/598/3 282/586/3 277/585/3 396/846/22 385/849/22 276/583/3 281/582/3 286/597/3 291/596/3 77/372/3
f 389/875/35 419/876/35 417/877/35 378/878/35
f 413/879/35 424/880/35 421/881/35 400/882/35
f 379/883/36 418/884/36 420/885/36 390/886/36
f 401/887/36 422/888/36 423/889/36 412/890/36
f 307/891/3 420/885/3 418/884/3 306/892/3
f 309/893/3 423/889/3 422/888/3 308/894/3
f 355/895/6 336/896/6 421/897/6 424/898/6
f 335/899/6 334/900/6 417/901/6 419/902/6
f 275/903/4 306/904/4 418/905/4 379/906/4 380/907/4 381/908/4 382/909/4 383/910/4 374/911/4
f 334/912/4 239/913/4 373/914/4 375/915/4 376/916/4 377/917/4 378/918/4 417/919/4
f 277/920/4 308/921/4 422/922/4 401/923/4 402/924/4 403/925/4 404/926/4 405/927/4 396/928/4
f 336/929/4 237/930/4 395/931/4 397/932/4 398/933/4 399/934/4 400/935/4 421/936/4
f 276/937/1 385/938/1 394/939/1 393/940/1 392/941/1 391/942/1 390/943/1 420/944/1 307/945/1
f 335/946/1 419/947/1 389/948/1 388/949/1 387/950/1 386/951/1 384/952/1 238/953/1
f 309/954/1 278/955/1 406/956/1 408/957/1 409/958/1 410/959/1 411/960/1 412/961/1 423/962/1
f 355/963/1 424/964/1 413/965/1 414/966/1 415/967/1 416/968/1 407/969/1 236/970/1
f 288/591/3 917/971/3 916/972/3 299/600/3
f 296/601/3 919/973/3 915/974/3 283/587/3
f 407/975/34 931/976/34 908/977/6 236/523/6
f 270/574/6 913/978/6 920/979/6 305/980/6
f 406/981/22 922/982/22 921/983/23 408/984/23
f 79/483/3 893/485/3 918/985/3 293/590/3
f 413/869/29 927/986/30 928/987/31 414/988/31
f 278/584/3 914/989/3 922/982/22 406/981/22
f 408/984/23 921/983/23 923/990/24 409/991/24
f 299/600/3 916/972/3 919/973/3 296/601/3
f 414/988/31 928/987/31 929/992/32 415/993/32
f 245/539/6 906/994/6 909/995/6 250/540/6
f 409/991/24 923/990/24 924/996/25 410/997/25
f 250/540/6 909/995/6 910/998/6 255/553/6
f 415/993/32 929/992/32 930/999/33 416/1000/33
f 235/524/6 907/1001/6 906/994/6 245/539/6
f 293/590/3 918/985/3 917/971/3 288/591/3
f 410/997/25 924/996/25 925/1002/26 411/1003/26
f 255/553/6 910/998/6 911/1004/6 260/554/6
f 416/1000/33 930/999/33 931/976/34 407/975/34
f 283/587/3 915/974/3 914/989/3 278/584/3
f 236/523/6 908/977/6 907/1001/6 235/524/6
f 260/554/6 911/1004/6 912/1005/6 265/573/6
f 411/1003/26 925/1002/26 926/1006/28 412/1007/27
f 412/868/27 926/1008/28 927/986/30 413/869/29
f 265/573/6 912/1005/6 913/978/6 270/574/6
f 116/190/2 125/205/2 1092/204/2 118/191/2
f 465/1009/1 555/1010/1 556/1011/1 455/1012/1
f 452/1013/2 459/1014/2 458/1015/2 453/1016/2
f 454/1017/2 457/1018/2 456/1019/2 455/1020/2
f 464/1021/5 553/1022/5 555/1023/5 465/1024/5
f 72/1025/6 38/1026/6 1105/1027/6 1101/1028/6
f 467/1029/2 462/1030/2 463/1031/2 468/1032/2
f 469/1033/2 464/1034/2 465/1035/2 470/1036/2
f 475/1037/1 566/1038/1 567/1039/1 470/1040/1
f 454/1041/4 554/1042/4 553/1043/4 464/1044/4
f 124/202/2 131/213/2 1094/212/2 1091/203/2
f 479/1045/2 474/1046/2 475/1047/2 480/1048/2 491/1049/2
f 455/1050/3 556/1051/3 554/1052/3 454/1053/3
f 1088/1054/1 23/274/1 118/277/1 1092/1055/1
f 477/1056/4 569/1057/4 568/1058/4 482/1059/4
f 453/1060/3 552/1061/3 550/1062/3 452/1063/3
f 489/1064/2 484/1065/2 492/1066/2 485/1067/2 490/1068/2 493/1069/2
f 73/60/2 489/1064/2 493/1069/2 74/61/2
f 484/1065/2 479/1045/2 491/1049/2 492/1066/2
f 523/1070/4 547/1071/4 542/1072/4 512/1073/4
f 495/1074/5 500/1075/5 501/1076/5 496/1077/5
f 498/1078/5 497/1079/5 502/1080/5 503/1081/5
f 507/1082/5 512/1083/5 513/1084/5 508/1085/5
f 511/1086/1 539/1087/1 546/1088/1 522/1089/1
f 505/1090/5 510/1091/5 511/1092/5 506/1093/5
f 515/1094/5 518/1095/5 519/1096/5 516/1097/5
f 521/1098/4 545/1099/4 540/1100/4 510/1101/4
f 518/1102/6 533/1103/6 535/1104/6 519/1105/6
f 533/1106/5 534/1107/5 536/1108/5 535/1109/5
f 530/1110/5 543/1111/5 544/1112/5 529/1113/5
f 531/1114/5 532/1115/5 538/1116/5 537/1117/5
f 540/1118/5 545/1119/5 546/1120/5 539/1121/5
f 542/1122/5 547/1123/5 548/1124/5 541/1125/5
f 513/1126/1 541/1127/1 548/1128/1 524/1129/1
f 505/1130/4 538/1131/4 532/1132/4 500/1133/4
f 510/1134/6 540/1135/6 539/1136/6 511/1137/6
f 501/1138/1 531/1139/1 537/1140/1 506/1141/1
f 516/1142/2 544/1143/2 543/1144/2 515/1145/2
f 512/1146/6 542/1147/6 541/1148/6 513/1149/6
f 515/1150/4 543/1151/4 530/1152/4 502/1153/4
f 506/1154/2 537/1155/2 538/1156/2 505/1157/2
f 503/1158/1 529/1159/1 544/1160/1 516/1161/1
f 502/1162/6 530/1163/6 529/1164/6 503/1165/6
f 508/1166/2 536/1167/2 534/1168/2 507/1169/2
f 507/1170/4 534/1171/4 533/1172/4 518/1173/4
f 496/1174/2 526/1175/2 525/1176/2 495/1177/2
f 500/1178/6 532/1179/6 531/1180/6 501/1181/6
f 519/1182/1 535/1183/1 536/1184/1 508/1185/1
f 498/1186/2 528/1187/2 527/1188/2 497/1189/2
f 549/1190/2 550/1191/2 552/1192/2 551/1193/2
f 553/1194/2 554/1195/2 556/1196/2 555/1197/2
f 560/1198/2 561/1199/2 563/1200/2 562/1201/2
f 564/1202/2 565/1203/2 567/1204/2 566/1205/2
f 578/1206/2 577/1207/2 573/1208/2 572/1209/2
f 568/1210/2 569/1211/2 1099/1212/2 1098/1213/2
f 139/206/2 580/1214/2 579/1215/2 140/207/2
f 130/210/2 574/1216/2 1100/1217/2 1093/211/2
f 470/1218/3 567/1219/3 565/1220/3 469/1221/3
f 468/1222/3 563/1223/3 561/1224/3 467/1225/3
f 80/222/1 140/225/1 579/1226/1 490/1227/1
f 485/1228/1 572/1229/1 573/1230/1 480/1231/1
f 474/1232/5 564/1233/5 566/1234/5 475/1235/5
f 480/1236/3 573/1237/3 577/1238/3 491/1239/3
f 492/1240/5 578/1241/5 572/1242/5 485/1243/5
f 487/1244/4 574/1245/4 130/244/4 71/243/4
f 37/242/4 131/245/4 124/48/4 32/47/4
f 490/1246/3 579/1247/3 580/1248/3 493/1249/3
f 488/1250/6 72/1025/6 1101/1028/6 1111/1251/6
f 493/1252/4 580/1253/4 139/256/4 74/255/4
f 491/1254/4 577/1255/4 578/1256/4 492/1257/4
f 462/1258/5 549/1259/5 551/1260/5 463/1261/5
f 22/267/4 27/46/4 125/49/4 116/268/4
f 467/1262/4 561/1263/4 560/1264/4 472/1265/4
f 452/1266/4 550/1267/4 549/1268/4 462/1269/4
f 473/1270/1 562/1271/1 563/1272/1 468/1273/1
f 459/1274/5 557/1275/5 558/1276/5 458/1277/5
f 457/1278/5 559/1279/5 576/1280/5 456/1281/5
f 463/1282/1 551/1283/1 552/1284/1 453/1285/1
f 469/1286/4 565/1287/4 564/1288/4 474/1289/4
f 521/1290/5 510/1091/5 505/1090/5 500/1075/5 495/1074/5 494/1291/5 499/1292/5 514/1293/5 517/1294/5 504/1295/5 509/1296/5 520/1297/5
f 70/302/2 486/1298/2 481/1299/2 476/1300/2 471/1301/2 466/1302/2 461/1303/2 451/1304/2 460/1305/2 459/1014/2 452/1013/2 462/1030/2 467/1029/2 472/1306/2 477/1307/2 482/1308/2 487/1309/2 71/303/2
f 593/1310/37 602/1311/38 583/1312/38 581/1313/37
f 602/1311/38 601/1314/39 584/1315/39 583/1312/38
f 601/1314/39 600/1316/40 585/1317/40 584/1315/39
f 600/1316/40 599/1318/41 586/1319/41 585/1317/40
f 599/1318/41 598/1320/42 587/1321/43 586/1319/41
f 598/1322/42 597/1323/44 588/1324/45 587/1325/43
f 597/1323/44 596/1326/46 589/1327/46 588/1324/45
f 596/1326/46 595/1328/47 590/1329/47 589/1327/46
f 595/1328/47 594/1330/48 591/1331/48 590/1329/47
f 594/1330/48 592/1332/49 582/1333/49 591/1331/48
f 609/1334/42 608/1335/44 597/1323/44 598/1322/42
f 615/1336/37 624/1337/38 613/1338/38 604/1339/37
f 624/1337/38 623/1340/39 612/1341/39 613/1338/38
f 623/1340/39 622/1342/40 611/1343/40 612/1341/39
f 622/1342/40 621/1344/41 610/1345/41 611/1343/40
f 621/1344/41 620/1346/42 609/1347/42 610/1345/41
f 620/1348/42 619/1349/44 608/1335/44 609/1334/42
f 619/1349/44 618/1350/46 607/1351/46 608/1335/44
f 618/1350/46 617/1352/47 606/1353/47 607/1351/46
f 617/1352/47 616/1354/48 605/1355/48 606/1353/47
f 616/1354/48 614/1356/49 603/1357/49 605/1355/48
f 631/1358/42 632/1359/44 619/1349/44 620/1348/42
f 495/1074/5 593/1310/37 581/1313/37 494/1291/5
f 460/1305/2 582/1333/49 592/1332/49 459/1014/2
f 1089/366/2 1097/1360/2 1095/1361/2 1096/1362/2 473/1363/2 468/1032/2 463/1031/2 453/1016/2 458/1015/2 603/1357/49 614/1356/49 457/1018/2 454/1017/2 464/1034/2 469/1033/2 474/1046/2 479/1045/2 484/1065/2 489/1064/2 73/60/2
f 523/1364/5 512/1083/5 507/1082/5 518/1095/5 515/1094/5 502/1080/5 497/1079/5 615/1336/37 604/1339/37 496/1077/5 501/1076/5 506/1093/5 511/1092/5 522/1365/5
f 608/1366/36 638/1367/36 636/1368/36 597/1369/36
f 632/1370/36 643/1371/36 640/1372/36 619/1373/36
f 598/1374/35 637/1375/35 639/1376/35 609/1377/35
f 620/1378/35 641/1379/35 642/1380/35 631/1381/35
f 526/1382/5 639/1376/5 637/1375/5 525/1383/5
f 528/1384/5 642/1380/5 641/1379/5 527/1385/5
f 576/1386/2 559/1387/2 640/1388/2 643/1389/2
f 558/1390/2 557/1391/2 636/1392/2 638/1393/2
f 495/1394/4 525/1395/4 637/1396/4 598/1397/4 599/1398/4 600/1399/4 601/1400/4 602/1401/4 593/1402/4
f 557/1403/4 459/1404/4 592/1405/4 594/1406/4 595/1407/4 596/1408/4 597/1409/4 636/1410/4
f 497/1411/4 527/1412/4 641/1413/4 620/1414/4 621/1415/4 622/1416/4 623/1417/4 624/1418/4 615/1419/4
f 559/1420/4 457/1421/4 614/1422/4 616/1423/4 617/1424/4 618/1425/4 619/1426/4 640/1427/4
f 496/1428/1 604/1429/1 613/1430/1 612/1431/1 611/1432/1 610/1433/1 609/1434/1 639/1435/1 526/1436/1
f 558/1437/1 638/1438/1 608/1439/1 607/1440/1 606/1441/1 605/1442/1 603/1443/1 458/1444/1
f 528/1445/1 498/1446/1 625/1447/1 627/1448/1 628/1449/1 629/1450/1 630/1451/1 631/1452/1 642/1453/1
f 576/1454/1 643/1455/1 632/1456/1 633/1457/1 634/1458/1 635/1459/1 626/1460/1 456/1461/1
f 508/1085/5 943/1462/5 942/1463/5 519/1096/5
f 516/1097/5 945/1464/5 941/1465/5 503/1081/5
f 626/1466/49 957/1467/49 934/1468/2 456/1019/2
f 490/1068/2 939/1469/2 894/477/2 80/476/2
f 625/1470/37 948/1471/37 947/1472/38 627/1473/38
f 524/1474/5 946/1475/5 944/1476/5 513/1084/5
f 632/1359/44 953/1477/45 954/1478/46 633/1479/46
f 498/1078/5 940/1480/5 948/1471/37 625/1470/37
f 627/1473/38 947/1472/38 949/1481/39 628/1482/39
f 519/1096/5 942/1463/5 945/1464/5 516/1097/5
f 633/1479/46 954/1478/46 955/1483/47 634/1484/47
f 465/1035/2 932/1485/2 935/1486/2 470/1036/2
f 628/1482/39 949/1481/39 950/1487/40 629/1488/40
f 470/1036/2 935/1486/2 936/1489/2 475/1047/2
f 634/1484/47 955/1483/47 956/1490/48 635/1491/48
f 455/1020/2 933/1492/2 932/1485/2 465/1035/2
f 513/1084/5 944/1476/5 943/1462/5 508/1085/5
f 629/1488/40 950/1487/40 951/1493/41 630/1494/41
f 475/1047/2 936/1489/2 937/1495/2 480/1048/2
f 635/1491/48 956/1490/48 957/1467/49 626/1466/49
f 503/1081/5 941/1465/5 940/1480/5 498/1078/5
f 456/1019/2 934/1468/2 933/1492/2 455/1020/2
f 480/1048/2 937/1495/2 938/1496/2 485/1067/2
f 630/1494/41 951/1493/41 952/1497/43 631/1498/42
f 631/1358/42 952/1499/43 953/1477/45 632/1359/44
f 485/1067/2 938/1496/2 939/1469/2 490/1068/2
f 684/1500/1 674/1501/1 766/1502/1 765/1503/1
f 671/1504/6 672/1505/6 677/1506/6 678/1507/6
f 673/1508/6 674/1509/6 675/1510/6 676/1511/6
f 683/1512/5 684/1513/5 765/1514/5 763/1515/5
f 268/1516/2 302/1517/2 1129/1518/2 1133/1519/2
f 686/1520/6 687/1521/6 682/1522/6 681/1523/6
f 688/1524/6 689/1525/6 684/1526/6 683/1527/6
f 694/1528/1 689/1529/1 777/1530/1 776/1531/1
f 673/1532/4 683/1533/4 763/1534/4 764/1535/4
f 698/1536/6 710/1537/6 699/1538/6 694/1539/6 693/1540/6
f 674/1541/3 673/1542/3 764/1543/3 766/1544/3
f 696/1545/4 701/1546/4 778/1547/4 779/1548/4
f 672/1549/3 671/1550/3 760/1551/3 762/1552/3
f 708/1553/6 712/1554/6 709/1555/6 704/1556/6 711/1557/6 703/1558/6
f 303/576/6 304/577/6 712/1554/6 708/1553/6
f 703/1558/6 711/1557/6 710/1537/6 698/1536/6
f 523/1070/4 731/1559/4 756/1560/4 547/1071/4
f 714/1561/5 715/1562/5 720/1563/5 719/1564/5
f 717/1565/5 722/1566/5 721/1567/5 716/1568/5
f 726/1569/5 727/1570/5 732/1571/5 731/1572/5
f 730/1573/1 522/1089/1 546/1088/1 753/1574/1
f 724/1575/5 725/1576/5 730/1577/5 729/1578/5
f 734/1579/5 735/1580/5 738/1581/5 737/1582/5
f 521/1098/4 729/1583/4 754/1584/4 545/1099/4
f 737/1585/2 738/1586/2 749/1587/2 747/1588/2
f 747/1589/5 749/1590/5 750/1591/5 748/1592/5
f 744/1593/5 743/1594/5 758/1595/5 757/1596/5
f 745/1597/5 751/1598/5 752/1599/5 746/1600/5
f 754/1601/5 753/1602/5 546/1120/5 545/1119/5
f 756/1603/5 755/1604/5 548/1124/5 547/1123/5
f 732/1605/1 524/1129/1 548/1128/1 755/1606/1
f 724/1607/4 719/1608/4 746/1609/4 752/1610/4
f 729/1611/2 730/1612/2 753/1613/2 754/1614/2
f 720/1615/1 725/1616/1 751/1617/1 745/1618/1
f 735/1619/6 734/1620/6 757/1621/6 758/1622/6
f 731/1623/2 732/1624/2 755/1625/2 756/1626/2
f 734/1627/4 721/1628/4 744/1629/4 757/1630/4
f 725/1631/6 724/1632/6 752/1633/6 751/1634/6
f 722/1635/1 735/1636/1 758/1637/1 743/1638/1
f 721/1639/2 722/1640/2 743/1641/2 744/1642/2
f 727/1643/6 726/1644/6 748/1645/6 750/1646/6
f 726/1647/4 737/1648/4 747/1649/4 748/1650/4
f 715/1651/6 714/1652/6 739/1653/6 740/1654/6
f 719/1655/2 720/1656/2 745/1657/2 746/1658/2
f 738/1659/1 727/1660/1 750/1661/1 749/1662/1
f 717/1663/6 716/1664/6 741/1665/6 742/1666/6
f 759/1667/6 761/1668/6 762/1669/6 760/1670/6
f 763/1671/6 765/1672/6 766/1673/6 764/1674/6
f 770/1675/6 772/1676/6 773/1677/6 771/1678/6
f 774/1679/6 776/1680/6 777/1681/6 775/1682/6
f 788/1683/6 782/1684/6 783/1685/6 787/1686/6
f 778/1687/6 1126/1688/6 1127/1689/6 779/1690/6
f 360/706/6 361/709/6 789/1691/6 790/1692/6
f 351/710/6 1121/713/6 1128/1693/6 784/1694/6
f 689/1695/3 688/1696/3 775/1697/3 777/1698/3
f 687/1699/3 686/1700/3 771/1701/3 773/1702/3
f 305/722/1 709/1703/1 789/1704/1 361/723/1
f 704/1705/1 699/1706/1 783/1707/1 782/1708/1
f 693/1709/5 694/1710/5 776/1711/5 774/1712/5
f 699/1713/3 710/1714/3 787/1715/3 783/1716/3
f 711/1717/5 704/1718/5 782/1719/5 788/1720/5
f 706/1721/4 301/745/4 351/744/4 784/1722/4
f 709/1723/3 712/1724/3 790/1725/3 789/1726/3
f 302/1517/2 707/1727/2 1139/1728/2 1129/1518/2
f 712/1729/4 304/761/4 360/760/4 790/1730/4
f 710/1731/4 711/1732/4 788/1733/4 787/1734/4
f 681/1735/5 682/1736/5 761/1737/5 759/1738/5
f 686/1739/4 691/1740/4 770/1741/4 771/1742/4
f 671/1743/4 681/1744/4 759/1745/4 760/1746/4
f 692/1747/1 687/1748/1 773/1749/1 772/1750/1
f 678/1751/5 677/1752/5 768/1753/5 767/1754/5
f 676/1755/5 675/1756/5 786/1757/5 769/1758/5
f 682/1759/1 672/1760/1 762/1761/1 761/1762/1
f 688/1763/4 693/1764/4 774/1765/4 775/1766/4
f 521/1290/5 520/1297/5 728/1767/5 723/1768/5 736/1769/5 733/1770/5 718/1771/5 713/1772/5 714/1561/5 719/1564/5 724/1575/5 729/1578/5
f 300/806/6 301/819/6 706/1773/6 701/1774/6 696/1775/6 691/1776/6 686/1520/6 681/1523/6 671/1504/6 678/1507/6 679/1777/6 670/1778/6 680/1779/6 685/1780/6 690/1781/6 695/1782/6 700/1783/6 705/1784/6
f 803/1785/50 791/1786/50 793/1787/51 812/1788/51
f 812/1788/51 793/1787/51 794/1789/52 811/1790/52
f 811/1790/52 794/1789/52 795/1791/53 810/1792/53
f 810/1792/53 795/1791/53 796/1793/54 809/1794/54
f 809/1794/54 796/1793/54 797/1795/55 808/1796/56
f 808/1797/56 797/1798/55 798/1799/57 807/1800/58
f 807/1800/58 798/1799/57 799/1801/59 806/1802/59
f 806/1802/59 799/1801/59 800/1803/60 805/1804/60
f 805/1804/60 800/1803/60 801/1805/61 804/1806/61
f 804/1806/61 801/1805/61 792/1807/62 802/1808/62
f 819/1809/56 808/1797/56 807/1800/58 818/1810/58
f 825/1811/50 814/1812/50 823/1813/51 834/1814/51
f 834/1814/51 823/1813/51 822/1815/52 833/1816/52
f 833/1816/52 822/1815/52 821/1817/53 832/1818/53
f 832/1818/53 821/1817/53 820/1819/54 831/1820/54
f 831/1820/54 820/1819/54 819/1821/56 830/1822/56
f 830/1823/56 819/1809/56 818/1810/58 829/1824/58
f 829/1824/58 818/1810/58 817/1825/59 828/1826/59
f 828/1826/59 817/1825/59 816/1827/60 827/1828/60
f 827/1828/60 816/1827/60 815/1829/61 826/1830/61
f 826/1830/61 815/1829/61 813/1831/62 824/1832/62
f 841/1833/56 830/1823/56 829/1824/58 842/1834/58
f 714/1561/5 713/1772/5 791/1786/50 803/1785/50
f 679/1777/6 678/1507/6 802/1808/62 792/1807/62
f 1117/870/6 303/576/6 708/1553/6 703/1558/6 698/1536/6 693/1540/6 688/1524/6 683/1527/6 673/1508/6 676/1511/6 824/1832/62 813/1831/62 677/1506/6 672/1505/6 682/1522/6 687/1521/6 692/1835/6 1124/1836/6 1123/1837/6 1125/1838/6
f 523/1364/5 522/1365/5 730/1577/5 725/1576/5 720/1563/5 715/1562/5 814/1812/50 825/1811/50 716/1568/5 721/1567/5 734/1579/5 737/1582/5 726/1569/5 731/1572/5
f 818/1839/21 807/1840/21 846/1841/21 848/1842/21
f 842/1843/21 829/1844/21 850/1845/21 853/1846/21
f 808/1847/20 819/1848/20 849/1849/20 847/1850/20
f 830/1851/20 841/1852/20 852/1853/20 851/1854/20
f 740/1855/5 739/1856/5 847/1850/5 849/1849/5
f 742/1857/5 741/1858/5 851/1854/5 852/1853/5
f 786/1859/6 853/1860/6 850/1861/6 769/1862/6
f 768/1863/6 848/1864/6 846/1865/6 767/1866/6
f 714/1867/4 803/1868/4 812/1869/4 811/1870/4 810/1871/4 809/1872/4 808/1873/4 847/1874/4 739/1875/4
f 767/1876/4 846/1877/4 807/1878/4 806/1879/4 805/1880/4 804/1881/4 802/1882/4 678/1883/4
f 716/1884/4 825/1885/4 834/1886/4 833/1887/4 832/1888/4 831/1889/4 830/1890/4 851/1891/4 741/1892/4
f 769/1893/4 850/1894/4 829/1895/4 828/1896/4 827/1897/4 826/1898/4 824/1899/4 676/1900/4
f 715/1901/1 740/1902/1 849/1903/1 819/1904/1 820/1905/1 821/1906/1 822/1907/1 823/1908/1 814/1909/1
f 768/1910/1 677/1911/1 813/1912/1 815/1913/1 816/1914/1 817/1915/1 818/1916/1 848/1917/1
f 742/1918/1 852/1919/1 841/1920/1 840/1921/1 839/1922/1 838/1923/1 837/1924/1 835/1925/1 717/1926/1
f 786/1927/1 675/1928/1 836/1929/1 845/1930/1 844/1931/1 843/1932/1 842/1933/1 853/1934/1
f 727/1570/5 738/1581/5 968/1935/5 969/1936/5
f 735/1580/5 722/1566/5 967/1937/5 971/1938/5
f 836/1939/62 675/1510/6 960/1940/6 982/1941/62
f 709/1555/6 305/980/6 920/979/6 965/1942/6
f 835/1943/50 837/1944/51 972/1945/51 973/1946/50
f 524/1474/5 732/1571/5 970/1947/5 946/1475/5
f 842/1834/58 843/1948/59 979/1949/59 978/1950/57
f 717/1565/5 835/1943/50 973/1946/50 966/1951/5
f 837/1944/51 838/1952/52 974/1953/52 972/1945/51
f 738/1581/5 735/1580/5 971/1938/5 968/1935/5
f 843/1948/59 844/1954/60 980/1955/60 979/1949/59
f 684/1526/6 689/1525/6 961/1956/6 958/1957/6
f 838/1952/52 839/1958/53 975/1959/53 974/1953/52
f 689/1525/6 694/1539/6 962/1960/6 961/1956/6
f 844/1954/60 845/1961/61 981/1962/61 980/1955/60
f 674/1509/6 684/1526/6 958/1957/6 959/1963/6
f 732/1571/5 727/1570/5 969/1936/5 970/1947/5
f 839/1958/53 840/1964/54 976/1965/54 975/1959/53
f 694/1539/6 699/1538/6 963/1966/6 962/1960/6
f 845/1961/61 836/1939/62 982/1941/62 981/1962/61
f 722/1566/5 717/1565/5 966/1951/5 967/1937/5
f 675/1510/6 674/1509/6 959/1963/6 960/1940/6
f 699/1538/6 704/1556/6 964/1967/6 963/1966/6
f 840/1964/54 841/1968/56 977/1969/55 976/1965/54
f 841/1833/56 842/1834/58 978/1950/57 977/1970/55
f 704/1556/6 709/1555/6 965/1942/6 964/1967/6
f 212/1971/5 220/1972/50 1000/1973/50 991/1974/5
f 206/1975/4 204/1976/4 880/1977/4 879/1978/4
f 204/1976/4 205/1979/4 881/1980/4 880/1977/4
f 207/1981/4 206/1975/4 879/1978/4 882/1982/4
f 208/1983/4 207/1981/4 882/1982/4 883/1984/4
f 209/1985/4 208/1983/4 883/1984/4 884/1986/4
f 210/1987/4 209/1985/4 884/1986/4 885/1988/4
f 211/1989/4 210/1987/4 885/1988/4 886/1990/4
f 212/1991/4 213/1992/4 888/1993/4 887/1994/4
f 217/1995/4 214/1996/4 890/1997/4 889/1998/4
f 214/1996/4 215/1999/4 891/2000/4 890/1997/4
f 213/1992/4 216/2001/4 892/2002/4 888/1993/4
f 216/2001/4 217/1995/4 889/1998/4 892/2002/4
f 215/1999/4 218/2003/4 893/2004/4 891/2000/4
f 219/2005/4 211/1989/4 886/1990/4 894/2006/4
f 222/2007/4 220/2008/4 896/2009/4 895/2010/4
f 223/2011/4 222/2007/4 895/2010/4 897/2012/4
f 224/2013/4 223/2011/4 897/2012/4 898/2014/4
f 225/2015/4 224/2013/4 898/2014/4 899/2016/4
f 226/2017/4 225/2015/4 899/2016/4 900/2018/4
f 227/2019/4 226/2017/4 900/2018/4 901/2020/4
f 228/2021/4 227/2019/4 901/2020/4 902/2022/4
f 229/2023/4 228/2021/4 902/2022/4 903/2024/4
f 230/2025/4 229/2023/4 903/2024/4 904/2026/4
f 221/2027/4 230/2025/4 904/2026/4 905/2028/4
f 205/1979/4 221/2027/4 905/2028/4 881/1980/4
f 220/2008/4 212/1991/4 887/1994/4 896/2009/4
f 425/2029/4 427/2030/4 906/2031/4 907/2032/4
f 426/2033/4 425/2029/4 907/2032/4 908/2034/4
f 427/2030/4 428/2035/4 909/2036/4 906/2031/4
f 428/2035/4 429/2037/4 910/2038/4 909/2036/4
f 429/2037/4 430/2039/4 911/2040/4 910/2038/4
f 430/2039/4 431/2041/4 912/2042/4 911/2040/4
f 431/2041/4 432/2043/4 913/2044/4 912/2042/4
f 434/2045/4 433/2046/4 914/2047/4 915/2048/4
f 435/2049/4 438/2050/4 916/2051/4 917/2052/4
f 436/2053/4 435/2049/4 917/2052/4 918/2054/4
f 437/2055/4 434/2045/4 915/2048/4 919/2056/4
f 438/2050/4 437/2055/4 919/2056/4 916/2051/4
f 218/2003/4 436/2053/4 918/2054/4 893/2004/4
f 432/2043/4 439/2057/4 920/2058/4 913/2044/4
f 440/2059/4 442/2060/4 921/2061/4 922/2062/4
f 442/2060/4 443/2063/4 923/2064/4 921/2061/4
f 443/2063/4 444/2065/4 924/2066/4 923/2064/4
f 444/2065/4 445/2067/4 925/2068/4 924/2066/4
f 445/2067/4 446/2069/4 926/2070/4 925/2068/4
f 446/2069/4 447/2071/4 927/2072/4 926/2070/4
f 447/2071/4 448/2073/4 928/2074/4 927/2072/4
f 448/2073/4 449/2075/4 929/2076/4 928/2074/4
f 449/2075/4 450/2077/4 930/2078/4 929/2076/4
f 450/2077/4 441/2079/4 931/2080/4 930/2078/4
f 441/2079/4 426/2033/4 908/2034/4 931/2080/4
f 433/2046/4 440/2059/4 922/2062/4 914/2047/4
f 644/2081/4 646/2082/4 932/2083/4 933/2084/4
f 645/2085/4 644/2081/4 933/2084/4 934/2086/4
f 646/2082/4 647/2087/4 935/2088/4 932/2083/4
f 647/2087/4 648/2089/4 936/2090/4 935/2088/4
f 648/2089/4 649/2091/4 937/2092/4 936/2090/4
f 649/2091/4 650/2093/4 938/2094/4 937/2092/4
f 650/2093/4 651/2095/4 939/2096/4 938/2094/4
f 653/2097/4 652/2098/4 940/2099/4 941/2100/4
f 654/2101/4 657/2102/4 942/2103/4 943/2104/4
f 655/2105/4 654/2101/4 943/2104/4 944/2106/4
f 656/2107/4 653/2097/4 941/2100/4 945/2108/4
f 657/2102/4 656/2107/4 945/2108/4 942/2103/4
f 658/2109/4 655/2105/4 944/2106/4 946/2110/4
f 651/2095/4 219/2005/4 894/2006/4 939/2096/4
f 659/2111/4 661/2112/4 947/2113/4 948/2114/4
f 661/2112/4 662/2115/4 949/2116/4 947/2113/4
f 662/2115/4 663/2117/4 950/2118/4 949/2116/4
f 663/2117/4 664/2119/4 951/2120/4 950/2118/4
f 664/2119/4 665/2121/4 952/2122/4 951/2120/4
f 665/2121/4 666/2123/4 953/2124/4 952/2122/4
f 666/2123/4 667/2125/4 954/2126/4 953/2124/4
f 667/2125/4 668/2127/4 955/2128/4 954/2126/4
f 668/2127/4 669/2129/4 956/2130/4 955/2128/4
f 669/2129/4 660/2131/4 957/2132/4 956/2130/4
f 660/2131/4 645/2085/4 934/2086/4 957/2132/4
f 652/2098/4 659/2111/4 948/2114/4 940/2099/4
f 856/2133/4 854/2134/4 959/2135/4 958/2136/4
f 854/2134/4 855/2137/4 960/2138/4 959/2135/4
f 857/2139/4 856/2133/4 958/2136/4 961/2140/4
f 858/2141/4 857/2139/4 961/2140/4 962/2142/4
f 859/2143/4 858/2141/4 962/2142/4 963/2144/4
f 860/2145/4 859/2143/4 963/2144/4 964/2146/4
f 861/2147/4 860/2145/4 964/2146/4 965/2148/4
f 862/2149/4 863/2150/4 967/2151/4 966/2152/4
f 867/2153/4 864/2154/4 969/2155/4 968/2156/4
f 864/2154/4 865/2157/4 970/2158/4 969/2155/4
f 863/2150/4 866/2159/4 971/2160/4 967/2151/4
f 866/2159/4 867/2153/4 968/2156/4 971/2160/4
f 865/2157/4 658/2109/4 946/2110/4 970/2158/4
f 439/2057/4 861/2147/4 965/2148/4 920/2058/4
f 870/2161/4 868/2162/4 973/2163/4 972/2164/4
f 871/2165/4 870/2161/4 972/2164/4 974/2166/4
f 872/2167/4 871/2165/4 974/2166/4 975/2168/4
f 873/2169/4 872/2167/4 975/2168/4 976/2170/4
f 874/2171/4 873/2169/4 976/2170/4 977/2172/4
f 875/2173/4 874/2171/4 977/2172/4 978/2174/4
f 876/2175/4 875/2173/4 978/2174/4 979/2176/4
f 877/2177/4 876/2175/4 979/2176/4 980/2178/4
f 878/2179/4 877/2177/4 980/2178/4 981/2180/4
f 869/2181/4 878/2179/4 981/2180/4 982/2182/4
f 855/2137/4 869/2181/4 982/2182/4 960/2138/4
f 868/2162/4 862/2149/4 966/2152/4 973/2163/4
f 983/2183/4 986/2184/4 987/2185/4 988/2186/4 989/2187/4 990/2188/4 998/2189/4 1043/2190/4 1042/2191/4 1041/2192/4 1040/2193/4 1039/2194/4 1036/2195/4 1037/2196/4 1038/2197/4 1061/2198/4 1060/2199/4 1059/2200/4 1058/2201/4 1057/2202/4 1056/2203/4 1055/2204/4 1054/2205/4 1053/2206/4 1051/2207/4 1052/2208/4 1044/2209/4 1045/2210/4 1049/2211/4 1046/2212/4 1047/2213/4 1048/2214/4 1050/2215/4 1074/2216/4 1073/2217/4 1072/2218/4 1075/2219/4 1071/2220/4 1070/2221/4 1077/2222/4 1076/2223/4 1078/2224/4 1079/2225/4 1080/2226/4 1081/2227/4 1082/2228/4 1083/2229/4 1084/2230/4 1085/2231/4 1086/2232/4 1064/2233/4 1063/2234/4 1062/2235/4 1065/2236/4 1066/2237/4 1067/2238/4 1068/2239/4 1069/2240/4 1024/2241/4 1017/2242/4 1016/2243/4 1015/2244/4 1014/2245/4 1013/2246/4 1010/2247/4 1011/2248/4 1012/2249/4 1035/2250/4 1034/2251/4 1033/2252/4 1032/2253/4 1031/2254/4 1030/2255/4 1029/2256/4 1028/2257/4 1027/2258/4 1025/2259/4 1026/2260/4 1018/2261/4 1019/2262/4 1023/2263/4 1020/2264/4 1021/2265/4 1022/2266/4 997/2267/4 995/2268/4 994/2269/4 993/2270/4 996/2271/4 992/2272/4 991/2273/4 1000/2274/4 999/2275/4 1001/2276/4 1002/2277/4 1003/2278/4 1004/2279/4 1005/2280/4 1006/2281/4 1007/2282/4 1008/2283/4 1009/2284/4 985/2285/4 984/2286/4
f 659/2287/22 652/2288/3 1044/2289/3 1052/2290/22
f 427/2291/2 425/2292/2 1011/2293/2 1010/2294/2
f 854/2295/2 856/2296/2 1062/2297/2 1063/2298/2
f 425/2292/2 426/2299/2 1012/2300/2 1011/2293/2
f 855/2301/2 854/2295/2 1063/2298/2 1064/2302/2
f 428/2303/2 427/2291/2 1010/2294/2 1013/2304/2
f 856/2296/2 857/2305/2 1065/2306/2 1062/2297/2
f 429/2307/2 428/2303/2 1013/2304/2 1014/2308/2
f 857/2305/2 858/2309/2 1066/2310/2 1065/2306/2
f 430/2311/2 429/2307/2 1014/2308/2 1015/2312/2
f 858/2309/2 859/2313/2 1067/2314/2 1066/2310/2
f 431/2315/2 430/2311/2 1015/2312/2 1016/2316/2
f 859/2313/2 860/2317/2 1068/2318/2 1067/2314/2
f 432/2319/2 431/2315/2 1016/2316/2 1017/2320/2
f 860/2317/2 861/2321/2 1069/2322/2 1068/2318/2
f 433/2323/5 434/2324/5 1019/2325/5 1018/2326/5
f 863/2327/3 862/2328/3 1070/2329/3 1071/2330/3
f 438/2331/5 435/2332/5 1021/2333/5 1020/2334/5
f 864/2335/3 867/2336/3 1072/2337/3 1073/2338/3
f 435/2332/5 436/2339/5 1022/2340/5 1021/2333/5
f 865/2341/3 864/2335/3 1073/2338/3 1074/2342/3
f 434/2324/5 437/2343/5 1023/2344/5 1019/2325/5
f 866/2345/3 863/2327/3 1071/2330/3 1075/2346/3
f 437/2343/5 438/2331/5 1020/2334/5 1023/2344/5
f 867/2336/3 866/2345/3 1075/2346/3 1072/2337/3
f 436/2339/5 218/2347/5 997/2348/5 1022/2340/5
f 658/2349/3 865/2341/3 1074/2342/3 1050/2350/3
f 439/2351/2 432/2319/2 1017/2320/2 1024/2352/2
f 861/2321/2 439/2351/2 1024/2352/2 1069/2322/2
f 442/2353/38 440/2354/37 1026/2355/37 1025/2356/38
f 868/2357/7 870/2358/8 1076/2359/8 1077/2360/7
f 443/2361/39 442/2353/38 1025/2356/38 1027/2362/39
f 870/2358/8 871/2363/9 1078/2364/9 1076/2359/8
f 444/2365/40 443/2361/39 1027/2362/39 1028/2366/40
f 871/2363/9 872/2367/10 1079/2368/10 1078/2364/9
f 445/2369/41 444/2365/40 1028/2366/40 1029/2370/41
f 872/2367/10 873/2371/11 1080/2372/11 1079/2368/10
f 446/2373/43 445/2369/41 1029/2370/41 1030/2374/43
f 873/2371/11 874/2375/12 1081/2376/12 1080/2372/11
f 447/2377/45 446/2378/43 1030/2379/43 1031/2380/45
f 874/2381/12 875/2382/14 1082/2383/14 1081/2384/12
f 448/2385/46 447/2377/45 1031/2380/45 1032/2386/46
f 875/2382/14 876/2387/16 1083/2388/16 1082/2383/14
f 449/2389/47 448/2385/46 1032/2386/46 1033/2390/47
f 876/2387/16 877/2391/17 1084/2392/17 1083/2388/16
f 450/2393/48 449/2389/47 1033/2390/47 1034/2394/48
f 877/2391/17 878/2395/18 1085/2396/18 1084/2392/17
f 441/2397/49 450/2393/48 1034/2394/48 1035/2398/49
f 878/2395/18 869/2399/19 1086/2400/19 1085/2396/18
f 426/2299/2 441/2397/49 1035/2398/49 1012/2300/2
f 869/2399/19 855/2301/2 1064/2302/2 1086/2400/19
f 440/2354/37 433/2323/5 1018/2326/5 1026/2355/37
f 204/2401/6 206/2402/6 983/2403/6 984/2404/6
f 862/2328/3 868/2357/7 1077/2360/7 1070/2329/3
f 646/2405/6 644/2406/6 1037/2407/6 1036/2408/6
f 205/2409/6 204/2401/6 984/2404/6 985/2410/6
f 644/2406/6 645/2411/6 1038/2412/6 1037/2407/6
f 206/2402/6 207/2413/6 986/2414/6 983/2403/6
f 647/2415/6 646/2405/6 1036/2408/6 1039/2416/6
f 207/2413/6 208/2417/6 987/2418/6 986/2414/6
f 648/2419/6 647/2415/6 1039/2416/6 1040/2420/6
f 208/2417/6 209/2421/6 988/2422/6 987/2418/6
f 649/2423/6 648/2419/6 1040/2420/6 1041/2424/6
f 209/2421/6 210/2425/6 989/2426/6 988/2422/6
f 650/2427/6 649/2423/6 1041/2424/6 1042/2428/6
f 210/2425/6 211/2429/6 990/2430/6 989/2426/6
f 651/2431/6 650/2427/6 1042/2428/6 1043/2432/6
f 213/2433/5 212/1971/5 991/1974/5 992/2434/5
f 652/2288/3 653/2435/3 1045/2436/3 1044/2289/3
f 214/2437/5 217/2438/5 993/2439/5 994/2440/5
f 657/2441/3 654/2442/3 1047/2443/3 1046/2444/3
f 215/2445/5 214/2437/5 994/2440/5 995/2446/5
f 654/2442/3 655/2447/3 1048/2448/3 1047/2443/3
f 216/2449/5 213/2433/5 992/2434/5 996/2450/5
f 653/2435/3 656/2451/3 1049/2452/3 1045/2436/3
f 217/2438/5 216/2449/5 996/2450/5 993/2439/5
f 656/2451/3 657/2441/3 1046/2444/3 1049/2452/3
f 218/2347/5 215/2445/5 995/2446/5 997/2348/5
f 655/2447/3 658/2349/3 1050/2350/3 1048/2448/3
f 211/2429/6 219/2453/6 998/2454/6 990/2430/6
f 219/2453/6 651/2431/6 1043/2432/6 998/2454/6
f 220/1972/50 222/2455/51 999/2456/51 1000/1973/50
f 661/2457/23 659/2287/22 1052/2290/22 1051/2458/23
f 222/2455/51 223/2459/52 1001/2460/52 999/2456/51
f 662/2461/24 661/2457/23 1051/2458/23 1053/2462/24
f 223/2459/52 224/2463/53 1002/2464/53 1001/2460/52
f 663/2465/25 662/2461/24 1053/2462/24 1054/2466/25
f 224/2463/53 225/2467/54 1003/2468/54 1002/2464/53
f 664/2469/26 663/2465/25 1054/2466/25 1055/2470/26
f 225/2467/54 226/2471/55 1004/2472/55 1003/2468/54
f 665/2473/28 664/2469/26 1055/2470/26 1056/2474/28
f 226/2475/55 227/2476/57 1005/2477/57 1004/2478/55
f 666/2479/30 665/2480/28 1056/2481/28 1057/2482/30
f 227/2476/57 228/2483/59 1006/2484/59 1005/2477/57
f 667/2485/31 666/2479/30 1057/2482/30 1058/2486/31
f 228/2483/59 229/2487/60 1007/2488/60 1006/2484/59
f 668/2489/32 667/2485/31 1058/2486/31 1059/2490/32
f 229/2487/60 230/2491/61 1008/2492/61 1007/2488/60
f 669/2493/33 668/2489/32 1059/2490/32 1060/2494/33
f 230/2491/61 221/2495/62 1009/2496/62 1008/2492/61
f 660/2497/34 669/2493/33 1060/2494/33 1061/2498/34
f 221/2495/62 205/2409/6 985/2410/6 1009/2496/62
f 645/2411/6 660/2497/34 1061/2498/34 1038/2412/6
f 28/2499/1 33/2500/1 1087/2501/1 1088/1054/1
f 38/2502/1 72/2503/1 1089/2504/1 1090/2505/1
f 126/2506/1 127/2507/1 1092/1055/1 1091/2508/1
f 132/2509/1 133/2510/1 1094/2511/1 1093/2512/1
f 127/2507/1 28/2499/1 1088/1054/1 1092/1055/1
f 38/1026/6 33/2513/6 1103/2514/6 1105/1027/6
f 483/2515/1 478/2516/1 1096/2517/1 1095/2518/1
f 72/2503/1 488/2519/1 1097/2520/1 1089/2504/1
f 571/2521/1 570/2522/1 1098/2523/1 1099/2524/1
f 575/2525/1 132/2509/1 1093/2512/1 1100/2526/1
f 478/2516/1 571/2521/1 1099/2524/1 1096/2517/1
f 1114/2527/2 575/2528/2 570/250/2 1112/253/2
f 1108/2529/2 1106/19/2 126/18/2 133/2530/2
f 1103/2531/1 1104/2532/1 1107/2533/1 1106/2534/1
f 1101/2535/1 1105/2536/1 1108/2537/1 1102/2538/1
f 1109/2539/1 1112/2540/1 1113/2541/1 1110/2542/1
f 1101/2535/1 1102/2538/1 1114/2543/1 1111/2544/1
f 132/2545/2 575/2528/2 1114/2527/2 1102/2546/2
f 133/2530/2 132/2545/2 1102/2546/2 1108/2529/2
f 571/2547/3 478/2548/3 1110/2549/3 1113/2550/3
f 28/2551/5 127/2552/5 1107/2553/5 1104/2554/5
f 575/2525/1 1100/2526/1 1098/2523/1 570/2522/1
f 1087/2501/1 33/2500/1 38/2502/1 1090/2505/1
f 1094/2511/1 133/2510/1 126/2506/1 1091/2508/1
f 1108/2537/1 1105/2536/1 1103/2531/1 1106/2534/1
f 478/2555/6 483/2556/6 1109/2557/6 1110/2558/6
f 33/2513/6 28/2559/6 1104/2560/6 1103/2514/6
f 263/2561/1 258/2562/1 1116/2563/1 1115/2564/1
f 302/2565/1 268/2566/1 1118/2567/1 1117/2568/1
f 348/2569/1 347/774/1 1119/773/1 1120/2570/1
f 354/775/1 353/2571/1 1121/2572/1 1122/772/1
f 770/1741/4 691/1740/4 696/1545/4 779/1548/4
f 706/1721/4 784/1722/4 778/1547/4 701/1546/4
f 1128/1693/6 1126/1688/6 778/1687/6 784/1694/6
f 697/2573/1 702/2574/1 1123/2575/1 1124/2576/1
f 707/2577/1 302/2565/1 1117/2568/1 1125/2578/1
f 780/2579/1 781/2580/1 1127/2581/1 1126/2582/1
f 353/2571/1 785/2583/1 1128/2584/1 1121/2572/1
f 781/2580/1 697/2573/1 1124/2576/1 1127/2581/1
f 267/742/4 262/565/4 345/564/4 352/743/4
f 1142/2585/1 1139/2586/1 1137/2587/1 1140/2588/1
f 1131/748/1 1134/747/1 1135/2589/1 1132/2590/1
f 1129/2591/1 1130/2592/1 1136/746/1 1133/749/1
f 1137/2587/1 1138/2593/1 1141/2594/1 1140/2588/1
f 1129/2591/1 1139/2586/1 1142/2585/1 1130/2592/1
f 785/2595/6 353/2596/6 1130/2597/6 1142/2598/6
f 353/2596/6 354/550/6 1136/549/6 1130/2597/6
f 697/2599/3 781/2600/3 1141/2601/3 1138/2602/3
f 779/1690/6 1127/1689/6 772/1676/6 770/1675/6
f 345/704/6 1119/705/6 1122/712/6 352/711/6
f 1124/2576/1 692/1747/1 772/1750/1 1127/2581/1
f 785/2595/6 1142/2598/6 1140/756/6 780/755/6
f 1128/2584/1 785/2583/1 780/2579/1 1126/2582/1
f 702/2603/2 697/2604/2 1138/2605/2 1137/2606/2
f 258/2607/2 263/2608/2 1131/2609/2 1132/2610/2
f 460/2611/1 451/2612/1 461/2613/1 466/2614/1 471/2615/1 476/2616/1 481/2617/1 486/2618/1 70/2619/1 36/2620/1 31/2621/1 26/2622/1 21/2623/1 16/2624/1 11/2625/1 1/2626/1 10/2627/1 142/2628/1 151/2629/1 150/2630/1 149/2631/1 148/2632/1 147/2633/1 146/2634/1 145/2635/1 144/2636/1 143/2637/1 141/2638/1 44/2639/1 49/2640/1 64/2641/1 67/2642/1 54/2643/1 59/2644/1 75/2645/1 289/2646/1 284/2647/1 297/2648/1 294/2649/1 279/2650/1 274/2651/1 362/2652/1 364/2653/1 365/2654/1 366/2655/1 367/2656/1 368/2657/1 369/2658/1 370/2659/1 371/2660/1 372/2661/1 363/2662/1 240/2663/1 231/2664/1 241/2665/1 246/2666/1 251/2667/1 256/2668/1 261/2669/1 266/2670/1 300/2671/1 705/2672/1 700/2673/1 695/2674/1 690/2675/1 685/2676/1 680/2677/1 670/2678/1 679/2679/1 792/2680/1 801/2681/1 800/2682/1 799/2683/1 798/2684/1 797/2685/1 796/2686/1 795/2687/1 794/2688/1 793/2689/1 791/2690/1 713/2691/1 718/2692/1 733/2693/1 736/2694/1 723/2695/1 728/2696/1 520/2697/1 509/2698/1 504/2699/1 517/2700/1 514/2701/1 499/2702/1 494/2703/1 581/2704/1 583/2705/1 584/2706/1 585/2707/1 586/2708/1 587/2709/1 588/2710/1 589/2711/1 590/2712/1 591/2713/1 582/2714/1
f 1116/2563/1 1120/2570/1 339/781/1 253/780/1
f 258/2562/1 348/2569/1 1120/2570/1 1116/2563/1
f 1135/2715/5 348/2716/5 258/2717/5 1132/2718/5
f 1139/1728/2 707/1727/2 702/2603/2 1137/2606/2
f 1123/2575/1 702/2574/1 707/2577/1 1125/2578/1
f 1131/2609/2 263/2608/2 268/1516/2 1133/1519/2
f 1115/2564/1 1118/2567/1 268/2566/1 263/2561/1
f 487/1244/4 482/1059/4 568/1058/4 574/1245/4
f 568/1210/2 1098/1213/2 1100/1217/2 574/1216/2
f 472/1265/4 560/1264/4 569/1057/4 477/1056/4
f 560/1198/2 562/1201/2 1099/1212/2 569/1211/2
f 1114/2543/1 1112/2540/1 1109/2539/1 1111/2544/1
f 488/1250/6 1111/1251/6 1109/2557/6 483/2556/6
f 1095/2518/1 1097/2520/1 488/2519/1 483/2515/1
f 1096/2517/1 1099/2524/1 562/1271/1 473/1270/1
